{"textures":{"0":"modelengine:entity/viking_decor","1":"modelengine:entity/viking_decor2"},"elements":[{"from":[7.5,6.333333,7.5],"to":[8.5,18.0,8.5],"faces":{"east":{"uv":[0.75,0.0,1.5,8.75],"tintindex":0,"rotation":0,"texture":"#0"},"south":{"uv":[1.5,0.0,2.25,8.75],"tintindex":0,"rotation":0,"texture":"#0"},"north":{"uv":[0.0,0.0,0.75,8.75],"tintindex":0,"rotation":0,"texture":"#0"},"west":{"uv":[2.25,0.0,3.0,8.75],"tintindex":0,"rotation":0,"texture":"#0"},"up":{"uv":[9.75,4.5,9.0,3.75],"tintindex":0,"rotation":0,"texture":"#0"},"down":{"uv":[9.75,4.5,9.0,5.25],"tintindex":0,"rotation":0,"texture":"#0"}}},{"from":[3.1666665,27.0,6.5],"to":[12.833334,28.0,7.5],"faces":{"east":{"uv":[4.75,1.5,5.125,1.875],"tintindex":0,"rotation":0,"texture":"#1"},"south":{"uv":[4.75,0.375,8.375,0.75],"tintindex":0,"rotation":0,"texture":"#1"},"north":{"uv":[4.75,0.0,8.375,0.375],"tintindex":0,"rotation":0,"texture":"#1"},"west":{"uv":[4.75,1.875,5.125,2.25],"tintindex":0,"rotation":0,"texture":"#1"},"up":{"uv":[8.375,1.125,4.75,0.75],"tintindex":0,"rotation":0,"texture":"#1"},"down":{"uv":[8.375,1.125,4.75,1.5],"tintindex":0,"rotation":0,"texture":"#1"}}},{"from":[7.1666665,5.6666665,7.1666665],"to":[8.833333,6.333333,8.833333],"faces":{"east":{"uv":[9.0,2.25,10.25,2.75],"tintindex":0,"rotation":0,"texture":"#0"},"south":{"uv":[9.0,2.75,10.25,3.25],"tintindex":0,"rotation":0,"texture":"#0"},"north":{"uv":[9.0,1.75,10.25,2.25],"tintindex":0,"rotation":0,"texture":"#0"},"west":{"uv":[9.0,3.25,10.25,3.75],"tintindex":0,"rotation":0,"texture":"#0"},"up":{"uv":[4.25,9.5,3.0,8.25],"tintindex":0,"rotation":0,"texture":"#0"},"down":{"uv":[5.5,8.25,4.25,9.5],"tintindex":0,"rotation":0,"texture":"#0"}}},{"from":[7.25,-2.333334,7.25],"to":[8.75,5.6666665,8.75],"faces":{"east":{"uv":[4.0,0.0,5.0,6.0],"tintindex":0,"rotation":0,"texture":"#0"},"south":{"uv":[5.0,0.0,6.0,6.0],"tintindex":0,"rotation":0,"texture":"#0"},"north":{"uv":[3.0,0.0,4.0,6.0],"tintindex":0,"rotation":0,"texture":"#0"},"west":{"uv":[6.0,0.0,7.0,6.0],"tintindex":0,"rotation":0,"texture":"#0"},"up":{"uv":[3.0,9.75,2.0,8.75],"tintindex":0,"rotation":0,"texture":"#0"},"down":{"uv":[10.0,0.75,9.0,1.75],"tintindex":0,"rotation":0,"texture":"#0"}}},{"from":[3.1666665,12.833334,6.5],"to":[12.833334,13.833334,7.5],"faces":{"east":{"uv":[4.75,1.5,5.125,1.875],"tintindex":0,"rotation":0,"texture":"#1"},"south":{"uv":[4.75,0.375,8.375,0.75],"tintindex":0,"rotation":0,"texture":"#1"},"north":{"uv":[4.75,0.0,8.375,0.375],"tintindex":0,"rotation":0,"texture":"#1"},"west":{"uv":[4.75,1.875,5.125,2.25],"tintindex":0,"rotation":0,"texture":"#1"},"up":{"uv":[8.375,1.125,4.75,0.75],"tintindex":0,"rotation":0,"texture":"#1"},"down":{"uv":[8.375,1.125,4.75,1.5],"tintindex":0,"rotation":0,"texture":"#1"}}},{"from":[4.833333,13.713936,6.1955276],"to":[11.166667,17.04727,6.1955276],"faces":{"south":{"uv":[2.375,2.625,0.0,3.875],"tintindex":0,"rotation":0,"texture":"#1"},"north":{"uv":[0.0,2.625,2.375,3.875],"tintindex":0,"rotation":0,"texture":"#1"}},"rotation":{"origin":[8.0,15.380603,6.1955276],"angle":-22.5,"axis":"x"}},{"from":[4.833333,16.920403,5.557722],"to":[11.166667,23.920403,5.557722],"faces":{"south":{"uv":[2.375,0.0,0.0,2.625],"tintindex":0,"rotation":0,"texture":"#1"},"north":{"uv":[0.0,0.0,2.375,2.625],"tintindex":0,"rotation":0,"texture":"#1"}}},{"from":[6.6666665,-3.333334,6.6666665],"to":[9.333333,-2.333334,9.333333],"faces":{"east":{"uv":[7.5,8.5,9.5,9.25],"tintindex":0,"rotation":0,"texture":"#0"},"south":{"uv":[0.0,8.75,2.0,9.5],"tintindex":0,"rotation":0,"texture":"#0"},"north":{"uv":[5.5,8.5,7.5,9.25],"tintindex":0,"rotation":0,"texture":"#0"},"west":{"uv":[9.0,0.0,11.0,0.75],"tintindex":0,"rotation":0,"texture":"#0"},"up":{"uv":[9.0,6.5,7.0,4.5],"tintindex":0,"rotation":0,"texture":"#0"},"down":{"uv":[9.0,6.5,7.0,8.5],"tintindex":0,"rotation":0,"texture":"#0"}}},{"from":[4.833333,23.793533,6.1955276],"to":[11.166667,27.126867,6.1955276],"faces":{"south":{"uv":[2.375,3.875,0.0,5.125],"tintindex":0,"rotation":0,"texture":"#1"},"north":{"uv":[0.0,3.875,2.375,5.125],"tintindex":0,"rotation":0,"texture":"#1"}},"rotation":{"origin":[8.0,25.460201,6.1955276],"angle":22.5,"axis":"x"}},{"from":[7.5,18.0,7.5],"to":[8.5,29.666668,8.5],"faces":{"east":{"uv":[0.75,0.0,1.5,8.75],"tintindex":0,"rotation":0,"texture":"#0"},"south":{"uv":[1.5,0.0,2.25,8.75],"tintindex":0,"rotation":0,"texture":"#0"},"north":{"uv":[0.0,0.0,0.75,8.75],"tintindex":0,"rotation":0,"texture":"#0"},"west":{"uv":[2.25,0.0,3.0,8.75],"tintindex":0,"rotation":0,"texture":"#0"},"up":{"uv":[9.75,4.5,9.0,3.75],"tintindex":0,"rotation":0,"texture":"#0"},"down":{"uv":[9.75,4.5,9.0,5.25],"tintindex":0,"rotation":0,"texture":"#0"}}}],"display":{"gui":{"rotation":[30,225,0]}}}