{"textures":{"0":"modelengine:entity/viking_rune_stone","1":"modelengine:entity/viking_rune_symbols"},"elements":[{"from":[-2.0,8.0,10.0],"to":[3.0,12.0,15.0],"faces":{"east":{"uv":[9.75,8.5,11.0,9.5],"tintindex":0,"rotation":0,"texture":"#0"},"south":{"uv":[9.75,9.5,11.0,10.5],"tintindex":0,"rotation":0,"texture":"#0"},"north":{"uv":[7.0,9.5,8.25,10.5],"tintindex":0,"rotation":0,"texture":"#0"},"west":{"uv":[5.25,10.25,6.5,11.25],"tintindex":0,"rotation":0,"texture":"#0"},"up":{"uv":[4.0,10.75,2.75,9.5],"tintindex":0,"rotation":0,"texture":"#0"},"down":{"uv":[5.25,9.5,4.0,10.75],"tintindex":0,"rotation":0,"texture":"#0"}}},{"from":[6.0,25.5,12.0],"to":[16.0,30.5,14.0],"faces":{"east":{"uv":[6.5,10.25,7.0,11.5],"tintindex":0,"rotation":0,"texture":"#0"},"south":{"uv":[8.75,3.25,11.25,4.5],"tintindex":0,"rotation":0,"texture":"#0"},"north":{"uv":[8.75,2.0,11.25,3.25],"tintindex":0,"rotation":0,"texture":"#0"},"west":{"uv":[9.25,10.25,9.75,11.5],"tintindex":0,"rotation":0,"texture":"#0"},"up":{"uv":[12.25,8.0,9.75,7.5],"tintindex":0,"rotation":0,"texture":"#0"},"down":{"uv":[12.25,8.0,9.75,8.5],"tintindex":0,"rotation":0,"texture":"#0"}},"rotation":{"origin":[9.5,22.0,13.5],"angle":22.5,"axis":"x"}},{"from":[2.0,8.0,5.0],"to":[5.0,10.0,8.0],"faces":{"east":{"uv":[11.0,5.5,11.75,6.0],"tintindex":0,"rotation":0,"texture":"#0"},"south":{"uv":[11.0,6.0,11.75,6.5],"tintindex":0,"rotation":0,"texture":"#0"},"north":{"uv":[4.25,10.75,5.0,11.25],"tintindex":0,"rotation":0,"texture":"#0"},"west":{"uv":[11.0,6.5,11.75,7.0],"tintindex":0,"rotation":0,"texture":"#0"},"up":{"uv":[9.0,10.25,8.25,9.5],"tintindex":0,"rotation":0,"texture":"#0"},"down":{"uv":[7.75,10.5,7.0,11.25],"tintindex":0,"rotation":0,"texture":"#0"}}},{"from":[0.0,8.0,18.0],"to":[3.0,10.0,21.0],"faces":{"east":{"uv":[0.0,11.25,0.75,11.75],"tintindex":0,"rotation":0,"texture":"#0"},"south":{"uv":[0.75,11.25,1.5,11.75],"tintindex":0,"rotation":0,"texture":"#0"},"north":{"uv":[11.0,10.0,11.75,10.5],"tintindex":0,"rotation":0,"texture":"#0"},"west":{"uv":[11.25,2.0,12.0,2.5],"tintindex":0,"rotation":0,"texture":"#0"},"up":{"uv":[3.5,11.5,2.75,10.75],"tintindex":0,"rotation":0,"texture":"#0"},"down":{"uv":[4.25,10.75,3.5,11.5],"tintindex":0,"rotation":0,"texture":"#0"}}},{"from":[0.0,10.5,12.0],"to":[16.0,25.5,16.0],"faces":{"east":{"uv":[0.0,7.5,1.0,11.25],"tintindex":0,"rotation":0,"texture":"#0"},"south":{"uv":[0.0,3.75,4.0,7.5],"tintindex":0,"rotation":0,"texture":"#0"},"north":{"uv":[0.0,0.0,4.0,3.75],"tintindex":0,"rotation":0,"texture":"#0"},"west":{"uv":[1.0,7.5,2.0,11.25],"tintindex":0,"rotation":0,"texture":"#0"},"up":{"uv":[11.0,6.5,7.0,5.5],"tintindex":0,"rotation":0,"texture":"#0"},"down":{"uv":[11.0,6.5,7.0,7.5],"tintindex":0,"rotation":0,"texture":"#0"}},"rotation":{"origin":[9.5,22.0,13.5],"angle":22.5,"axis":"x"}},{"from":[5.0,8.0,16.0],"to":[12.0,19.0,19.0],"faces":{"east":{"uv":[9.0,7.5,9.75,10.25],"tintindex":0,"rotation":0,"texture":"#0"},"south":{"uv":[7.0,2.75,8.75,5.5],"tintindex":0,"rotation":0,"texture":"#0"},"north":{"uv":[7.0,0.0,8.75,2.75],"tintindex":0,"rotation":0,"texture":"#0"},"west":{"uv":[2.0,9.5,2.75,12.25],"tintindex":0,"rotation":0,"texture":"#0"},"up":{"uv":[10.5,5.25,8.75,4.5],"tintindex":0,"rotation":0,"texture":"#0"},"down":{"uv":[7.0,9.5,5.25,10.25],"tintindex":0,"rotation":0,"texture":"#0"}}},{"from":[3.0,8.0,10.0],"to":[15.0,16.0,17.0],"faces":{"east":{"uv":[2.0,7.5,3.75,9.5],"tintindex":0,"rotation":0,"texture":"#0"},"south":{"uv":[4.0,2.0,7.0,4.0],"tintindex":0,"rotation":0,"texture":"#0"},"north":{"uv":[4.0,0.0,7.0,2.0],"tintindex":0,"rotation":0,"texture":"#0"},"west":{"uv":[3.75,7.5,5.5,9.5],"tintindex":0,"rotation":0,"texture":"#0"},"up":{"uv":[7.0,5.75,4.0,4.0],"tintindex":0,"rotation":0,"texture":"#0"},"down":{"uv":[7.0,5.75,4.0,7.5],"tintindex":0,"rotation":0,"texture":"#0"}}},{"from":[12.0,16.0,15.0],"to":[15.0,18.0,18.0],"faces":{"east":{"uv":[11.0,8.5,11.75,9.0],"tintindex":0,"rotation":0,"texture":"#0"},"south":{"uv":[11.0,9.0,11.75,9.5],"tintindex":0,"rotation":0,"texture":"#0"},"north":{"uv":[11.0,7.0,11.75,7.5],"tintindex":0,"rotation":0,"texture":"#0"},"west":{"uv":[11.0,9.5,11.75,10.0],"tintindex":0,"rotation":0,"texture":"#0"},"up":{"uv":[10.5,11.25,9.75,10.5],"tintindex":0,"rotation":0,"texture":"#0"},"down":{"uv":[11.25,10.5,10.5,11.25],"tintindex":0,"rotation":0,"texture":"#0"}}},{"from":[0.0,10.0,11.9],"to":[16.0,26.0,11.9],"faces":{"south":{"uv":[8.0,8.0,16.0,16.0],"tintindex":0,"rotation":0,"texture":"#1"},"north":{"uv":[0.0,0.0,8.0,8.0],"tintindex":0,"rotation":0,"texture":"#1"}},"rotation":{"origin":[9.5,22.0,13.5],"angle":22.5,"axis":"x"}},{"from":[0.0,6.5,12.0],"to":[14.0,10.5,16.0],"faces":{"east":{"uv":[8.25,10.25,9.25,11.25],"tintindex":0,"rotation":0,"texture":"#0"},"south":{"uv":[5.5,8.5,9.0,9.5],"tintindex":0,"rotation":0,"texture":"#0"},"north":{"uv":[5.5,7.5,9.0,8.5],"tintindex":0,"rotation":0,"texture":"#0"},"west":{"uv":[10.5,4.5,11.5,5.5],"tintindex":0,"rotation":0,"texture":"#0"},"up":{"uv":[12.25,1.0,8.75,0.0],"tintindex":0,"rotation":0,"texture":"#0"},"down":{"uv":[12.25,1.0,8.75,2.0],"tintindex":0,"rotation":0,"texture":"#0"}},"rotation":{"origin":[9.5,22.0,13.5],"angle":22.5,"axis":"x"}}],"display":{"gui":{"rotation":[30,225,0]}}}