{"textures":{"0":"modelengine:entity/voras_pet_red"},"elements":[{"from":[4.5714283,8.328543,8.351179],"to":[11.428572,12.328543,15.779751],"rotation":{"angle":-22.5,"axis":"x","origin":[8.0,8.328543,13.494036]},"faces":{"east":{"uv":[6.75,2.5,8.375,3.375],"rotation":0,"texture":"#0","tintindex":0},"south":{"uv":[4.5,7.25,6.0,8.125],"rotation":0,"texture":"#0","tintindex":0},"north":{"uv":[0.0,7.125,1.5,8.0],"rotation":0,"texture":"#0","tintindex":0},"west":{"uv":[6.5,7.0,8.125,7.875],"rotation":0,"texture":"#0","tintindex":0},"up":{"uv":[6.5,5.625,5.0,4.0],"rotation":0,"texture":"#0","tintindex":0},"down":{"uv":[6.5,5.625,5.0,7.25],"rotation":0,"texture":"#0","tintindex":0}}},{"from":[2.2857141,5.4713993,15.208323],"to":[13.714286,15.185686,26.636894],"rotation":{"angle":-45.0,"axis":"x","origin":[8.0,8.328543,13.494036]},"faces":{"east":{"uv":[2.5,5.0,0.0,7.125],"rotation":0,"texture":"#0","tintindex":0},"south":{"uv":[2.5,4.25,5.0,6.375],"rotation":0,"texture":"#0","tintindex":0},"north":{"uv":[2.5,0.0,5.0,2.125],"rotation":0,"texture":"#0","tintindex":0},"west":{"uv":[0.0,5.0,2.5,7.125],"rotation":0,"texture":"#0","tintindex":0},"up":{"uv":[2.5,2.5,0.0,0.0],"rotation":0,"texture":"#0","tintindex":0},"down":{"uv":[2.5,2.5,0.0,5.0],"rotation":0,"texture":"#0","tintindex":0}}},{"from":[4.0,15.185686,15.779751],"to":[12.0,19.757114,24.922607],"rotation":{"angle":0.0,"axis":"y","origin":[8.0,8.328543,14.065465]},"faces":{"east":{"uv":[2.5,6.375,4.5,7.375],"rotation":0,"texture":"#0","tintindex":0},"south":{"uv":[6.5,6.0,8.25,7.0],"rotation":0,"texture":"#0","tintindex":0},"north":{"uv":[6.5,5.0,8.25,6.0],"rotation":0,"texture":"#0","tintindex":0},"west":{"uv":[6.5,4.0,8.5,5.0],"rotation":0,"texture":"#0","tintindex":0},"up":{"uv":[6.75,2.0,5.0,0.0],"rotation":0,"texture":"#0","tintindex":0},"down":{"uv":[6.75,2.0,5.0,4.0],"rotation":0,"texture":"#0","tintindex":0}}},{"from":[11.428572,12.328543,8.351179],"to":[12.571428,12.328543,15.779751],"rotation":{"angle":-22.5,"axis":"x","origin":[8.0,8.328543,13.494036]},"faces":{"east":{"uv":[0.0,0.0,1.625,0.0],"rotation":0,"texture":"#0","tintindex":0},"south":{"uv":[0.0,0.0,0.25,0.0],"rotation":0,"texture":"#0","tintindex":0},"north":{"uv":[0.0,0.0,0.25,0.0],"rotation":0,"texture":"#0","tintindex":0},"west":{"uv":[0.0,0.0,1.625,0.0],"rotation":0,"texture":"#0","tintindex":0},"up":{"uv":[1.0,10.5,0.75,8.875],"rotation":0,"texture":"#0","tintindex":0},"down":{"uv":[5.5,9.0,5.25,10.625],"rotation":0,"texture":"#0","tintindex":0}}},{"from":[13.714286,15.185686,15.208323],"to":[14.857143,15.185686,26.636894],"rotation":{"angle":-45.0,"axis":"x","origin":[8.0,8.328543,13.494036]},"faces":{"east":{"uv":[0.0,0.0,2.5,0.0],"rotation":0,"texture":"#0","tintindex":0},"south":{"uv":[0.0,0.0,0.25,0.0],"rotation":0,"texture":"#0","tintindex":0},"north":{"uv":[0.0,0.0,0.25,0.0],"rotation":0,"texture":"#0","tintindex":0},"west":{"uv":[0.0,0.0,2.5,0.0],"rotation":0,"texture":"#0","tintindex":0},"up":{"uv":[6.0,10.625,5.75,8.125],"rotation":0,"texture":"#0","tintindex":0},"down":{"uv":[3.0,8.375,2.75,10.875],"rotation":0,"texture":"#0","tintindex":0}}},{"from":[13.714286,5.4713993,26.636894],"to":[13.714286,15.185686,27.77975],"rotation":{"angle":-45.0,"axis":"x","origin":[8.0,8.328543,13.494036]},"faces":{"east":{"uv":[3.75,8.375,4.0,10.5],"rotation":0,"texture":"#0","tintindex":0},"south":{"uv":[0.0,0.0,0.0,2.125],"rotation":0,"texture":"#0","tintindex":0},"north":{"uv":[0.0,0.0,0.0,2.125],"rotation":0,"texture":"#0","tintindex":0},"west":{"uv":[6.625,8.75,6.875,10.875],"rotation":0,"texture":"#0","tintindex":0},"up":{"uv":[0.0,0.25,0.0,0.0],"rotation":0,"texture":"#0","tintindex":0},"down":{"uv":[0.0,0.0,0.0,0.25],"rotation":0,"texture":"#0","tintindex":0}}},{"from":[1.1428566,15.185686,15.208323],"to":[2.2857141,15.185686,26.636894],"rotation":{"angle":-45.0,"axis":"x","origin":[8.0,8.328543,13.494036]},"faces":{"east":{"uv":[2.5,0.0,0.0,0.0],"rotation":0,"texture":"#0","tintindex":0},"south":{"uv":[0.25,0.0,0.0,0.0],"rotation":0,"texture":"#0","tintindex":0},"north":{"uv":[0.25,0.0,0.0,0.0],"rotation":0,"texture":"#0","tintindex":0},"west":{"uv":[2.5,0.0,0.0,0.0],"rotation":0,"texture":"#0","tintindex":0},"up":{"uv":[5.75,10.625,6.0,8.125],"rotation":0,"texture":"#0","tintindex":0},"down":{"uv":[2.75,8.375,3.0,10.875],"rotation":0,"texture":"#0","tintindex":0}}},{"from":[3.4285712,12.328543,8.351179],"to":[4.5714283,12.328543,15.779751],"rotation":{"angle":-22.5,"axis":"x","origin":[8.0,8.328543,13.494036]},"faces":{"east":{"uv":[1.625,0.0,0.0,0.0],"rotation":0,"texture":"#0","tintindex":0},"south":{"uv":[0.25,0.0,0.0,0.0],"rotation":0,"texture":"#0","tintindex":0},"north":{"uv":[0.25,0.0,0.0,0.0],"rotation":0,"texture":"#0","tintindex":0},"west":{"uv":[1.625,0.0,0.0,0.0],"rotation":0,"texture":"#0","tintindex":0},"up":{"uv":[0.75,10.5,1.0,8.875],"rotation":0,"texture":"#0","tintindex":0},"down":{"uv":[5.25,9.0,5.5,10.625],"rotation":0,"texture":"#0","tintindex":0}}},{"from":[2.2857141,5.4713993,26.636894],"to":[2.2857141,15.185686,27.77975],"rotation":{"angle":-45.0,"axis":"x","origin":[8.0,8.328543,13.494036]},"faces":{"east":{"uv":[6.875,8.75,6.625,10.875],"rotation":0,"texture":"#0","tintindex":0},"south":{"uv":[0.0,0.0,0.0,2.125],"rotation":0,"texture":"#0","tintindex":0},"north":{"uv":[0.0,0.0,0.0,2.125],"rotation":0,"texture":"#0","tintindex":0},"west":{"uv":[4.0,8.375,3.75,10.5],"rotation":0,"texture":"#0","tintindex":0},"up":{"uv":[0.0,0.25,0.0,0.0],"rotation":0,"texture":"#0","tintindex":0},"down":{"uv":[0.0,0.0,0.0,0.25],"rotation":0,"texture":"#0","tintindex":0}}},{"from":[4.0,19.428572,24.857143],"to":[12.0,19.428572,26.57143],"rotation":{"angle":22.5,"axis":"x","origin":[8.0,19.428572,25.714287]},"faces":{"east":{"uv":[0.0,0.0,0.375,0.0],"rotation":0,"texture":"#0","tintindex":0},"south":{"uv":[0.0,0.0,1.75,0.0],"rotation":0,"texture":"#0","tintindex":0},"north":{"uv":[0.0,0.0,1.75,0.0],"rotation":0,"texture":"#0","tintindex":0},"west":{"uv":[0.0,0.0,0.375,0.0],"rotation":0,"texture":"#0","tintindex":0},"up":{"uv":[9.875,7.875,8.125,7.5],"rotation":0,"texture":"#0","tintindex":0},"down":{"uv":[10.125,3.0,8.375,3.375],"rotation":0,"texture":"#0","tintindex":0}}}],"display":{"head":{"translation":[0.0,-6.4,0.0],"scale":[4.0,4.0,4.0]}}}