{"textures":{"0":"modelengine:entity/voras_pet_red"},"elements":[{"from":[4.8571424,8.065247,3.386271],"to":[7.714286,10.350961,6.243414],"rotation":{"angle":0.0,"axis":"y","origin":[8.0,6.065246,13.386271]},"faces":{"east":{"uv":[8.125,9.25,7.5,9.75],"rotation":0,"texture":"#0","tintindex":0},"south":{"uv":[7.5,9.25,6.875,9.75],"rotation":0,"texture":"#0","tintindex":0},"north":{"uv":[1.625,9.25,1.0,9.75],"rotation":0,"texture":"#0","tintindex":0},"west":{"uv":[9.875,3.875,9.25,4.375],"rotation":0,"texture":"#0","tintindex":0},"up":{"uv":[3.0,9.75,3.625,9.125],"rotation":0,"texture":"#0","tintindex":0},"down":{"uv":[9.125,7.875,9.75,8.5],"rotation":0,"texture":"#0","tintindex":0}}},{"from":[5.142857,6.065246,3.6719856],"to":[10.857143,10.065247,8.243414],"rotation":{"angle":0.0,"axis":"y","origin":[8.0,6.065246,13.386271]},"faces":{"east":{"uv":[8.0,0.875,9.0,1.75],"rotation":0,"texture":"#0","tintindex":0},"south":{"uv":[7.25,7.875,8.5,8.75],"rotation":0,"texture":"#0","tintindex":0},"north":{"uv":[6.0,7.875,7.25,8.75],"rotation":0,"texture":"#0","tintindex":0},"west":{"uv":[4.0,8.125,5.0,9.0],"rotation":0,"texture":"#0","tintindex":0},"up":{"uv":[2.75,8.375,1.5,7.375],"rotation":0,"texture":"#0","tintindex":0},"down":{"uv":[4.0,7.375,2.75,8.375],"rotation":0,"texture":"#0","tintindex":0}}},{"from":[8.285714,8.065247,3.386271],"to":[11.142858,10.350961,6.243414],"rotation":{"angle":0.0,"axis":"y","origin":[8.0,6.065246,13.386271]},"faces":{"east":{"uv":[9.25,3.875,9.875,4.375],"rotation":0,"texture":"#0","tintindex":0},"south":{"uv":[6.875,9.25,7.5,9.75],"rotation":0,"texture":"#0","tintindex":0},"north":{"uv":[1.0,9.25,1.625,9.75],"rotation":0,"texture":"#0","tintindex":0},"west":{"uv":[7.5,9.25,8.125,9.75],"rotation":0,"texture":"#0","tintindex":0},"up":{"uv":[3.625,9.75,3.0,9.125],"rotation":0,"texture":"#0","tintindex":0},"down":{"uv":[9.75,7.875,9.125,8.5],"rotation":0,"texture":"#0","tintindex":0}}},{"from":[5.142857,10.0,8.571428],"to":[10.857143,11.714286,8.571428],"rotation":{"angle":22.5,"axis":"x","origin":[8.0,10.857143,8.571428]},"faces":{"east":{"uv":[0.0,0.0,0.0,0.375],"rotation":0,"texture":"#0","tintindex":0},"south":{"uv":[9.0,0.875,10.25,1.25],"rotation":0,"texture":"#0","tintindex":0},"north":{"uv":[8.5,4.625,9.75,5.0],"rotation":0,"texture":"#0","tintindex":0},"west":{"uv":[0.0,0.0,0.0,0.375],"rotation":0,"texture":"#0","tintindex":0},"up":{"uv":[1.25,0.0,0.0,0.0],"rotation":0,"texture":"#0","tintindex":0},"down":{"uv":[1.25,0.0,0.0,0.0],"rotation":0,"texture":"#0","tintindex":0}}}],"display":{"head":{"translation":[0.0,-6.4,0.0],"scale":[4.0,4.0,4.0]}}}