{"textures":{"0":"modelengine:entity/ethereal_reaver_damage"},"elements":[{"from":[4.0,9.25,4.0],"to":[12.0,17.25,12.0],"faces":{"east":{"uv":[3.75,9.75,4.75,10.75],"tintindex":0,"rotation":0,"texture":"#0"},"south":{"uv":[4.75,9.75,5.75,10.75],"tintindex":0,"rotation":0,"texture":"#0"},"north":{"uv":[0.75,9.75,1.75,10.75],"tintindex":0,"rotation":0,"texture":"#0"},"west":{"uv":[5.75,9.75,6.75,10.75],"tintindex":0,"rotation":0,"texture":"#0"},"up":{"uv":[10.25,10.875,9.25,9.875],"tintindex":0,"rotation":0,"texture":"#0"},"down":{"uv":[11.0,0.0,10.0,1.0],"tintindex":0,"rotation":0,"texture":"#0"}}},{"from":[3.0,6.25,3.0],"to":[13.0,12.25,13.0],"faces":{"east":{"uv":[10.25,1.75,11.5,2.5],"tintindex":0,"rotation":0,"texture":"#0"},"south":{"uv":[6.75,10.25,8.0,11.0],"tintindex":0,"rotation":0,"texture":"#0"},"north":{"uv":[10.25,1.0,11.5,1.75],"tintindex":0,"rotation":0,"texture":"#0"},"west":{"uv":[10.25,7.25,11.5,8.0],"tintindex":0,"rotation":0,"texture":"#0"},"up":{"uv":[8.0,9.25,6.75,8.0],"tintindex":0,"rotation":0,"texture":"#0"},"down":{"uv":[9.25,8.0,8.0,9.25],"tintindex":0,"rotation":0,"texture":"#0"}}}],"display":{"gui":{"rotation":[30,225,0]}}}