{"textures":{"0":"modelengine:entity/ethereal_reaver_damage"},"elements":[{"from":[5.142857,7.0,5.142857],"to":[10.857143,10.428572,10.857143],"rotation":{"angle":0.0,"axis":"y","origin":[7.428571,-10.1428585,6.285714]},"faces":{"east":{"uv":[10.25,1.75,11.5,2.5],"rotation":0,"texture":"#0","tintindex":0},"south":{"uv":[6.75,10.25,8.0,11.0],"rotation":0,"texture":"#0","tintindex":0},"north":{"uv":[10.25,1.0,11.5,1.75],"rotation":0,"texture":"#0","tintindex":0},"west":{"uv":[10.25,7.25,11.5,8.0],"rotation":0,"texture":"#0","tintindex":0},"up":{"uv":[8.0,9.25,6.75,8.0],"rotation":0,"texture":"#0","tintindex":0},"down":{"uv":[9.25,8.0,8.0,9.25],"rotation":0,"texture":"#0","tintindex":0}}},{"from":[5.714286,8.714286,5.714286],"to":[10.285714,13.285715,10.285714],"rotation":{"angle":0.0,"axis":"y","origin":[7.428571,-10.1428585,6.285714]},"faces":{"east":{"uv":[3.75,9.75,4.75,10.75],"rotation":0,"texture":"#0","tintindex":0},"south":{"uv":[4.75,9.75,5.75,10.75],"rotation":0,"texture":"#0","tintindex":0},"north":{"uv":[0.75,9.75,1.75,10.75],"rotation":0,"texture":"#0","tintindex":0},"west":{"uv":[5.75,9.75,6.75,10.75],"rotation":0,"texture":"#0","tintindex":0},"up":{"uv":[10.25,10.875,9.25,9.875],"rotation":0,"texture":"#0","tintindex":0},"down":{"uv":[11.0,0.0,10.0,1.0],"rotation":0,"texture":"#0","tintindex":0}}}],"display":{"head":{"translation":[0.0,-6.4,0.0],"scale":[4.0,4.0,4.0]}}}