{"textures":{"0":"modelengine:entity/ethereal_reaver_damage"},"elements":[{"from":[6.0,3.4285712,6.285714],"to":[8.857143,8.571428,9.714286],"rotation":{"angle":0.0,"axis":"y","origin":[8.285714,14.571428,8.285714]},"faces":{"east":{"uv":[4.75,10.75,5.5,11.875],"rotation":0,"texture":"#0","tintindex":0},"south":{"uv":[2.375,11.0,3.0,12.125],"rotation":0,"texture":"#0","tintindex":0},"north":{"uv":[1.75,11.0,2.375,12.125],"rotation":0,"texture":"#0","tintindex":0},"west":{"uv":[5.5,10.75,6.25,11.875],"rotation":0,"texture":"#0","tintindex":0},"up":{"uv":[13.25,5.625,12.625,4.875],"rotation":0,"texture":"#0","tintindex":0},"down":{"uv":[5.625,12.625,5.0,13.375],"rotation":0,"texture":"#0","tintindex":0}}}],"display":{"head":{"translation":[0.0,-6.4,0.0],"scale":[4.0,4.0,4.0]}}}