{"textures":{"0":"modelengine:entity/ethereal_reaver_damage"},"elements":[{"from":[8.0,4.5714283,8.0],"to":[11.428572,6.857143,8.0],"rotation":{"angle":0.0,"axis":"y","origin":[13.714286,9.714286,6.5714283]},"faces":{"east":{"uv":[0.0,0.0,0.0,0.5],"rotation":0,"texture":"#0","tintindex":0},"south":{"uv":[13.25,14.875,14.0,15.375],"rotation":0,"texture":"#0","tintindex":0},"north":{"uv":[14.0,14.875,13.25,15.375],"rotation":0,"texture":"#0","tintindex":0},"west":{"uv":[0.0,0.0,0.0,0.5],"rotation":0,"texture":"#0","tintindex":0},"up":{"uv":[0.75,0.0,0.0,0.0],"rotation":0,"texture":"#0","tintindex":0},"down":{"uv":[0.75,0.0,0.0,0.0],"rotation":0,"texture":"#0","tintindex":0}}},{"from":[8.0,5.714286,7.714286],"to":[9.142858,8.0,8.285714],"rotation":{"angle":0.0,"axis":"y","origin":[13.714286,9.714286,6.5714283]},"faces":{"east":{"uv":[3.625,11.5,3.75,12.0],"rotation":0,"texture":"#0","tintindex":0},"south":{"uv":[14.25,13.75,14.5,14.25],"rotation":0,"texture":"#0","tintindex":0},"north":{"uv":[10.5,14.25,10.75,14.75],"rotation":0,"texture":"#0","tintindex":0},"west":{"uv":[11.75,3.625,11.875,4.125],"rotation":0,"texture":"#0","tintindex":0},"up":{"uv":[11.25,1.0,11.0,0.875],"rotation":0,"texture":"#0","tintindex":0},"down":{"uv":[11.25,7.125,11.0,7.25],"rotation":0,"texture":"#0","tintindex":0}}}],"display":{"head":{"translation":[0.0,-6.4,0.0],"scale":[4.0,4.0,4.0]}}}