{"textures":{"0":"modelengine:entity/ethereal_reaver_damage"},"elements":[{"from":[0.6499996,3.0,10.0],"to":[3.6499996,9.0,10.0],"faces":{"south":{"uv":[15.625,0.0,16.0,0.75],"tintindex":0,"rotation":0,"texture":"#0"},"north":{"uv":[16.0,0.0,15.625,0.75],"tintindex":0,"rotation":0,"texture":"#0"}},"rotation":{"origin":[2.5,6.0,9.0],"angle":22.5,"axis":"y"}},{"from":[5.0,-4.0,6.0],"to":[8.0,10.0,10.0],"faces":{"east":{"uv":[3.75,10.75,4.25,12.5],"tintindex":0,"rotation":0,"texture":"#0"},"south":{"uv":[10.75,11.625,11.125,13.375],"tintindex":0,"rotation":0,"texture":"#0"},"north":{"uv":[11.625,0.875,12.0,2.625],"tintindex":0,"rotation":0,"texture":"#0"},"west":{"uv":[4.25,10.75,4.75,12.5],"tintindex":0,"rotation":0,"texture":"#0"},"up":{"uv":[14.375,13.0,14.0,12.5],"tintindex":0,"rotation":0,"texture":"#0"},"down":{"uv":[14.25,14.0,13.875,14.5],"tintindex":0,"rotation":0,"texture":"#0"}}},{"from":[1.0,3.0,6.0],"to":[4.0,9.0,6.0],"faces":{"south":{"uv":[15.625,0.0,16.0,0.75],"tintindex":0,"rotation":0,"texture":"#0"},"north":{"uv":[16.0,0.0,15.625,0.75],"tintindex":0,"rotation":0,"texture":"#0"}},"rotation":{"origin":[2.5,6.0,6.0],"angle":-22.5,"axis":"y"}},{"from":[4.2928934,-4.0,9.707107],"to":[4.2928934,1.0,11.707107],"faces":{"east":{"uv":[16.0,7.875,15.75,8.5],"tintindex":0,"rotation":0,"texture":"#0"},"north":{"uv":[11.625,0.875,12.0,2.625],"tintindex":0,"rotation":0,"texture":"#0"},"west":{"uv":[15.75,7.875,16.0,8.5],"tintindex":0,"rotation":0,"texture":"#0"}},"rotation":{"origin":[4.2928934,-1.5,10.707107],"angle":-45.0,"axis":"y"}},{"from":[3.0,3.0,4.0],"to":[5.0,15.0,12.0],"faces":{"east":{"uv":[8.5,5.75,9.5,7.25],"tintindex":0,"rotation":0,"texture":"#0"},"south":{"uv":[5.75,13.375,6.0,14.875],"tintindex":0,"rotation":0,"texture":"#0"},"north":{"uv":[3.0,13.375,3.25,14.875],"tintindex":0,"rotation":0,"texture":"#0"},"west":{"uv":[9.0,0.0,10.0,1.5],"tintindex":0,"rotation":0,"texture":"#0"},"up":{"uv":[5.25,14.875,5.0,13.875],"tintindex":0,"rotation":0,"texture":"#0"},"down":{"uv":[5.5,13.875,5.25,14.875],"tintindex":0,"rotation":0,"texture":"#0"}}}],"display":{"gui":{"rotation":[30,225,0]}}}