{"textures":{"0":"modelengine:entity/ethereal_reaver_damage"},"elements":[{"from":[8.0,2.0,8.0],"to":[14.0,6.0,8.0],"faces":{"south":{"uv":[13.25,14.875,14.0,15.375],"tintindex":0,"rotation":0,"texture":"#0"},"north":{"uv":[14.0,14.875,13.25,15.375],"tintindex":0,"rotation":0,"texture":"#0"}}},{"from":[8.0,4.0,7.5],"to":[10.0,8.0,8.5],"faces":{"east":{"uv":[3.625,11.5,3.75,12.0],"tintindex":0,"rotation":0,"texture":"#0"},"south":{"uv":[14.25,13.75,14.5,14.25],"tintindex":0,"rotation":0,"texture":"#0"},"north":{"uv":[10.5,14.25,10.75,14.75],"tintindex":0,"rotation":0,"texture":"#0"},"west":{"uv":[11.75,3.625,11.875,4.125],"tintindex":0,"rotation":0,"texture":"#0"},"up":{"uv":[11.25,1.0,11.0,0.875],"tintindex":0,"rotation":0,"texture":"#0"},"down":{"uv":[11.25,7.125,11.0,7.25],"tintindex":0,"rotation":0,"texture":"#0"}}}],"display":{"gui":{"rotation":[30,225,0]}}}