{"textures":{"0":"modelengine:entity/ethereal_reaver_damage"},"elements":[{"from":[8.0,4.5714283,8.0],"to":[11.428572,6.857143,8.0],"rotation":{"angle":0.0,"axis":"y","origin":[13.714286,9.714286,6.5714283]},"faces":{"east":{"uv":[0.0,0.0,0.0,0.5],"rotation":0,"texture":"#0","tintindex":0},"south":{"uv":[13.25,14.875,14.0,15.375],"rotation":0,"texture":"#0","tintindex":0},"north":{"uv":[14.0,14.875,13.25,15.375],"rotation":0,"texture":"#0","tintindex":0},"west":{"uv":[0.0,0.0,0.0,0.5],"rotation":0,"texture":"#0","tintindex":0},"up":{"uv":[0.75,0.0,0.0,0.0],"rotation":0,"texture":"#0","tintindex":0},"down":{"uv":[0.75,0.0,0.0,0.0],"rotation":0,"texture":"#0","tintindex":0}}},{"from":[8.0,5.714286,7.714286],"to":[9.142858,8.0,8.285714],"rotation":{"angle":0.0,"axis":"y","origin":[13.714286,9.714286,6.5714283]},"faces":{"east":{"uv":[11.5,1.375,11.625,1.875],"rotation":0,"texture":"#0","tintindex":0},"south":{"uv":[10.25,14.25,10.5,14.75],"rotation":0,"texture":"#0","tintindex":0},"north":{"uv":[14.25,2.75,14.5,3.25],"rotation":0,"texture":"#0","tintindex":0},"west":{"uv":[11.5,1.875,11.625,2.375],"rotation":0,"texture":"#0","tintindex":0},"up":{"uv":[10.75,8.875,10.5,8.75],"rotation":0,"texture":"#0","tintindex":0},"down":{"uv":[11.0,7.125,10.75,7.25],"rotation":0,"texture":"#0","tintindex":0}}}],"display":{"head":{"translation":[0.0,-6.4,0.0],"scale":[4.0,4.0,4.0]}}}