{"textures":{"0":"modelengine:entity/ethereal_reaver_damage"},"elements":[{"from":[7.142857,0.0,5.714286],"to":[8.857143,8.0,8.0],"rotation":{"angle":0.0,"axis":"y","origin":[12.857143,-1.7142859,4.5714283]},"faces":{"east":{"uv":[0.75,10.75,1.25,12.5],"rotation":0,"texture":"#0","tintindex":0},"south":{"uv":[11.5,6.25,11.875,8.0],"rotation":0,"texture":"#0","tintindex":0},"north":{"uv":[11.5,4.5,11.875,6.25],"rotation":0,"texture":"#0","tintindex":0},"west":{"uv":[1.25,10.75,1.75,12.5],"rotation":0,"texture":"#0","tintindex":0},"up":{"uv":[14.375,12.5,14.0,12.0],"rotation":0,"texture":"#0","tintindex":0},"down":{"uv":[12.625,14.0,12.25,14.5],"rotation":0,"texture":"#0","tintindex":0}}}],"display":{"head":{"translation":[0.0,-6.4,0.0],"scale":[4.0,4.0,4.0]}}}