{"textures":{"0":"modelengine:entity/ethereal_reaver_damage"},"elements":[{"from":[8.0,4.5714283,8.0],"to":[11.428572,6.857143,8.0],"rotation":{"angle":0.0,"axis":"y","origin":[13.714286,9.714286,6.5714283]},"faces":{"east":{"uv":[0.0,0.0,0.0,0.5],"rotation":0,"texture":"#0","tintindex":0},"south":{"uv":[13.25,14.875,14.0,15.375],"rotation":0,"texture":"#0","tintindex":0},"north":{"uv":[14.0,14.875,13.25,15.375],"rotation":0,"texture":"#0","tintindex":0},"west":{"uv":[0.0,0.0,0.0,0.5],"rotation":0,"texture":"#0","tintindex":0},"up":{"uv":[0.75,0.0,0.0,0.0],"rotation":0,"texture":"#0","tintindex":0},"down":{"uv":[0.75,0.0,0.0,0.0],"rotation":0,"texture":"#0","tintindex":0}}},{"from":[8.0,5.714286,7.714286],"to":[9.142858,8.0,8.285714],"rotation":{"angle":0.0,"axis":"y","origin":[13.714286,9.714286,6.5714283]},"faces":{"east":{"uv":[3.625,12.0,3.75,12.5],"rotation":0,"texture":"#0","tintindex":0},"south":{"uv":[14.375,0.5,14.625,1.0],"rotation":0,"texture":"#0","tintindex":0},"north":{"uv":[14.25,14.25,14.5,14.75],"rotation":0,"texture":"#0","tintindex":0},"west":{"uv":[11.75,13.125,11.875,13.625],"rotation":0,"texture":"#0","tintindex":0},"up":{"uv":[11.5,1.0,11.25,0.875],"rotation":0,"texture":"#0","tintindex":0},"down":{"uv":[11.5,7.125,11.25,7.25],"rotation":0,"texture":"#0","tintindex":0}}}],"display":{"head":{"translation":[0.0,-6.4,0.0],"scale":[4.0,4.0,4.0]}}}