{"textures":{"0":"modelengine:entity/ethereal_reaver_damage"},"elements":[{"from":[7.142857,5.142857,8.0],"to":[8.857143,8.0,10.857143],"rotation":{"angle":0.0,"axis":"y","origin":[8.857143,19.142857,10.0]},"faces":{"east":{"uv":[3.625,13.125,4.25,13.75],"rotation":0,"texture":"#0","tintindex":0},"south":{"uv":[9.875,13.875,10.25,14.5],"rotation":0,"texture":"#0","tintindex":0},"north":{"uv":[7.125,13.875,7.5,14.5],"rotation":0,"texture":"#0","tintindex":0},"west":{"uv":[13.125,9.875,13.75,10.5],"rotation":0,"texture":"#0","tintindex":0},"up":{"uv":[0.375,14.625,0.0,14.0],"rotation":0,"texture":"#0","tintindex":0},"down":{"uv":[0.75,14.0,0.375,14.625],"rotation":0,"texture":"#0","tintindex":0}}},{"from":[7.142857,0.0,8.0],"to":[8.857143,5.142857,9.714286],"rotation":{"angle":0.0,"axis":"y","origin":[8.857143,19.142857,10.0]},"faces":{"east":{"uv":[7.875,12.875,8.25,14.0],"rotation":0,"texture":"#0","tintindex":0},"south":{"uv":[9.25,12.875,9.625,14.0],"rotation":0,"texture":"#0","tintindex":0},"north":{"uv":[7.5,12.875,7.875,14.0],"rotation":0,"texture":"#0","tintindex":0},"west":{"uv":[11.875,12.875,12.25,14.0],"rotation":0,"texture":"#0","tintindex":0},"up":{"uv":[11.125,14.5,10.75,14.125],"rotation":0,"texture":"#0","tintindex":0},"down":{"uv":[14.5,11.125,14.125,11.5],"rotation":0,"texture":"#0","tintindex":0}}}],"display":{"head":{"translation":[0.0,-6.4,0.0],"scale":[4.0,4.0,4.0]}}}