{"textures":{"0":"modelengine:entity/ethereal_reaver_damage"},"elements":[{"from":[7.0,2.0,6.0],"to":[9.0,8.0,11.0],"faces":{"east":{"uv":[12.625,6.375,13.25,7.125],"tintindex":0,"rotation":0,"texture":"#0"},"south":{"uv":[13.625,14.0,13.875,14.75],"tintindex":0,"rotation":0,"texture":"#0"},"north":{"uv":[13.375,14.0,13.625,14.75],"tintindex":0,"rotation":0,"texture":"#0"},"west":{"uv":[12.625,7.125,13.25,7.875],"tintindex":0,"rotation":0,"texture":"#0"},"up":{"uv":[14.375,9.75,14.125,9.125],"tintindex":0,"rotation":0,"texture":"#0"},"down":{"uv":[14.375,9.75,14.125,10.375],"tintindex":0,"rotation":0,"texture":"#0"}}}],"display":{"gui":{"rotation":[30,225,0]}}}