{"textures":{"0":"modelengine:entity/ethereal_reaver_damage"},"elements":[{"from":[6.5,-9.536743E-7,5.0],"to":[11.5,9.0,11.0],"faces":{"east":{"uv":[10.75,6.0,11.5,7.125],"tintindex":0,"rotation":0,"texture":"#0"},"south":{"uv":[3.0,11.0,3.625,12.125],"tintindex":0,"rotation":0,"texture":"#0"},"north":{"uv":[11.0,2.5,11.625,3.625],"tintindex":0,"rotation":0,"texture":"#0"},"west":{"uv":[10.75,8.0,11.5,9.125],"tintindex":0,"rotation":0,"texture":"#0"},"up":{"uv":[6.25,13.375,5.625,12.625],"tintindex":0,"rotation":0,"texture":"#0"},"down":{"uv":[13.25,5.625,12.625,6.375],"tintindex":0,"rotation":0,"texture":"#0"}}}],"display":{"gui":{"rotation":[30,225,0]}}}