{"textures":{"0":"modelengine:entity/ethereal_reaver_damage"},"elements":[{"from":[7.142857,3.4285712,6.285714],"to":[10.0,8.571428,9.714286],"rotation":{"angle":0.0,"axis":"y","origin":[7.714286,14.571428,8.285714]},"faces":{"east":{"uv":[10.75,6.0,11.5,7.125],"rotation":0,"texture":"#0","tintindex":0},"south":{"uv":[3.0,11.0,3.625,12.125],"rotation":0,"texture":"#0","tintindex":0},"north":{"uv":[11.0,2.5,11.625,3.625],"rotation":0,"texture":"#0","tintindex":0},"west":{"uv":[10.75,8.0,11.5,9.125],"rotation":0,"texture":"#0","tintindex":0},"up":{"uv":[6.25,13.375,5.625,12.625],"rotation":0,"texture":"#0","tintindex":0},"down":{"uv":[13.25,5.625,12.625,6.375],"rotation":0,"texture":"#0","tintindex":0}}}],"display":{"head":{"translation":[0.0,-6.4,0.0],"scale":[4.0,4.0,4.0]}}}