{"textures":{"0":"modelengine:entity/ethereal_reaver_damage"},"elements":[{"from":[6.5,-6.0,4.0],"to":[9.5,8.0,8.0],"faces":{"east":{"uv":[10.25,8.875,10.75,10.625],"tintindex":0,"rotation":0,"texture":"#0"},"south":{"uv":[7.0,11.0,7.375,12.75],"tintindex":0,"rotation":0,"texture":"#0"},"north":{"uv":[6.625,11.0,7.0,12.75],"tintindex":0,"rotation":0,"texture":"#0"},"west":{"uv":[10.5,2.5,11.0,4.25],"tintindex":0,"rotation":0,"texture":"#0"},"up":{"uv":[14.375,5.875,14.0,5.375],"tintindex":0,"rotation":0,"texture":"#0"},"down":{"uv":[14.375,7.25,14.0,7.75],"tintindex":0,"rotation":0,"texture":"#0"}}}],"display":{"gui":{"rotation":[30,225,0]}}}