{"textures":{"0":"modelengine:entity/ethereal_reaver_damage"},"elements":[{"from":[8.0,1.1428566,6.857143],"to":[9.714286,9.142858,9.142858],"rotation":{"angle":0.0,"axis":"y","origin":[4.0,-8.57143,5.714286]},"faces":{"east":{"uv":[10.5,4.25,11.0,6.0],"rotation":0,"texture":"#0","tintindex":0},"south":{"uv":[11.375,10.375,11.75,12.125],"rotation":0,"texture":"#0","tintindex":0},"north":{"uv":[7.375,11.0,7.75,12.75],"rotation":0,"texture":"#0","tintindex":0},"west":{"uv":[10.25,10.625,10.75,12.375],"rotation":0,"texture":"#0","tintindex":0},"up":{"uv":[14.375,12.0,14.0,11.5],"rotation":0,"texture":"#0","tintindex":0},"down":{"uv":[12.25,14.0,11.875,14.5],"rotation":0,"texture":"#0","tintindex":0}}},{"from":[9.714286,5.142857,5.714286],"to":[10.857143,12.0,10.285714],"rotation":{"angle":0.0,"axis":"y","origin":[4.0,-8.57143,5.714286]},"faces":{"east":{"uv":[10.0,0.0,9.0,1.5],"rotation":0,"texture":"#0","tintindex":0},"south":{"uv":[6.0,13.375,5.75,14.875],"rotation":0,"texture":"#0","tintindex":0},"north":{"uv":[3.25,13.375,3.0,14.875],"rotation":0,"texture":"#0","tintindex":0},"west":{"uv":[9.5,5.75,8.5,7.25],"rotation":0,"texture":"#0","tintindex":0},"up":{"uv":[5.0,14.875,5.25,13.875],"rotation":0,"texture":"#0","tintindex":0},"down":{"uv":[5.25,13.875,5.5,14.875],"rotation":0,"texture":"#0","tintindex":0}}},{"from":[10.285714,5.142857,6.857143],"to":[12.0,8.571428,6.857143],"rotation":{"angle":22.5,"axis":"y","origin":[11.142858,6.857143,6.857143]},"faces":{"east":{"uv":[9.0,0.0,9.0,3.0],"rotation":0,"texture":"#0","tintindex":0},"south":{"uv":[16.0,0.0,15.625,0.75],"rotation":0,"texture":"#0","tintindex":0},"north":{"uv":[15.625,0.0,16.0,0.75],"rotation":0,"texture":"#0","tintindex":0},"west":{"uv":[8.5,5.75,8.5,8.75],"rotation":0,"texture":"#0","tintindex":0},"up":{"uv":[7.5,8.875,9.0,8.875],"rotation":0,"texture":"#0","tintindex":0},"down":{"uv":[7.75,8.875,9.25,8.875],"rotation":0,"texture":"#0","tintindex":0}}},{"from":[10.485714,5.142857,9.142858],"to":[12.200001,8.571428,9.142858],"rotation":{"angle":-22.5,"axis":"y","origin":[11.142858,6.857143,8.571428]},"faces":{"east":{"uv":[9.0,0.0,9.0,3.0],"rotation":0,"texture":"#0","tintindex":0},"south":{"uv":[16.0,0.0,15.625,0.75],"rotation":0,"texture":"#0","tintindex":0},"north":{"uv":[15.625,0.0,16.0,0.75],"rotation":0,"texture":"#0","tintindex":0},"west":{"uv":[8.5,5.75,8.5,8.75],"rotation":0,"texture":"#0","tintindex":0},"up":{"uv":[7.5,8.875,9.0,8.875],"rotation":0,"texture":"#0","tintindex":0},"down":{"uv":[7.75,8.875,9.25,8.875],"rotation":0,"texture":"#0","tintindex":0}}},{"from":[10.118347,1.1428566,8.97549],"to":[10.118347,4.0,10.118347],"rotation":{"angle":45.0,"axis":"y","origin":[10.118347,2.5714283,9.546918]},"faces":{"east":{"uv":[16.0,7.875,15.75,8.5],"rotation":0,"texture":"#0","tintindex":0},"south":{"uv":[15.625,11.875,15.625,14.375],"rotation":0,"texture":"#0","tintindex":0},"north":{"uv":[12.0,0.875,11.625,2.625],"rotation":0,"texture":"#0","tintindex":0},"west":{"uv":[15.75,7.875,16.0,8.5],"rotation":0,"texture":"#0","tintindex":0},"up":{"uv":[16.0,14.5,16.0,13.5],"rotation":0,"texture":"#0","tintindex":0},"down":{"uv":[15.875,15.0,15.875,16.0],"rotation":0,"texture":"#0","tintindex":0}}}],"display":{"head":{"translation":[0.0,-6.4,0.0],"scale":[4.0,4.0,4.0]}}}