{"textures":{"0":"modelengine:entity/ethereal_reaver_damage"},"elements":[{"from":[7.142857,0.0,5.714286],"to":[8.857143,8.0,8.0],"rotation":{"angle":0.0,"axis":"y","origin":[3.142857,-1.7142859,4.5714283]},"faces":{"east":{"uv":[10.25,8.875,10.75,10.625],"rotation":0,"texture":"#0","tintindex":0},"south":{"uv":[7.0,11.0,7.375,12.75],"rotation":0,"texture":"#0","tintindex":0},"north":{"uv":[6.625,11.0,7.0,12.75],"rotation":0,"texture":"#0","tintindex":0},"west":{"uv":[10.5,2.5,11.0,4.25],"rotation":0,"texture":"#0","tintindex":0},"up":{"uv":[14.375,5.875,14.0,5.375],"rotation":0,"texture":"#0","tintindex":0},"down":{"uv":[14.375,7.25,14.0,7.75],"rotation":0,"texture":"#0","tintindex":0}}}],"display":{"head":{"translation":[0.0,-6.4,0.0],"scale":[4.0,4.0,4.0]}}}