{"textures":{"0":"modelengine:entity/ethereal_reaver_damage"},"elements":[{"from":[6.5,3.0000005,8.0],"to":[9.5,8.0,13.0],"faces":{"east":{"uv":[13.125,10.5,13.75,11.125],"tintindex":0,"rotation":0,"texture":"#0"},"south":{"uv":[14.0,1.125,14.375,1.75],"tintindex":0,"rotation":0,"texture":"#0"},"north":{"uv":[14.0,0.5,14.375,1.125],"tintindex":0,"rotation":0,"texture":"#0"},"west":{"uv":[11.125,13.125,11.75,13.75],"tintindex":0,"rotation":0,"texture":"#0"},"up":{"uv":[14.375,3.875,14.0,3.25],"tintindex":0,"rotation":0,"texture":"#0"},"down":{"uv":[14.375,4.75,14.0,5.375],"tintindex":0,"rotation":0,"texture":"#0"}}},{"from":[6.5,-6.0,8.0],"to":[9.5,3.0000005,11.0],"faces":{"east":{"uv":[12.25,12.875,12.625,14.0],"tintindex":0,"rotation":0,"texture":"#0"},"south":{"uv":[0.75,13.125,1.125,14.25],"tintindex":0,"rotation":0,"texture":"#0"},"north":{"uv":[12.875,12.125,13.25,13.25],"tintindex":0,"rotation":0,"texture":"#0"},"west":{"uv":[1.125,13.125,1.5,14.25],"tintindex":0,"rotation":0,"texture":"#0"},"up":{"uv":[14.5,13.375,14.125,13.0],"tintindex":0,"rotation":0,"texture":"#0"},"down":{"uv":[14.5,13.375,14.125,13.75],"tintindex":0,"rotation":0,"texture":"#0"}}}],"display":{"gui":{"rotation":[30,225,0]}}}