{"textures":{"0":"modelengine:entity/ethereal_reaver_damage"},"elements":[{"from":[7.428571,4.5714283,6.857143],"to":[8.571428,8.0,9.714286],"rotation":{"angle":0.0,"axis":"y","origin":[2.8571424,6.285714,5.714286]},"faces":{"east":{"uv":[9.25,12.125,9.875,12.875],"rotation":0,"texture":"#0","tintindex":0},"south":{"uv":[7.5,14.0,7.75,14.75],"rotation":0,"texture":"#0","tintindex":0},"north":{"uv":[5.5,13.875,5.75,14.625],"rotation":0,"texture":"#0","tintindex":0},"west":{"uv":[4.375,12.625,5.0,13.375],"rotation":0,"texture":"#0","tintindex":0},"up":{"uv":[14.375,2.375,14.125,1.75],"rotation":0,"texture":"#0","tintindex":0},"down":{"uv":[14.375,6.25,14.125,6.875],"rotation":0,"texture":"#0","tintindex":0}}}],"display":{"head":{"translation":[0.0,-6.4,0.0],"scale":[4.0,4.0,4.0]}}}