{"textures":{"0":"modelengine:entity/ethereal_reaver_damage"},"elements":[{"from":[4.5714283,4.5714283,8.0],"to":[8.0,6.857143,8.0],"rotation":{"angle":0.0,"axis":"y","origin":[2.2857141,9.714286,6.5714283]},"faces":{"east":{"uv":[0.0,0.0,0.0,0.5],"rotation":0,"texture":"#0","tintindex":0},"south":{"uv":[14.125,13.5,13.375,14.0],"rotation":0,"texture":"#0","tintindex":0},"north":{"uv":[13.375,13.5,14.125,14.0],"rotation":0,"texture":"#0","tintindex":0},"west":{"uv":[0.0,0.0,0.0,0.5],"rotation":0,"texture":"#0","tintindex":0},"up":{"uv":[0.75,0.0,0.0,0.0],"rotation":0,"texture":"#0","tintindex":0},"down":{"uv":[0.75,0.0,0.0,0.0],"rotation":0,"texture":"#0","tintindex":0}}},{"from":[6.857143,5.714286,7.714286],"to":[8.0,8.0,8.285714],"rotation":{"angle":0.0,"axis":"y","origin":[2.2857141,9.714286,6.5714283]},"faces":{"east":{"uv":[11.375,4.5,11.5,5.0],"rotation":0,"texture":"#0","tintindex":0},"south":{"uv":[0.75,14.25,1.0,14.75],"rotation":0,"texture":"#0","tintindex":0},"north":{"uv":[14.25,0.0,14.5,0.5],"rotation":0,"texture":"#0","tintindex":0},"west":{"uv":[11.375,5.0,11.5,5.5],"rotation":0,"texture":"#0","tintindex":0},"up":{"uv":[9.25,2.625,9.0,2.5],"rotation":0,"texture":"#0","tintindex":0},"down":{"uv":[9.25,2.625,9.0,2.75],"rotation":0,"texture":"#0","tintindex":0}}}],"display":{"head":{"translation":[0.0,-6.4,0.0],"scale":[4.0,4.0,4.0]}}}