{"textures":{"2":"modelengine:entity/ethereal_reaver","4":"modelengine:entity/sword_swing"},"elements":[{"from":[7.800448,-10.822987,7.479971],"to":[8.600448,-4.8229866,8.679971],"rotation":{"angle":0.0,"axis":"y","origin":[8.200448,-7.8229866,8.07997]},"faces":{"east":{"uv":[6.25,10.75,6.625,12.625],"rotation":0,"texture":"#2","tintindex":0},"south":{"uv":[10.5,12.375,10.75,14.25],"rotation":0,"texture":"#2","tintindex":0},"north":{"uv":[10.25,12.375,10.5,14.25],"rotation":0,"texture":"#2","tintindex":0},"west":{"uv":[9.875,10.875,10.25,12.75],"rotation":0,"texture":"#2","tintindex":0},"up":{"uv":[12.25,2.625,12.0,2.25],"rotation":0,"texture":"#2","tintindex":0},"down":{"uv":[1.75,12.5,1.5,12.875],"rotation":0,"texture":"#2","tintindex":0}}},{"from":[7.6004477,-4.8229866,7.2799706],"to":[8.800447,-3.6229868,8.879971],"rotation":{"angle":0.0,"axis":"y","origin":[8.000448,-6.622986,7.8799706]},"faces":{"east":{"uv":[13.75,10.75,14.25,11.125],"rotation":0,"texture":"#2","tintindex":0},"south":{"uv":[14.125,2.375,14.5,2.75],"rotation":0,"texture":"#2","tintindex":0},"north":{"uv":[12.0,10.0,12.375,10.375],"rotation":0,"texture":"#2","tintindex":0},"west":{"uv":[14.0,3.875,14.5,4.25],"rotation":0,"texture":"#2","tintindex":0},"up":{"uv":[8.125,14.5,7.75,14.0],"rotation":0,"texture":"#2","tintindex":0},"down":{"uv":[14.375,7.75,14.0,8.25],"rotation":0,"texture":"#2","tintindex":0}}},{"from":[7.6004477,-12.022987,7.2799706],"to":[8.800447,-10.822987,8.879971],"rotation":{"angle":0.0,"axis":"y","origin":[8.000448,-13.822987,7.8799706]},"faces":{"east":{"uv":[14.0,5.875,14.5,6.25],"rotation":0,"texture":"#2","tintindex":0},"south":{"uv":[14.125,10.375,14.5,10.75],"rotation":0,"texture":"#2","tintindex":0},"north":{"uv":[14.125,4.25,14.5,4.625],"rotation":0,"texture":"#2","tintindex":0},"west":{"uv":[14.0,8.25,14.5,8.625],"rotation":0,"texture":"#2","tintindex":0},"up":{"uv":[14.375,9.125,14.0,8.625],"rotation":0,"texture":"#2","tintindex":0},"down":{"uv":[9.625,14.0,9.25,14.5],"rotation":0,"texture":"#2","tintindex":0}}},{"from":[7.200448,-4.422987,7.079971],"to":[9.200448,-1.2229862,11.079971],"rotation":{"angle":-22.5,"axis":"x","origin":[8.200448,-2.0229864,8.279971]},"faces":{"east":{"uv":[9.25,2.5,10.5,3.5],"rotation":0,"texture":"#2","tintindex":0},"south":{"uv":[11.75,10.375,12.375,11.375],"rotation":0,"texture":"#2","tintindex":0},"north":{"uv":[11.625,2.625,12.25,3.625],"rotation":0,"texture":"#2","tintindex":0},"west":{"uv":[9.25,3.5,10.5,4.5],"rotation":0,"texture":"#2","tintindex":0},"up":{"uv":[11.375,11.625,10.75,10.375],"rotation":0,"texture":"#2","tintindex":0},"down":{"uv":[8.625,10.875,8.0,12.125],"rotation":0,"texture":"#2","tintindex":0}}},{"from":[7.200448,-4.422987,5.09954],"to":[9.200448,-1.2229862,9.099541],"rotation":{"angle":22.5,"axis":"x","origin":[8.200448,-2.0229864,7.8995404]},"faces":{"east":{"uv":[9.25,4.5,10.5,5.5],"rotation":0,"texture":"#2","tintindex":0},"south":{"uv":[11.875,3.625,12.5,4.625],"rotation":0,"texture":"#2","tintindex":0},"north":{"uv":[11.75,11.375,12.375,12.375],"rotation":0,"texture":"#2","tintindex":0},"west":{"uv":[6.75,9.25,8.0,10.25],"rotation":0,"texture":"#2","tintindex":0},"up":{"uv":[9.25,12.125,8.625,10.875],"rotation":0,"texture":"#2","tintindex":0},"down":{"uv":[9.875,10.875,9.25,12.125],"rotation":0,"texture":"#2","tintindex":0}}},{"from":[7.6004477,-1.9295263,6.815102],"to":[8.800447,1.2704725,10.015102],"rotation":{"angle":45.0,"axis":"x","origin":[8.200448,0.07047367,8.015102]},"faces":{"east":{"uv":[1.75,10.0,2.75,11.0],"rotation":0,"texture":"#2","tintindex":0},"south":{"uv":[1.875,13.375,2.25,14.375],"rotation":0,"texture":"#2","tintindex":0},"north":{"uv":[1.5,13.375,1.875,14.375],"rotation":0,"texture":"#2","tintindex":0},"west":{"uv":[2.75,10.0,1.75,11.0],"rotation":0,"texture":"#2","tintindex":0},"up":{"uv":[2.625,14.375,2.25,13.375],"rotation":0,"texture":"#2","tintindex":0},"down":{"uv":[3.0,13.375,2.625,14.375],"rotation":0,"texture":"#2","tintindex":0}}},{"from":[6.8004475,-3.6229868,4.69954],"to":[9.600448,-2.0229864,6.2995405],"rotation":{"angle":22.5,"axis":"x","origin":[8.200448,-2.0229864,7.8995404]},"faces":{"east":{"uv":[8.0,5.75,8.5,6.25],"rotation":0,"texture":"#2","tintindex":0},"south":{"uv":[6.25,12.75,7.125,13.25],"rotation":0,"texture":"#2","tintindex":0},"north":{"uv":[12.75,1.5,13.625,2.0],"rotation":0,"texture":"#2","tintindex":0},"west":{"uv":[11.5,8.5,12.0,9.0],"rotation":0,"texture":"#2","tintindex":0},"up":{"uv":[13.625,8.375,12.75,7.875],"rotation":0,"texture":"#2","tintindex":0},"down":{"uv":[13.625,8.375,12.75,8.875],"rotation":0,"texture":"#2","tintindex":0}}},{"from":[6.8004475,-3.6229868,10.260401],"to":[9.600448,-2.0229864,11.860401],"rotation":{"angle":-22.5,"axis":"x","origin":[8.200448,-2.0229864,8.660401]},"faces":{"east":{"uv":[8.5,5.75,8.0,6.25],"rotation":0,"texture":"#2","tintindex":0},"south":{"uv":[13.625,1.5,12.75,2.0],"rotation":0,"texture":"#2","tintindex":0},"north":{"uv":[7.125,12.75,6.25,13.25],"rotation":0,"texture":"#2","tintindex":0},"west":{"uv":[12.0,8.5,11.5,9.0],"rotation":0,"texture":"#2","tintindex":0},"up":{"uv":[13.625,7.875,12.75,8.375],"rotation":0,"texture":"#2","tintindex":0},"down":{"uv":[13.625,8.875,12.75,8.375],"rotation":0,"texture":"#2","tintindex":0}}},{"from":[9.220448,-4.6123695,4.560687],"to":[9.220448,-0.21236897,11.760687],"rotation":{"angle":0.0,"axis":"y","origin":[8.240448,-1.0123692,9.360687]},"faces":{"east":{"uv":[6.75,0.0,9.0,1.375],"rotation":0,"texture":"#2","tintindex":0},"south":{"uv":[0.0,0.0,0.0,1.375],"rotation":0,"texture":"#2","tintindex":0},"north":{"uv":[0.0,0.0,0.0,1.375],"rotation":0,"texture":"#2","tintindex":0},"west":{"uv":[9.0,0.0,6.75,1.375],"rotation":0,"texture":"#2","tintindex":0},"up":{"uv":[0.0,2.25,0.0,0.0],"rotation":0,"texture":"#2","tintindex":0},"down":{"uv":[0.0,0.0,0.0,2.25],"rotation":0,"texture":"#2","tintindex":0}}},{"from":[7.1804476,-4.6123695,4.560687],"to":[7.1804476,-0.21236897,11.760687],"rotation":{"angle":0.0,"axis":"y","origin":[8.240448,-1.0123692,9.360687]},"faces":{"east":{"uv":[6.75,0.0,9.0,1.375],"rotation":0,"texture":"#2","tintindex":0},"south":{"uv":[0.0,0.0,0.0,1.375],"rotation":0,"texture":"#2","tintindex":0},"north":{"uv":[0.0,0.0,0.0,1.375],"rotation":0,"texture":"#2","tintindex":0},"west":{"uv":[9.0,0.0,6.75,1.375],"rotation":0,"texture":"#2","tintindex":0},"up":{"uv":[0.0,2.25,0.0,0.0],"rotation":0,"texture":"#2","tintindex":0},"down":{"uv":[0.0,0.0,0.0,2.25],"rotation":0,"texture":"#2","tintindex":0}}},{"from":[7.6004477,1.8077316,5.118046],"to":[8.800447,4.2077312,7.518046],"rotation":{"angle":45.0,"axis":"x","origin":[8.200448,3.0077314,6.318046]},"faces":{"east":{"uv":[4.75,11.875,5.5,12.625],"rotation":0,"texture":"#2","tintindex":0},"south":{"uv":[10.75,13.375,11.125,14.125],"rotation":0,"texture":"#2","tintindex":0},"north":{"uv":[3.75,9.0,4.125,9.75],"rotation":0,"texture":"#2","tintindex":0},"west":{"uv":[11.875,5.375,12.625,6.125],"rotation":0,"texture":"#2","tintindex":0},"up":{"uv":[14.0,1.25,13.625,0.5],"rotation":0,"texture":"#2","tintindex":0},"down":{"uv":[14.0,1.25,13.625,2.0],"rotation":0,"texture":"#2","tintindex":0}}},{"from":[7.6004477,1.8077316,8.512158],"to":[8.800447,4.2077312,10.912159],"rotation":{"angle":-45.0,"axis":"x","origin":[8.200448,3.0077314,9.712158]},"faces":{"east":{"uv":[5.5,11.875,6.25,12.625],"rotation":0,"texture":"#2","tintindex":0},"south":{"uv":[13.625,4.75,14.0,5.5],"rotation":0,"texture":"#2","tintindex":0},"north":{"uv":[3.25,13.625,3.625,14.375],"rotation":0,"texture":"#2","tintindex":0},"west":{"uv":[11.875,6.125,12.625,6.875],"rotation":0,"texture":"#2","tintindex":0},"up":{"uv":[14.0,6.25,13.625,5.5],"rotation":0,"texture":"#2","tintindex":0},"down":{"uv":[14.0,7.75,13.625,8.5],"rotation":0,"texture":"#2","tintindex":0}}},{"from":[7.6004477,3.0077314,6.215102],"to":[8.800447,23.007732,9.815103],"rotation":{"angle":0.0,"axis":"y","origin":[7.840448,5.8077316,8.615103]},"faces":{"east":{"uv":[4.5,0.0,5.625,6.25],"rotation":0,"texture":"#2","tintindex":0},"south":{"uv":[0.375,7.75,0.75,14.0],"rotation":0,"texture":"#2","tintindex":0},"north":{"uv":[0.0,7.75,0.375,14.0],"rotation":0,"texture":"#2","tintindex":0},"west":{"uv":[5.625,0.0,6.75,6.25],"rotation":0,"texture":"#2","tintindex":0},"up":{"uv":[7.5,13.875,7.125,12.75],"rotation":0,"texture":"#2","tintindex":0},"down":{"uv":[10.25,12.75,9.875,13.875],"rotation":0,"texture":"#2","tintindex":0}}},{"from":[7.6004477,6.2077312,8.512158],"to":[8.800447,8.607733,10.912159],"rotation":{"angle":-45.0,"axis":"x","origin":[8.200448,7.407732,9.712158]},"faces":{"east":{"uv":[11.875,6.875,12.625,7.625],"rotation":0,"texture":"#2","tintindex":0},"south":{"uv":[13.625,8.5,14.0,9.25],"rotation":0,"texture":"#2","tintindex":0},"north":{"uv":[8.5,13.625,8.875,14.375],"rotation":0,"texture":"#2","tintindex":0},"west":{"uv":[12.0,0.75,12.75,1.5],"rotation":0,"texture":"#2","tintindex":0},"up":{"uv":[9.25,14.375,8.875,13.625],"rotation":0,"texture":"#2","tintindex":0},"down":{"uv":[14.125,2.0,13.75,2.75],"rotation":0,"texture":"#2","tintindex":0}}},{"from":[7.6004477,6.2077312,5.118046],"to":[8.800447,8.607733,7.518046],"rotation":{"angle":45.0,"axis":"x","origin":[8.200448,7.407732,6.318046]},"faces":{"east":{"uv":[12.0,1.5,12.75,2.25],"rotation":0,"texture":"#2","tintindex":0},"south":{"uv":[6.0,13.75,6.375,14.5],"rotation":0,"texture":"#2","tintindex":0},"north":{"uv":[3.625,13.75,4.0,14.5],"rotation":0,"texture":"#2","tintindex":0},"west":{"uv":[12.0,8.5,12.75,9.25],"rotation":0,"texture":"#2","tintindex":0},"up":{"uv":[6.75,14.5,6.375,13.75],"rotation":0,"texture":"#2","tintindex":0},"down":{"uv":[7.125,13.75,6.75,14.5],"rotation":0,"texture":"#2","tintindex":0}}},{"from":[7.6004477,11.007732,8.512158],"to":[8.800447,13.407732,10.912159],"rotation":{"angle":-45.0,"axis":"x","origin":[8.200448,12.207731,9.712158]},"faces":{"east":{"uv":[12.0,9.25,12.75,10.0],"rotation":0,"texture":"#2","tintindex":0},"south":{"uv":[13.75,10.0,14.125,10.75],"rotation":0,"texture":"#2","tintindex":0},"north":{"uv":[13.75,9.25,14.125,10.0],"rotation":0,"texture":"#2","tintindex":0},"west":{"uv":[1.75,12.125,2.5,12.875],"rotation":0,"texture":"#2","tintindex":0},"up":{"uv":[11.5,14.5,11.125,13.75],"rotation":0,"texture":"#2","tintindex":0},"down":{"uv":[11.875,13.75,11.5,14.5],"rotation":0,"texture":"#2","tintindex":0}}},{"from":[7.6004477,11.007732,5.118046],"to":[8.800447,13.407732,7.518046],"rotation":{"angle":45.0,"axis":"x","origin":[8.200448,12.207731,6.318046]},"faces":{"east":{"uv":[2.5,12.125,3.25,12.875],"rotation":0,"texture":"#2","tintindex":0},"south":{"uv":[13.0,13.75,13.375,14.5],"rotation":0,"texture":"#2","tintindex":0},"north":{"uv":[12.625,13.75,13.0,14.5],"rotation":0,"texture":"#2","tintindex":0},"west":{"uv":[7.75,12.125,8.5,12.875],"rotation":0,"texture":"#2","tintindex":0},"up":{"uv":[4.375,14.625,4.0,13.875],"rotation":0,"texture":"#2","tintindex":0},"down":{"uv":[4.75,13.875,4.375,14.625],"rotation":0,"texture":"#2","tintindex":0}}},{"from":[7.6004477,20.607735,5.6151023],"to":[8.800447,25.407734,10.415102],"rotation":{"angle":45.0,"axis":"x","origin":[7.840448,23.007732,8.015102]},"faces":{"east":{"uv":[6.75,2.75,8.25,4.25],"rotation":0,"texture":"#2","tintindex":0},"south":{"uv":[3.25,12.125,3.625,13.625],"rotation":0,"texture":"#2","tintindex":0},"north":{"uv":[11.0,4.5,11.375,6.0],"rotation":0,"texture":"#2","tintindex":0},"west":{"uv":[6.75,4.25,8.25,5.75],"rotation":0,"texture":"#2","tintindex":0},"up":{"uv":[8.875,13.625,8.5,12.125],"rotation":0,"texture":"#2","tintindex":0},"down":{"uv":[9.25,12.125,8.875,13.625],"rotation":0,"texture":"#2","tintindex":0}}},{"from":[8.840048,1.2077322,4.62099],"to":[8.840048,26.007732,11.82099],"rotation":{"angle":0.0,"axis":"y","origin":[7.820048,6.607733,9.42099]},"faces":{"east":{"uv":[0.0,0.0,2.25,7.75],"rotation":0,"texture":"#2","tintindex":0},"south":{"uv":[0.0,0.0,0.0,7.75],"rotation":0,"texture":"#2","tintindex":0},"north":{"uv":[0.0,0.0,0.0,7.75],"rotation":0,"texture":"#2","tintindex":0},"west":{"uv":[2.25,0.0,0.0,7.75],"rotation":0,"texture":"#2","tintindex":0},"up":{"uv":[0.0,2.25,0.0,0.0],"rotation":0,"texture":"#2","tintindex":0},"down":{"uv":[0.0,0.0,0.0,2.25],"rotation":0,"texture":"#2","tintindex":0}}},{"from":[7.5924478,1.2077322,4.62099],"to":[7.5924478,26.007732,11.82099],"rotation":{"angle":0.0,"axis":"y","origin":[7.820048,6.607733,9.42099]},"faces":{"east":{"uv":[0.0,0.0,2.25,7.75],"rotation":0,"texture":"#2","tintindex":0},"south":{"uv":[0.0,0.0,0.0,7.75],"rotation":0,"texture":"#2","tintindex":0},"north":{"uv":[0.0,0.0,0.0,7.75],"rotation":0,"texture":"#2","tintindex":0},"west":{"uv":[2.25,0.0,0.0,7.75],"rotation":0,"texture":"#2","tintindex":0},"up":{"uv":[0.0,2.25,0.0,0.0],"rotation":0,"texture":"#2","tintindex":0},"down":{"uv":[0.0,0.0,0.0,2.25],"rotation":0,"texture":"#2","tintindex":0}}},{"from":[8.3,0.0,-11.6],"to":[8.3,32.0,20.400002],"rotation":{"angle":45.0,"axis":"x","origin":[8.3,12.4,8.0]},"faces":{"east":{"uv":[16.0,0.0,0.0,16.0],"rotation":0,"texture":"#4","tintindex":0},"south":{"uv":[5.0,5.0,5.125,10.0],"rotation":0,"texture":"#4","tintindex":0},"north":{"uv":[5.0,0.0,5.125,5.0],"rotation":0,"texture":"#4","tintindex":0},"west":{"uv":[0.0,0.0,16.0,16.0],"rotation":0,"texture":"#4","tintindex":0},"up":{"uv":[5.25,5.0,5.125,0.0],"rotation":0,"texture":"#4","tintindex":0},"down":{"uv":[5.25,5.0,5.125,10.0],"rotation":0,"texture":"#4","tintindex":0}}}],"display":{"head":{"translation":[0.0,73.6,0.0],"scale":[4.0,4.0,4.0]}}}