{"textures":{"2":"modelengine:entity/ethereal_reaver","4":"modelengine:entity/sword_swing"},"elements":[{"from":[7.590224,11.693815,6.280343],"to":[7.590224,13.893816,9.880343],"faces":{"east":{"uv":[6.75,0.0,9.0,1.375],"tintindex":0,"rotation":0,"texture":"#2"},"west":{"uv":[9.0,0.0,6.75,1.375],"tintindex":0,"rotation":0,"texture":"#2"}}},{"from":[7.8002243,24.303865,6.807551],"to":[8.400225,26.703865,9.207551],"faces":{"east":{"uv":[6.75,2.75,8.25,4.25],"tintindex":0,"rotation":0,"texture":"#2"},"south":{"uv":[3.25,12.125,3.625,13.625],"tintindex":0,"rotation":0,"texture":"#2"},"north":{"uv":[11.0,4.5,11.375,6.0],"tintindex":0,"rotation":0,"texture":"#2"},"west":{"uv":[6.75,4.25,8.25,5.75],"tintindex":0,"rotation":0,"texture":"#2"},"up":{"uv":[8.875,13.625,8.5,12.125],"tintindex":0,"rotation":0,"texture":"#2"},"down":{"uv":[9.25,12.125,8.875,13.625],"tintindex":0,"rotation":0,"texture":"#2"}},"rotation":{"origin":[7.920224,25.503866,8.007551],"angle":45.0,"axis":"x"}},{"from":[8.15,14.0,-1.8000002],"to":[8.15,30.0,14.200001],"faces":{"east":{"uv":[16.0,0.0,0.0,16.0],"tintindex":0,"rotation":0,"texture":"#4"},"south":{"uv":[5.0,5.0,5.125,10.0],"tintindex":0,"rotation":0,"texture":"#4"},"north":{"uv":[5.0,0.0,5.125,5.0],"tintindex":0,"rotation":0,"texture":"#4"},"west":{"uv":[0.0,0.0,16.0,16.0],"tintindex":0,"rotation":0,"texture":"#4"},"up":{"uv":[5.25,5.0,5.125,0.0],"tintindex":0,"rotation":0,"texture":"#4"},"down":{"uv":[5.25,5.0,5.125,10.0],"tintindex":0,"rotation":0,"texture":"#4"}},"rotation":{"origin":[8.15,20.2,8.0],"angle":45.0,"axis":"x"}},{"from":[7.400224,12.188507,9.1302],"to":[8.800224,12.988507,9.930201],"faces":{"east":{"uv":[8.5,5.75,8.0,6.25],"tintindex":0,"rotation":0,"texture":"#2"},"south":{"uv":[13.625,1.5,12.75,2.0],"tintindex":0,"rotation":0,"texture":"#2"},"north":{"uv":[7.125,12.75,6.25,13.25],"tintindex":0,"rotation":0,"texture":"#2"},"west":{"uv":[12.0,8.5,11.5,9.0],"tintindex":0,"rotation":0,"texture":"#2"},"up":{"uv":[13.625,7.875,12.75,8.375],"tintindex":0,"rotation":0,"texture":"#2"},"down":{"uv":[13.625,8.875,12.75,8.375],"tintindex":0,"rotation":0,"texture":"#2"}},"rotation":{"origin":[8.1002245,12.988507,8.3302],"angle":-22.5,"axis":"x"}},{"from":[7.6002245,11.788507,6.5497704],"to":[8.6002245,13.388508,8.54977],"faces":{"east":{"uv":[9.25,4.5,10.5,5.5],"tintindex":0,"rotation":0,"texture":"#2"},"south":{"uv":[11.875,3.625,12.5,4.625],"tintindex":0,"rotation":0,"texture":"#2"},"north":{"uv":[11.75,11.375,12.375,12.375],"tintindex":0,"rotation":0,"texture":"#2"},"west":{"uv":[6.75,9.25,8.0,10.25],"tintindex":0,"rotation":0,"texture":"#2"},"up":{"uv":[9.25,12.125,8.625,10.875],"tintindex":0,"rotation":0,"texture":"#2"},"down":{"uv":[9.875,10.875,9.25,12.125],"tintindex":0,"rotation":0,"texture":"#2"}},"rotation":{"origin":[8.1002245,12.988507,7.94977],"angle":22.5,"axis":"x"}},{"from":[7.8002243,15.503866,7.107551],"to":[8.400225,25.503866,8.907551],"faces":{"east":{"uv":[4.5,0.0,5.625,6.25],"tintindex":0,"rotation":0,"texture":"#2"},"south":{"uv":[0.375,7.75,0.75,14.0],"tintindex":0,"rotation":0,"texture":"#2"},"north":{"uv":[0.0,7.75,0.375,14.0],"tintindex":0,"rotation":0,"texture":"#2"},"west":{"uv":[5.625,0.0,6.75,6.25],"tintindex":0,"rotation":0,"texture":"#2"},"up":{"uv":[7.5,13.875,7.125,12.75],"tintindex":0,"rotation":0,"texture":"#2"},"down":{"uv":[10.25,12.75,9.875,13.875],"tintindex":0,"rotation":0,"texture":"#2"}}},{"from":[7.8002243,19.503868,6.559023],"to":[8.400225,20.703867,7.759023],"faces":{"east":{"uv":[2.5,12.125,3.25,12.875],"tintindex":0,"rotation":0,"texture":"#2"},"south":{"uv":[13.0,13.75,13.375,14.5],"tintindex":0,"rotation":0,"texture":"#2"},"north":{"uv":[12.625,13.75,13.0,14.5],"tintindex":0,"rotation":0,"texture":"#2"},"west":{"uv":[7.75,12.125,8.5,12.875],"tintindex":0,"rotation":0,"texture":"#2"},"up":{"uv":[4.375,14.625,4.0,13.875],"tintindex":0,"rotation":0,"texture":"#2"},"down":{"uv":[4.75,13.875,4.375,14.625],"tintindex":0,"rotation":0,"texture":"#2"}},"rotation":{"origin":[8.1002245,20.103867,7.159023],"angle":45.0,"axis":"x"}},{"from":[7.6002245,11.788507,7.539985],"to":[8.6002245,13.388508,9.539986],"faces":{"east":{"uv":[9.25,2.5,10.5,3.5],"tintindex":0,"rotation":0,"texture":"#2"},"south":{"uv":[11.75,10.375,12.375,11.375],"tintindex":0,"rotation":0,"texture":"#2"},"north":{"uv":[11.625,2.625,12.25,3.625],"tintindex":0,"rotation":0,"texture":"#2"},"west":{"uv":[9.25,3.5,10.5,4.5],"tintindex":0,"rotation":0,"texture":"#2"},"up":{"uv":[11.375,11.625,10.75,10.375],"tintindex":0,"rotation":0,"texture":"#2"},"down":{"uv":[8.625,10.875,8.0,12.125],"tintindex":0,"rotation":0,"texture":"#2"}},"rotation":{"origin":[8.1002245,12.988507,8.139985],"angle":-22.5,"axis":"x"}},{"from":[7.8002243,14.903866,6.559023],"to":[8.400225,16.103867,7.759023],"faces":{"east":{"uv":[4.75,11.875,5.5,12.625],"tintindex":0,"rotation":0,"texture":"#2"},"south":{"uv":[10.75,13.375,11.125,14.125],"tintindex":0,"rotation":0,"texture":"#2"},"north":{"uv":[3.75,9.0,4.125,9.75],"tintindex":0,"rotation":0,"texture":"#2"},"west":{"uv":[11.875,5.375,12.625,6.125],"tintindex":0,"rotation":0,"texture":"#2"},"up":{"uv":[14.0,1.25,13.625,0.5],"tintindex":0,"rotation":0,"texture":"#2"},"down":{"uv":[14.0,1.25,13.625,2.0],"tintindex":0,"rotation":0,"texture":"#2"}},"rotation":{"origin":[8.1002245,15.503866,7.159023],"angle":45.0,"axis":"x"}},{"from":[8.420024,14.603867,6.310495],"to":[8.420024,27.003866,9.910495],"faces":{"east":{"uv":[0.0,0.0,2.25,7.75],"tintindex":0,"rotation":0,"texture":"#2"},"west":{"uv":[2.25,0.0,0.0,7.75],"tintindex":0,"rotation":0,"texture":"#2"}}},{"from":[7.900224,8.588507,7.7399855],"to":[8.300224,11.588507,8.339985],"faces":{"east":{"uv":[6.25,10.75,6.625,12.625],"tintindex":0,"rotation":0,"texture":"#2"},"south":{"uv":[10.5,12.375,10.75,14.25],"tintindex":0,"rotation":0,"texture":"#2"},"north":{"uv":[10.25,12.375,10.5,14.25],"tintindex":0,"rotation":0,"texture":"#2"},"west":{"uv":[9.875,10.875,10.25,12.75],"tintindex":0,"rotation":0,"texture":"#2"},"up":{"uv":[12.25,2.625,12.0,2.25],"tintindex":0,"rotation":0,"texture":"#2"},"down":{"uv":[1.75,12.5,1.5,12.875],"tintindex":0,"rotation":0,"texture":"#2"}}},{"from":[7.8002243,17.103867,8.25608],"to":[8.400225,18.303867,9.4560795],"faces":{"east":{"uv":[11.875,6.875,12.625,7.625],"tintindex":0,"rotation":0,"texture":"#2"},"south":{"uv":[13.625,8.5,14.0,9.25],"tintindex":0,"rotation":0,"texture":"#2"},"north":{"uv":[8.5,13.625,8.875,14.375],"tintindex":0,"rotation":0,"texture":"#2"},"west":{"uv":[12.0,0.75,12.75,1.5],"tintindex":0,"rotation":0,"texture":"#2"},"up":{"uv":[9.25,14.375,8.875,13.625],"tintindex":0,"rotation":0,"texture":"#2"},"down":{"uv":[14.125,2.0,13.75,2.75],"tintindex":0,"rotation":0,"texture":"#2"}},"rotation":{"origin":[8.1002245,17.703865,8.856079],"angle":-45.0,"axis":"x"}},{"from":[7.8002243,14.903866,8.25608],"to":[8.400225,16.103867,9.4560795],"faces":{"east":{"uv":[5.5,11.875,6.25,12.625],"tintindex":0,"rotation":0,"texture":"#2"},"south":{"uv":[13.625,4.75,14.0,5.5],"tintindex":0,"rotation":0,"texture":"#2"},"north":{"uv":[3.25,13.625,3.625,14.375],"tintindex":0,"rotation":0,"texture":"#2"},"west":{"uv":[11.875,6.125,12.625,6.875],"tintindex":0,"rotation":0,"texture":"#2"},"up":{"uv":[14.0,6.25,13.625,5.5],"tintindex":0,"rotation":0,"texture":"#2"},"down":{"uv":[14.0,7.75,13.625,8.5],"tintindex":0,"rotation":0,"texture":"#2"}},"rotation":{"origin":[8.1002245,15.503866,8.856079],"angle":-45.0,"axis":"x"}},{"from":[7.8002243,7.988507,7.6399856],"to":[8.400225,8.588507,8.439985],"faces":{"east":{"uv":[14.0,5.875,14.5,6.25],"tintindex":0,"rotation":0,"texture":"#2"},"south":{"uv":[14.125,10.375,14.5,10.75],"tintindex":0,"rotation":0,"texture":"#2"},"north":{"uv":[14.125,4.25,14.5,4.625],"tintindex":0,"rotation":0,"texture":"#2"},"west":{"uv":[14.0,8.25,14.5,8.625],"tintindex":0,"rotation":0,"texture":"#2"},"up":{"uv":[14.375,9.125,14.0,8.625],"tintindex":0,"rotation":0,"texture":"#2"},"down":{"uv":[9.625,14.0,9.25,14.5],"tintindex":0,"rotation":0,"texture":"#2"}}},{"from":[7.400224,12.188507,6.34977],"to":[8.800224,12.988507,7.1497703],"faces":{"east":{"uv":[8.0,5.75,8.5,6.25],"tintindex":0,"rotation":0,"texture":"#2"},"south":{"uv":[6.25,12.75,7.125,13.25],"tintindex":0,"rotation":0,"texture":"#2"},"north":{"uv":[12.75,1.5,13.625,2.0],"tintindex":0,"rotation":0,"texture":"#2"},"west":{"uv":[11.5,8.5,12.0,9.0],"tintindex":0,"rotation":0,"texture":"#2"},"up":{"uv":[13.625,8.375,12.75,7.875],"tintindex":0,"rotation":0,"texture":"#2"},"down":{"uv":[13.625,8.375,12.75,8.875],"tintindex":0,"rotation":0,"texture":"#2"}},"rotation":{"origin":[8.1002245,12.988507,7.94977],"angle":22.5,"axis":"x"}},{"from":[7.8002243,11.588507,7.6399856],"to":[8.400225,12.188507,8.439985],"faces":{"east":{"uv":[13.75,10.75,14.25,11.125],"tintindex":0,"rotation":0,"texture":"#2"},"south":{"uv":[14.125,2.375,14.5,2.75],"tintindex":0,"rotation":0,"texture":"#2"},"north":{"uv":[12.0,10.0,12.375,10.375],"tintindex":0,"rotation":0,"texture":"#2"},"west":{"uv":[14.0,3.875,14.5,4.25],"tintindex":0,"rotation":0,"texture":"#2"},"up":{"uv":[8.125,14.5,7.75,14.0],"tintindex":0,"rotation":0,"texture":"#2"},"down":{"uv":[14.375,7.75,14.0,8.25],"tintindex":0,"rotation":0,"texture":"#2"}}},{"from":[8.610224,11.693815,6.280343],"to":[8.610224,13.893816,9.880343],"faces":{"east":{"uv":[6.75,0.0,9.0,1.375],"tintindex":0,"rotation":0,"texture":"#2"},"west":{"uv":[9.0,0.0,6.75,1.375],"tintindex":0,"rotation":0,"texture":"#2"}}},{"from":[7.8002243,17.103867,6.559023],"to":[8.400225,18.303867,7.759023],"faces":{"east":{"uv":[12.0,1.5,12.75,2.25],"tintindex":0,"rotation":0,"texture":"#2"},"south":{"uv":[6.0,13.75,6.375,14.5],"tintindex":0,"rotation":0,"texture":"#2"},"north":{"uv":[3.625,13.75,4.0,14.5],"tintindex":0,"rotation":0,"texture":"#2"},"west":{"uv":[12.0,8.5,12.75,9.25],"tintindex":0,"rotation":0,"texture":"#2"},"up":{"uv":[6.75,14.5,6.375,13.75],"tintindex":0,"rotation":0,"texture":"#2"},"down":{"uv":[7.125,13.75,6.75,14.5],"tintindex":0,"rotation":0,"texture":"#2"}},"rotation":{"origin":[8.1002245,17.703865,7.159023],"angle":45.0,"axis":"x"}},{"from":[7.8002243,19.503868,8.25608],"to":[8.400225,20.703867,9.4560795],"faces":{"east":{"uv":[12.0,9.25,12.75,10.0],"tintindex":0,"rotation":0,"texture":"#2"},"south":{"uv":[13.75,10.0,14.125,10.75],"tintindex":0,"rotation":0,"texture":"#2"},"north":{"uv":[13.75,9.25,14.125,10.0],"tintindex":0,"rotation":0,"texture":"#2"},"west":{"uv":[1.75,12.125,2.5,12.875],"tintindex":0,"rotation":0,"texture":"#2"},"up":{"uv":[11.5,14.5,11.125,13.75],"tintindex":0,"rotation":0,"texture":"#2"},"down":{"uv":[11.875,13.75,11.5,14.5],"tintindex":0,"rotation":0,"texture":"#2"}},"rotation":{"origin":[8.1002245,20.103867,8.856079],"angle":-45.0,"axis":"x"}},{"from":[7.8002243,13.035237,7.4075513],"to":[8.400225,14.635237,9.007551],"faces":{"east":{"uv":[1.75,10.0,2.75,11.0],"tintindex":0,"rotation":0,"texture":"#2"},"south":{"uv":[1.875,13.375,2.25,14.375],"tintindex":0,"rotation":0,"texture":"#2"},"north":{"uv":[1.5,13.375,1.875,14.375],"tintindex":0,"rotation":0,"texture":"#2"},"west":{"uv":[2.75,10.0,1.75,11.0],"tintindex":0,"rotation":0,"texture":"#2"},"up":{"uv":[2.625,14.375,2.25,13.375],"tintindex":0,"rotation":0,"texture":"#2"},"down":{"uv":[3.0,13.375,2.625,14.375],"tintindex":0,"rotation":0,"texture":"#2"}},"rotation":{"origin":[8.1002245,14.035237,8.007551],"angle":45.0,"axis":"x"}},{"from":[7.796224,14.603867,6.310495],"to":[7.796224,27.003866,9.910495],"faces":{"east":{"uv":[0.0,0.0,2.25,7.75],"tintindex":0,"rotation":0,"texture":"#2"},"west":{"uv":[2.25,0.0,0.0,7.75],"tintindex":0,"rotation":0,"texture":"#2"}}}],"display":{"gui":{"rotation":[30,225,0]}}}