{"textures":{"0":"modelengine:entity/ethereal_reaver_damage"},"elements":[{"from":[5.5,3.76223,3.845664],"to":[10.5,7.76223,10.845664],"faces":{"east":{"uv":[12.75,0.5,13.625,1.0],"tintindex":0,"rotation":0,"texture":"#0"},"south":{"uv":[13.25,3.75,14.0,4.25],"tintindex":0,"rotation":0,"texture":"#0"},"north":{"uv":[13.25,3.25,14.0,3.75],"tintindex":0,"rotation":0,"texture":"#0"},"west":{"uv":[12.75,1.0,13.625,1.5],"tintindex":0,"rotation":0,"texture":"#0"},"up":{"uv":[11.75,0.875,11.0,0.0],"tintindex":0,"rotation":0,"texture":"#0"},"down":{"uv":[11.75,3.625,11.0,4.5],"tintindex":0,"rotation":0,"texture":"#0"}},"rotation":{"origin":[8.0,6.26223,6.845664],"angle":-22.5,"axis":"x"}},{"from":[5.0,5.5,2.5],"to":[11.0,11.5,4.5],"faces":{"east":{"uv":[10.5,8.0,10.75,8.75],"tintindex":0,"rotation":0,"texture":"#0"},"south":{"uv":[11.875,4.625,12.625,5.375],"tintindex":0,"rotation":0,"texture":"#0"},"north":{"uv":[11.75,0.0,12.5,0.75],"tintindex":0,"rotation":0,"texture":"#0"},"west":{"uv":[11.125,11.625,11.375,12.375],"tintindex":0,"rotation":0,"texture":"#0"},"up":{"uv":[2.5,10.0,1.75,9.75],"tintindex":0,"rotation":0,"texture":"#0"},"down":{"uv":[12.625,7.625,11.875,7.875],"tintindex":0,"rotation":0,"texture":"#0"}}},{"from":[5.0,10.5,5.5],"to":[11.0,15.5,10.5],"faces":{"east":{"uv":[13.0,2.0,13.625,2.625],"tintindex":0,"rotation":0,"texture":"#0"},"south":{"uv":[3.625,12.5,4.375,13.125],"tintindex":0,"rotation":0,"texture":"#0"},"north":{"uv":[0.75,12.5,1.5,13.125],"tintindex":0,"rotation":0,"texture":"#0"},"west":{"uv":[13.125,2.625,13.75,3.25],"tintindex":0,"rotation":0,"texture":"#0"},"up":{"uv":[13.25,4.25,12.5,3.625],"tintindex":0,"rotation":0,"texture":"#0"},"down":{"uv":[13.375,4.25,12.625,4.875],"tintindex":0,"rotation":0,"texture":"#0"}}},{"from":[8.0,16.937477,-1.3826694],"to":[16.0,24.937477,1.6173306],"faces":{"east":{"uv":[13.25,4.875,13.625,5.875],"tintindex":0,"rotation":0,"texture":"#0"},"south":{"uv":[9.5,5.5,10.5,6.5],"tintindex":0,"rotation":0,"texture":"#0"},"north":{"uv":[9.25,8.875,10.25,9.875],"tintindex":0,"rotation":0,"texture":"#0"},"west":{"uv":[13.25,5.875,13.625,6.875],"tintindex":0,"rotation":0,"texture":"#0"},"up":{"uv":[14.125,11.5,13.125,11.125],"tintindex":0,"rotation":0,"texture":"#0"},"down":{"uv":[14.25,6.875,13.25,7.25],"tintindex":0,"rotation":0,"texture":"#0"}},"rotation":{"origin":[8.0,21.437477,4.6173306],"angle":-22.5,"axis":"x"}},{"from":[1.0,17.937477,0.61733055],"to":[15.0,23.937477,10.617331],"faces":{"east":{"uv":[9.5,6.5,10.75,7.25],"tintindex":0,"rotation":0,"texture":"#0"},"south":{"uv":[0.75,9.0,2.5,9.75],"tintindex":0,"rotation":0,"texture":"#0"},"north":{"uv":[8.5,7.25,10.25,8.0],"tintindex":0,"rotation":0,"texture":"#0"},"west":{"uv":[8.0,10.125,9.25,10.875],"tintindex":0,"rotation":0,"texture":"#0"},"up":{"uv":[2.5,9.0,0.75,7.75],"tintindex":0,"rotation":0,"texture":"#0"},"down":{"uv":[4.25,7.75,2.5,9.0],"tintindex":0,"rotation":0,"texture":"#0"}},"rotation":{"origin":[8.0,21.437477,4.6173306],"angle":-22.5,"axis":"x"}},{"from":[3.0,6.5,3.5],"to":[13.0,10.5,11.5],"faces":{"east":{"uv":[11.875,12.375,12.875,12.875],"tintindex":0,"rotation":0,"texture":"#0"},"south":{"uv":[11.5,8.0,12.75,8.5],"tintindex":0,"rotation":0,"texture":"#0"},"north":{"uv":[6.75,5.75,8.0,6.25],"tintindex":0,"rotation":0,"texture":"#0"},"west":{"uv":[12.5,0.0,13.5,0.5],"tintindex":0,"rotation":0,"texture":"#0"},"up":{"uv":[10.25,2.5,9.0,1.5],"tintindex":0,"rotation":0,"texture":"#0"},"down":{"uv":[3.75,9.0,2.5,10.0],"tintindex":0,"rotation":0,"texture":"#0"}}},{"from":[3.0,15.5,3.5],"to":[13.0,20.5,10.5],"faces":{"east":{"uv":[12.25,3.0,13.125,3.625],"tintindex":0,"rotation":0,"texture":"#0"},"south":{"uv":[10.75,9.75,12.0,10.375],"tintindex":0,"rotation":0,"texture":"#0"},"north":{"uv":[10.75,9.125,12.0,9.75],"tintindex":0,"rotation":0,"texture":"#0"},"west":{"uv":[12.375,11.5,13.25,12.125],"tintindex":0,"rotation":0,"texture":"#0"},"up":{"uv":[9.25,10.125,8.0,9.25],"tintindex":0,"rotation":0,"texture":"#0"},"down":{"uv":[10.5,8.0,9.25,8.875],"tintindex":0,"rotation":0,"texture":"#0"}}}],"display":{"gui":{"rotation":[30,225,0]}}}