{"textures":{"0":"modelengine:entity/ethereal_reaver_damage"},"elements":[{"from":[5.142857,7.142857,5.428571],"to":[10.857143,9.428572,10.0],"rotation":{"angle":0.0,"axis":"y","origin":[6.857143,13.714286,8.0]},"faces":{"east":{"uv":[11.875,12.375,12.875,12.875],"rotation":0,"texture":"#0","tintindex":0},"south":{"uv":[11.5,8.0,12.75,8.5],"rotation":0,"texture":"#0","tintindex":0},"north":{"uv":[6.75,5.75,8.0,6.25],"rotation":0,"texture":"#0","tintindex":0},"west":{"uv":[12.5,0.0,13.5,0.5],"rotation":0,"texture":"#0","tintindex":0},"up":{"uv":[10.25,2.5,9.0,1.5],"rotation":0,"texture":"#0","tintindex":0},"down":{"uv":[3.75,9.0,2.5,10.0],"rotation":0,"texture":"#0","tintindex":0}}},{"from":[6.285714,6.5714283,4.8571424],"to":[9.714286,10.0,6.0],"rotation":{"angle":0.0,"axis":"y","origin":[6.857143,13.714286,8.0]},"faces":{"east":{"uv":[10.5,8.0,10.75,8.75],"rotation":0,"texture":"#0","tintindex":0},"south":{"uv":[11.875,4.625,12.625,5.375],"rotation":0,"texture":"#0","tintindex":0},"north":{"uv":[11.75,0.0,12.5,0.75],"rotation":0,"texture":"#0","tintindex":0},"west":{"uv":[11.125,11.625,11.375,12.375],"rotation":0,"texture":"#0","tintindex":0},"up":{"uv":[2.5,10.0,1.75,9.75],"rotation":0,"texture":"#0","tintindex":0},"down":{"uv":[12.625,7.625,11.875,7.875],"rotation":0,"texture":"#0","tintindex":0}}},{"from":[6.5714283,5.578418,5.6260934],"to":[9.428572,7.864132,9.626094],"rotation":{"angle":-22.5,"axis":"x","origin":[8.0,7.006989,7.340379]},"faces":{"east":{"uv":[12.75,0.5,13.625,1.0],"rotation":0,"texture":"#0","tintindex":0},"south":{"uv":[13.25,3.75,14.0,4.25],"rotation":0,"texture":"#0","tintindex":0},"north":{"uv":[13.25,3.25,14.0,3.75],"rotation":0,"texture":"#0","tintindex":0},"west":{"uv":[12.75,1.0,13.625,1.5],"rotation":0,"texture":"#0","tintindex":0},"up":{"uv":[11.75,0.875,11.0,0.0],"rotation":0,"texture":"#0","tintindex":0},"down":{"uv":[11.75,3.625,11.0,4.5],"rotation":0,"texture":"#0","tintindex":0}}},{"from":[8.0,13.10713,2.6384745],"to":[12.571428,17.678558,4.3527603],"rotation":{"angle":-22.5,"axis":"x","origin":[8.0,15.678559,6.067046]},"faces":{"east":{"uv":[13.25,4.875,13.625,5.875],"rotation":0,"texture":"#0","tintindex":0},"south":{"uv":[9.5,5.5,10.5,6.5],"rotation":0,"texture":"#0","tintindex":0},"north":{"uv":[9.25,8.875,10.25,9.875],"rotation":0,"texture":"#0","tintindex":0},"west":{"uv":[13.25,5.875,13.625,6.875],"rotation":0,"texture":"#0","tintindex":0},"up":{"uv":[14.125,11.5,13.125,11.125],"rotation":0,"texture":"#0","tintindex":0},"down":{"uv":[14.25,6.875,13.25,7.25],"rotation":0,"texture":"#0","tintindex":0}}},{"from":[4.0,13.678559,3.781332],"to":[12.0,17.107132,9.495618],"rotation":{"angle":-22.5,"axis":"x","origin":[8.0,15.678559,6.067046]},"faces":{"east":{"uv":[9.5,6.5,10.75,7.25],"rotation":0,"texture":"#0","tintindex":0},"south":{"uv":[0.75,9.0,2.5,9.75],"rotation":0,"texture":"#0","tintindex":0},"north":{"uv":[8.5,7.25,10.25,8.0],"rotation":0,"texture":"#0","tintindex":0},"west":{"uv":[8.0,10.125,9.25,10.875],"rotation":0,"texture":"#0","tintindex":0},"up":{"uv":[2.5,9.0,0.75,7.75],"rotation":0,"texture":"#0","tintindex":0},"down":{"uv":[4.25,7.75,2.5,9.0],"rotation":0,"texture":"#0","tintindex":0}}},{"from":[5.142857,12.285715,5.428571],"to":[10.857143,15.142858,9.428572],"rotation":{"angle":0.0,"axis":"y","origin":[6.857143,13.714286,8.0]},"faces":{"east":{"uv":[12.25,3.0,13.125,3.625],"rotation":0,"texture":"#0","tintindex":0},"south":{"uv":[10.75,9.75,12.0,10.375],"rotation":0,"texture":"#0","tintindex":0},"north":{"uv":[10.75,9.125,12.0,9.75],"rotation":0,"texture":"#0","tintindex":0},"west":{"uv":[12.375,11.5,13.25,12.125],"rotation":0,"texture":"#0","tintindex":0},"up":{"uv":[9.25,10.125,8.0,9.25],"rotation":0,"texture":"#0","tintindex":0},"down":{"uv":[10.5,8.0,9.25,8.875],"rotation":0,"texture":"#0","tintindex":0}}},{"from":[6.285714,9.428572,6.5714283],"to":[9.714286,12.285715,9.428572],"rotation":{"angle":0.0,"axis":"y","origin":[6.857143,13.714286,8.0]},"faces":{"east":{"uv":[13.0,2.0,13.625,2.625],"rotation":0,"texture":"#0","tintindex":0},"south":{"uv":[3.625,12.5,4.375,13.125],"rotation":0,"texture":"#0","tintindex":0},"north":{"uv":[0.75,12.5,1.5,13.125],"rotation":0,"texture":"#0","tintindex":0},"west":{"uv":[13.125,2.625,13.75,3.25],"rotation":0,"texture":"#0","tintindex":0},"up":{"uv":[13.25,4.25,12.5,3.625],"rotation":0,"texture":"#0","tintindex":0},"down":{"uv":[13.375,4.25,12.625,4.875],"rotation":0,"texture":"#0","tintindex":0}}}],"display":{"head":{"translation":[0.0,-6.4,0.0],"scale":[4.0,4.0,4.0]}}}