{"textures":{"0":"modelengine:entity/viking_miniboss"},"elements":[{"from":[8.036652,1.4844065,3.5500002],"to":[14.036652,5.4844065,12.549999],"faces":{"east":{"uv":[6.4375,5.6875,7.0,5.9375],"tintindex":0,"rotation":0,"texture":"#0"},"south":{"uv":[6.0625,6.75,6.4375,7.0],"tintindex":0,"rotation":0,"texture":"#0"},"north":{"uv":[5.6875,6.75,6.0625,7.0],"tintindex":0,"rotation":0,"texture":"#0"},"west":{"uv":[6.4375,5.9375,7.0,6.1875],"tintindex":0,"rotation":0,"texture":"#0"},"up":{"uv":[6.125,5.0,5.75,4.4375],"tintindex":0,"rotation":0,"texture":"#0"},"down":{"uv":[6.1875,1.0,5.8125,1.5625],"tintindex":0,"rotation":0,"texture":"#0"}},"rotation":{"origin":[11.75,4.6499996,7.0],"angle":22.5,"axis":"z"}},{"from":[12.0,3.999854,3.4499998],"to":[15.0,7.999854,8.45],"faces":{"east":{"uv":[6.875,2.25,7.1875,2.5],"tintindex":0,"rotation":0,"texture":"#0"},"south":{"uv":[3.625,7.0,3.8125,7.25],"tintindex":0,"rotation":0,"texture":"#0"},"north":{"uv":[3.125,7.0,3.3125,7.25],"tintindex":0,"rotation":0,"texture":"#0"},"west":{"uv":[6.875,2.5,7.1875,2.75],"tintindex":0,"rotation":0,"texture":"#0"},"up":{"uv":[0.4375,7.25,0.25,6.9375],"tintindex":0,"rotation":0,"texture":"#0"},"down":{"uv":[7.1875,1.6875,7.0,2.0],"tintindex":0,"rotation":0,"texture":"#0"}}},{"from":[8.0,3.999854,3.4499998],"to":[12.0,7.999854,12.450001],"faces":{"east":{"uv":[6.4375,1.75,7.0,2.0],"tintindex":0,"rotation":0,"texture":"#0"},"south":{"uv":[6.875,6.5,7.125,6.75],"tintindex":0,"rotation":0,"texture":"#0"},"north":{"uv":[5.4375,6.8125,5.6875,7.0625],"tintindex":0,"rotation":0,"texture":"#0"},"west":{"uv":[4.625,6.4375,5.1875,6.6875],"tintindex":0,"rotation":0,"texture":"#0"},"up":{"uv":[3.0,7.0,2.75,6.4375],"tintindex":0,"rotation":0,"texture":"#0"},"down":{"uv":[5.4375,6.4375,5.1875,7.0],"tintindex":0,"rotation":0,"texture":"#0"}}}],"display":{"gui":{"rotation":[30,225,0]}}}