{"textures":{"0":"modelengine:entity/viking_miniboss"},"elements":[{"from":[1.0,3.999854,3.4499998],"to":[4.0,7.999854,8.45],"faces":{"east":{"uv":[7.1875,2.5,6.875,2.75],"tintindex":0,"rotation":0,"texture":"#0"},"south":{"uv":[3.8125,7.0,3.625,7.25],"tintindex":0,"rotation":0,"texture":"#0"},"north":{"uv":[3.3125,7.0,3.125,7.25],"tintindex":0,"rotation":0,"texture":"#0"},"west":{"uv":[7.1875,2.25,6.875,2.5],"tintindex":0,"rotation":0,"texture":"#0"},"up":{"uv":[0.25,7.25,0.4375,6.9375],"tintindex":0,"rotation":0,"texture":"#0"},"down":{"uv":[7.0,1.6875,7.1875,2.0],"tintindex":0,"rotation":0,"texture":"#0"}}},{"from":[1.9633484,1.4844065,3.5500002],"to":[7.9633484,5.4844065,12.549999],"faces":{"east":{"uv":[7.0,5.9375,6.4375,6.1875],"tintindex":0,"rotation":0,"texture":"#0"},"south":{"uv":[6.4375,6.75,6.0625,7.0],"tintindex":0,"rotation":0,"texture":"#0"},"north":{"uv":[6.0625,6.75,5.6875,7.0],"tintindex":0,"rotation":0,"texture":"#0"},"west":{"uv":[7.0,5.6875,6.4375,5.9375],"tintindex":0,"rotation":0,"texture":"#0"},"up":{"uv":[5.75,5.0,6.125,4.4375],"tintindex":0,"rotation":0,"texture":"#0"},"down":{"uv":[5.8125,1.0,6.1875,1.5625],"tintindex":0,"rotation":0,"texture":"#0"}},"rotation":{"origin":[4.25,4.6499996,7.0],"angle":-22.5,"axis":"z"}},{"from":[4.0,3.999854,3.4499998],"to":[8.0,7.999854,12.450001],"faces":{"east":{"uv":[5.1875,6.4375,4.625,6.6875],"tintindex":0,"rotation":0,"texture":"#0"},"south":{"uv":[7.125,6.5,6.875,6.75],"tintindex":0,"rotation":0,"texture":"#0"},"north":{"uv":[5.6875,6.8125,5.4375,7.0625],"tintindex":0,"rotation":0,"texture":"#0"},"west":{"uv":[7.0,1.75,6.4375,2.0],"tintindex":0,"rotation":0,"texture":"#0"},"up":{"uv":[2.75,7.0,3.0,6.4375],"tintindex":0,"rotation":0,"texture":"#0"},"down":{"uv":[5.1875,6.4375,5.4375,7.0],"tintindex":0,"rotation":0,"texture":"#0"}}}],"display":{"gui":{"rotation":[30,225,0]}}}