{"textures":{"0":"modelengine:entity/deep_debris_small"},"elements":[{"from":[3.142857,6.714286,3.142857],"to":[12.857143,8.142858,12.857143],"rotation":{"angle":0.0,"axis":"y","origin":[14.0,6.142857,-15.714287]},"faces":{"east":{"uv":[7.5,0.75,11.75,1.5],"rotation":0,"texture":"#0","tintindex":0},"south":{"uv":[7.5,1.5,11.75,2.25],"rotation":0,"texture":"#0","tintindex":0},"north":{"uv":[7.5,0.0,11.75,0.75],"rotation":0,"texture":"#0","tintindex":0},"west":{"uv":[7.5,2.25,11.75,3.0],"rotation":0,"texture":"#0","tintindex":0},"up":{"uv":[4.25,4.25,0.0,0.0],"rotation":0,"texture":"#0","tintindex":0},"down":{"uv":[4.25,4.25,0.0,8.5],"rotation":0,"texture":"#0","tintindex":0}}}],"display":{"head":{"translation":[0.0,-6.4,0.0],"scale":[4.0,4.0,4.0]}}}