{"textures":{"0":"modelengine:entity/deep_debris_small"},"elements":[{"from":[6.285714,6.714286,6.285714],"to":[9.714286,8.142858,9.714286],"rotation":{"angle":0.0,"axis":"y","origin":[8.571428,6.142857,-26.285717]},"faces":{"east":{"uv":[4.5,9.0,6.0,9.75],"rotation":0,"texture":"#0","tintindex":0},"south":{"uv":[6.0,9.0,7.5,9.75],"rotation":0,"texture":"#0","tintindex":0},"north":{"uv":[3.0,9.0,4.5,9.75],"rotation":0,"texture":"#0","tintindex":0},"west":{"uv":[7.5,9.0,9.0,9.75],"rotation":0,"texture":"#0","tintindex":0},"up":{"uv":[1.5,10.0,0.0,8.5],"rotation":0,"texture":"#0","tintindex":0},"down":{"uv":[3.0,8.5,1.5,10.0],"rotation":0,"texture":"#0","tintindex":0}}}],"display":{"head":{"translation":[0.0,-6.4,0.0],"scale":[4.0,4.0,4.0]}}}