{"textures":{"0":"modelengine:entity/deep_debris_small"},"elements":[{"from":[5.428571,6.714286,5.142857],"to":[10.571428,8.142858,10.857143],"rotation":{"angle":0.0,"axis":"y","origin":[9.428572,6.142857,-25.14286]},"faces":{"east":{"uv":[8.75,6.0,11.25,6.75],"rotation":0,"texture":"#0","tintindex":0},"south":{"uv":[8.75,8.25,11.0,9.0],"rotation":0,"texture":"#0","tintindex":0},"north":{"uv":[8.75,7.5,11.0,8.25],"rotation":0,"texture":"#0","tintindex":0},"west":{"uv":[8.75,6.75,11.25,7.5],"rotation":0,"texture":"#0","tintindex":0},"up":{"uv":[6.5,9.0,4.25,6.5],"rotation":0,"texture":"#0","tintindex":0},"down":{"uv":[8.75,6.5,6.5,9.0],"rotation":0,"texture":"#0","tintindex":0}}}],"display":{"head":{"translation":[0.0,-6.4,0.0],"scale":[4.0,4.0,4.0]}}}