{"textures":{"0":"modelengine:entity/ethereal_reaver"},"elements":[{"from":[8.0,-4.000001,6.857143],"to":[8.0,8.0,9.142858],"rotation":{"angle":0.0,"axis":"y","origin":[8.571428,6.857143,8.0]},"faces":{"east":{"uv":[2.375,0.0,2.75,2.25],"rotation":0,"texture":"#0","tintindex":0},"south":{"uv":[0.0,0.0,0.0,10.5],"rotation":0,"texture":"#0","tintindex":0},"north":{"uv":[0.0,0.0,0.0,10.5],"rotation":0,"texture":"#0","tintindex":0},"west":{"uv":[2.375,0.0,2.75,2.25],"rotation":0,"texture":"#0","tintindex":0},"up":{"uv":[0.0,0.0,0.0,2.0],"rotation":0,"texture":"#0","tintindex":0},"down":{"uv":[0.0,0.0,0.0,2.0],"rotation":0,"texture":"#0","tintindex":0}}}],"display":{"head":{"translation":[0.0,-6.4,0.0],"scale":[4.0,4.0,4.0]}}}