{"textures":{"1":"modelengine:entity/ethereal_reaver_flame"},"elements":[{"from":[3.4285712,8.0,8.0],"to":[12.571428,14.857143,8.0],"rotation":{"angle":0.0,"axis":"y","origin":[33.14286,8.0,8.571428]},"faces":{"east":{"uv":[4.108108,6.918919,4.108108,12.918919],"rotation":0,"texture":"#1","tintindex":0},"south":{"uv":[4.108108,6.918919,12.1081085,12.918919],"rotation":0,"texture":"#1","tintindex":0},"north":{"uv":[4.108108,6.918919,12.1081085,12.918919],"rotation":0,"texture":"#1","tintindex":0},"west":{"uv":[4.108108,6.918919,4.108108,12.918919],"rotation":0,"texture":"#1","tintindex":0},"up":{"uv":[4.108108,6.918919,12.1081085,6.918919],"rotation":0,"texture":"#1","tintindex":0},"down":{"uv":[4.108108,6.918919,12.1081085,6.918919],"rotation":0,"texture":"#1","tintindex":0}}}],"display":{"head":{"translation":[0.0,-6.4,0.0],"scale":[4.0,4.0,4.0]}}}