{"textures":{"0":"modelengine:entity/ethereal_reaver"},"elements":[{"from":[6.5,-6.0,4.0],"to":[9.5,8.0,8.0],"faces":{"east":{"uv":[0.75,10.75,1.25,12.5],"tintindex":0,"rotation":0,"texture":"#0"},"south":{"uv":[11.5,6.25,11.875,8.0],"tintindex":0,"rotation":0,"texture":"#0"},"north":{"uv":[11.5,4.5,11.875,6.25],"tintindex":0,"rotation":0,"texture":"#0"},"west":{"uv":[1.25,10.75,1.75,12.5],"tintindex":0,"rotation":0,"texture":"#0"},"up":{"uv":[14.375,12.5,14.0,12.0],"tintindex":0,"rotation":0,"texture":"#0"},"down":{"uv":[12.625,14.0,12.25,14.5],"tintindex":0,"rotation":0,"texture":"#0"}}}],"display":{"gui":{"rotation":[30,225,0]}}}