{"textures":{"0":"modelengine:entity/ethereal_reaver"},"elements":[{"from":[7.428571,4.5714283,6.857143],"to":[8.571428,8.0,9.714286],"rotation":{"angle":0.0,"axis":"y","origin":[13.142858,6.285714,5.714286]},"faces":{"east":{"uv":[12.625,6.375,13.25,7.125],"rotation":0,"texture":"#0","tintindex":0},"south":{"uv":[13.625,14.0,13.875,14.75],"rotation":0,"texture":"#0","tintindex":0},"north":{"uv":[13.375,14.0,13.625,14.75],"rotation":0,"texture":"#0","tintindex":0},"west":{"uv":[12.625,7.125,13.25,7.875],"rotation":0,"texture":"#0","tintindex":0},"up":{"uv":[14.375,9.75,14.125,9.125],"rotation":0,"texture":"#0","tintindex":0},"down":{"uv":[14.375,9.75,14.125,10.375],"rotation":0,"texture":"#0","tintindex":0}}}],"display":{"head":{"translation":[0.0,-6.4,0.0],"scale":[4.0,4.0,4.0]}}}