{"textures":{"0":"modelengine:entity/ethereal_reaver"},"elements":[{"from":[4.5,-9.536743E-7,5.0],"to":[9.5,9.0,11.0],"faces":{"east":{"uv":[4.75,10.75,5.5,11.875],"tintindex":0,"rotation":0,"texture":"#0"},"south":{"uv":[2.375,11.0,3.0,12.125],"tintindex":0,"rotation":0,"texture":"#0"},"north":{"uv":[1.75,11.0,2.375,12.125],"tintindex":0,"rotation":0,"texture":"#0"},"west":{"uv":[5.5,10.75,6.25,11.875],"tintindex":0,"rotation":0,"texture":"#0"},"up":{"uv":[13.25,5.625,12.625,4.875],"tintindex":0,"rotation":0,"texture":"#0"},"down":{"uv":[5.625,12.625,5.0,13.375],"tintindex":0,"rotation":0,"texture":"#0"}}}],"display":{"gui":{"rotation":[30,225,0]}}}