{"textures":{"0":"modelengine:entity/ethereal_reaver"},"elements":[{"from":[8.0,2.0125594,7.9928403],"to":[8.0,10.01256,13.707127],"rotation":{"angle":0.0,"axis":"y","origin":[8.0,8.01256,7.9928403]},"faces":{"east":{"uv":[6.75,8.0,5.5,9.75],"rotation":0,"texture":"#0","tintindex":0},"south":{"uv":[0.0,0.0,0.0,1.75],"rotation":0,"texture":"#0","tintindex":0},"north":{"uv":[0.0,0.0,0.0,1.75],"rotation":0,"texture":"#0","tintindex":0},"west":{"uv":[5.5,8.0,6.75,9.75],"rotation":0,"texture":"#0","tintindex":0},"up":{"uv":[0.0,1.25,0.0,0.0],"rotation":0,"texture":"#0","tintindex":0},"down":{"uv":[0.0,0.0,0.0,1.25],"rotation":0,"texture":"#0","tintindex":0}}}],"display":{"head":{"translation":[0.0,-6.4,0.0],"scale":[4.0,4.0,4.0]}}}