{"textures":{"0":"modelengine:entity/ethereal_reaver"},"elements":[{"from":[6.5,3.0000005,8.0],"to":[9.5,8.0,13.0],"faces":{"east":{"uv":[3.625,13.125,4.25,13.75],"tintindex":0,"rotation":0,"texture":"#0"},"south":{"uv":[9.875,13.875,10.25,14.5],"tintindex":0,"rotation":0,"texture":"#0"},"north":{"uv":[7.125,13.875,7.5,14.5],"tintindex":0,"rotation":0,"texture":"#0"},"west":{"uv":[13.125,9.875,13.75,10.5],"tintindex":0,"rotation":0,"texture":"#0"},"up":{"uv":[0.375,14.625,0.0,14.0],"tintindex":0,"rotation":0,"texture":"#0"},"down":{"uv":[0.75,14.0,0.375,14.625],"tintindex":0,"rotation":0,"texture":"#0"}}},{"from":[6.5,-6.0,8.0],"to":[9.5,3.0000005,11.0],"faces":{"east":{"uv":[7.875,12.875,8.25,14.0],"tintindex":0,"rotation":0,"texture":"#0"},"south":{"uv":[9.25,12.875,9.625,14.0],"tintindex":0,"rotation":0,"texture":"#0"},"north":{"uv":[7.5,12.875,7.875,14.0],"tintindex":0,"rotation":0,"texture":"#0"},"west":{"uv":[11.875,12.875,12.25,14.0],"tintindex":0,"rotation":0,"texture":"#0"},"up":{"uv":[11.125,14.5,10.75,14.125],"tintindex":0,"rotation":0,"texture":"#0"},"down":{"uv":[14.5,11.125,14.125,11.5],"tintindex":0,"rotation":0,"texture":"#0"}}}],"display":{"gui":{"rotation":[30,225,0]}}}