{"textures":{"0":"modelengine:entity/ethereal_reaver"},"elements":[{"from":[8.0,2.0,8.0],"to":[14.0,6.0,8.0],"faces":{"south":{"uv":[13.25,14.875,14.0,15.375],"tintindex":0,"rotation":0,"texture":"#0"},"north":{"uv":[14.0,14.875,13.25,15.375],"tintindex":0,"rotation":0,"texture":"#0"}}},{"from":[8.0,4.0,7.5],"to":[10.0,8.0,8.5],"faces":{"east":{"uv":[11.5,1.375,11.625,1.875],"tintindex":0,"rotation":0,"texture":"#0"},"south":{"uv":[10.25,14.25,10.5,14.75],"tintindex":0,"rotation":0,"texture":"#0"},"north":{"uv":[14.25,2.75,14.5,3.25],"tintindex":0,"rotation":0,"texture":"#0"},"west":{"uv":[11.5,1.875,11.625,2.375],"tintindex":0,"rotation":0,"texture":"#0"},"up":{"uv":[10.75,8.875,10.5,8.75],"tintindex":0,"rotation":0,"texture":"#0"},"down":{"uv":[11.0,7.125,10.75,7.25],"tintindex":0,"rotation":0,"texture":"#0"}}}],"display":{"gui":{"rotation":[30,225,0]}}}