{"textures":{"0":"modelengine:entity/ethereal_reaver"},"elements":[{"from":[6.285714,1.1428566,6.857143],"to":[8.0,9.142858,9.142858],"rotation":{"angle":0.0,"axis":"y","origin":[12.0,-8.57143,5.714286]},"faces":{"east":{"uv":[3.75,10.75,4.25,12.5],"rotation":0,"texture":"#0","tintindex":0},"south":{"uv":[10.75,11.625,11.125,13.375],"rotation":0,"texture":"#0","tintindex":0},"north":{"uv":[11.625,0.875,12.0,2.625],"rotation":0,"texture":"#0","tintindex":0},"west":{"uv":[4.25,10.75,4.75,12.5],"rotation":0,"texture":"#0","tintindex":0},"up":{"uv":[14.375,13.0,14.0,12.5],"rotation":0,"texture":"#0","tintindex":0},"down":{"uv":[14.25,14.0,13.875,14.5],"rotation":0,"texture":"#0","tintindex":0}}},{"from":[5.881653,1.1428566,8.97549],"to":[5.881653,4.0,10.118347],"rotation":{"angle":-45.0,"axis":"y","origin":[5.881653,2.5714283,9.546918]},"faces":{"east":{"uv":[16.0,7.875,15.75,8.5],"rotation":0,"texture":"#0","tintindex":0},"south":{"uv":[15.625,11.875,15.625,14.375],"rotation":0,"texture":"#0","tintindex":0},"north":{"uv":[11.625,0.875,12.0,2.625],"rotation":0,"texture":"#0","tintindex":0},"west":{"uv":[15.75,7.875,16.0,8.5],"rotation":0,"texture":"#0","tintindex":0},"up":{"uv":[16.0,14.5,16.0,13.5],"rotation":0,"texture":"#0","tintindex":0},"down":{"uv":[15.875,15.0,15.875,16.0],"rotation":0,"texture":"#0","tintindex":0}}},{"from":[5.142857,5.142857,5.714286],"to":[6.285714,12.0,10.285714],"rotation":{"angle":0.0,"axis":"y","origin":[12.0,-8.57143,5.714286]},"faces":{"east":{"uv":[8.5,5.75,9.5,7.25],"rotation":0,"texture":"#0","tintindex":0},"south":{"uv":[5.75,13.375,6.0,14.875],"rotation":0,"texture":"#0","tintindex":0},"north":{"uv":[3.0,13.375,3.25,14.875],"rotation":0,"texture":"#0","tintindex":0},"west":{"uv":[9.0,0.0,10.0,1.5],"rotation":0,"texture":"#0","tintindex":0},"up":{"uv":[5.25,14.875,5.0,13.875],"rotation":0,"texture":"#0","tintindex":0},"down":{"uv":[5.5,13.875,5.25,14.875],"rotation":0,"texture":"#0","tintindex":0}}},{"from":[4.0,5.142857,6.857143],"to":[5.714286,8.571428,6.857143],"rotation":{"angle":-22.5,"axis":"y","origin":[4.8571424,6.857143,6.857143]},"faces":{"east":{"uv":[8.5,5.75,8.5,8.75],"rotation":0,"texture":"#0","tintindex":0},"south":{"uv":[15.625,0.0,16.0,0.75],"rotation":0,"texture":"#0","tintindex":0},"north":{"uv":[16.0,0.0,15.625,0.75],"rotation":0,"texture":"#0","tintindex":0},"west":{"uv":[9.0,0.0,9.0,3.0],"rotation":0,"texture":"#0","tintindex":0},"up":{"uv":[9.0,8.875,7.5,8.875],"rotation":0,"texture":"#0","tintindex":0},"down":{"uv":[9.25,8.875,7.75,8.875],"rotation":0,"texture":"#0","tintindex":0}}},{"from":[3.7999997,5.142857,9.142858],"to":[5.5142856,8.571428,9.142858],"rotation":{"angle":22.5,"axis":"y","origin":[4.8571424,6.857143,8.571428]},"faces":{"east":{"uv":[8.5,5.75,8.5,8.75],"rotation":0,"texture":"#0","tintindex":0},"south":{"uv":[15.625,0.0,16.0,0.75],"rotation":0,"texture":"#0","tintindex":0},"north":{"uv":[16.0,0.0,15.625,0.75],"rotation":0,"texture":"#0","tintindex":0},"west":{"uv":[9.0,0.0,9.0,3.0],"rotation":0,"texture":"#0","tintindex":0},"up":{"uv":[9.0,8.875,7.5,8.875],"rotation":0,"texture":"#0","tintindex":0},"down":{"uv":[9.25,8.875,7.75,8.875],"rotation":0,"texture":"#0","tintindex":0}}}],"display":{"head":{"translation":[0.0,-6.4,0.0],"scale":[4.0,4.0,4.0]}}}