{"textures":{"0":"modelengine:entity/ethereal_reaver"},"elements":[{"from":[8.0,1.7142854,8.0],"to":[8.0,9.714286,17.142857],"rotation":{"angle":0.0,"axis":"y","origin":[10.285714,3.7142854,-1.7142859]},"faces":{"east":{"uv":[8.5,6.25,6.5,8.0],"rotation":0,"texture":"#0","tintindex":0},"south":{"uv":[0.0,0.0,0.0,1.75],"rotation":0,"texture":"#0","tintindex":0},"north":{"uv":[0.0,0.0,0.0,1.75],"rotation":0,"texture":"#0","tintindex":0},"west":{"uv":[6.5,6.25,8.5,8.0],"rotation":0,"texture":"#0","tintindex":0},"up":{"uv":[0.0,2.0,0.0,0.0],"rotation":0,"texture":"#0","tintindex":0},"down":{"uv":[0.0,0.0,0.0,2.0],"rotation":0,"texture":"#0","tintindex":0}}}],"display":{"head":{"translation":[0.0,-6.4,0.0],"scale":[4.0,4.0,4.0]}}}