{"textures":{"0":"modelengine:entity/ethereal_reaver"},"elements":[{"from":[8.0,-4.0,6.0],"to":[11.0,10.0,10.0],"faces":{"east":{"uv":[10.5,4.25,11.0,6.0],"tintindex":0,"rotation":0,"texture":"#0"},"south":{"uv":[11.375,10.375,11.75,12.125],"tintindex":0,"rotation":0,"texture":"#0"},"north":{"uv":[7.375,11.0,7.75,12.75],"tintindex":0,"rotation":0,"texture":"#0"},"west":{"uv":[10.25,10.625,10.75,12.375],"tintindex":0,"rotation":0,"texture":"#0"},"up":{"uv":[14.375,12.0,14.0,11.5],"tintindex":0,"rotation":0,"texture":"#0"},"down":{"uv":[12.25,14.0,11.875,14.5],"tintindex":0,"rotation":0,"texture":"#0"}}},{"from":[12.0,3.0,6.0],"to":[15.0,9.0,6.0],"faces":{"south":{"uv":[16.0,0.0,15.625,0.75],"tintindex":0,"rotation":0,"texture":"#0"},"north":{"uv":[15.625,0.0,16.0,0.75],"tintindex":0,"rotation":0,"texture":"#0"}},"rotation":{"origin":[13.5,6.0,6.0],"angle":22.5,"axis":"y"}},{"from":[11.707107,-4.0,9.707107],"to":[11.707107,1.0,11.707107],"faces":{"east":{"uv":[16.0,7.875,15.75,8.5],"tintindex":0,"rotation":0,"texture":"#0"},"north":{"uv":[12.0,0.875,11.625,2.625],"tintindex":0,"rotation":0,"texture":"#0"},"west":{"uv":[15.75,7.875,16.0,8.5],"tintindex":0,"rotation":0,"texture":"#0"}},"rotation":{"origin":[11.707107,-1.5,10.707107],"angle":45.0,"axis":"y"}},{"from":[12.35,3.0,10.0],"to":[15.35,9.0,10.0],"faces":{"south":{"uv":[16.0,0.0,15.625,0.75],"tintindex":0,"rotation":0,"texture":"#0"},"north":{"uv":[15.625,0.0,16.0,0.75],"tintindex":0,"rotation":0,"texture":"#0"}},"rotation":{"origin":[13.5,6.0,9.0],"angle":-22.5,"axis":"y"}},{"from":[11.0,3.0,4.0],"to":[13.0,15.0,12.0],"faces":{"east":{"uv":[10.0,0.0,9.0,1.5],"tintindex":0,"rotation":0,"texture":"#0"},"south":{"uv":[6.0,13.375,5.75,14.875],"tintindex":0,"rotation":0,"texture":"#0"},"north":{"uv":[3.25,13.375,3.0,14.875],"tintindex":0,"rotation":0,"texture":"#0"},"west":{"uv":[9.5,5.75,8.5,7.25],"tintindex":0,"rotation":0,"texture":"#0"},"up":{"uv":[5.0,14.875,5.25,13.875],"tintindex":0,"rotation":0,"texture":"#0"},"down":{"uv":[5.25,13.875,5.5,14.875],"tintindex":0,"rotation":0,"texture":"#0"}}}],"display":{"gui":{"rotation":[30,225,0]}}}