{"textures":{"0":"modelengine:entity/ethereal_reaver"},"elements":[{"from":[6.0,4.0,7.5],"to":[8.0,8.0,8.5],"faces":{"east":{"uv":[11.375,4.5,11.5,5.0],"tintindex":0,"rotation":0,"texture":"#0"},"south":{"uv":[0.75,14.25,1.0,14.75],"tintindex":0,"rotation":0,"texture":"#0"},"north":{"uv":[14.25,0.0,14.5,0.5],"tintindex":0,"rotation":0,"texture":"#0"},"west":{"uv":[11.375,5.0,11.5,5.5],"tintindex":0,"rotation":0,"texture":"#0"},"up":{"uv":[9.25,2.625,9.0,2.5],"tintindex":0,"rotation":0,"texture":"#0"},"down":{"uv":[9.25,2.625,9.0,2.75],"tintindex":0,"rotation":0,"texture":"#0"}}},{"from":[2.0,2.0,8.0],"to":[8.0,6.0,8.0],"faces":{"south":{"uv":[14.125,13.5,13.375,14.0],"tintindex":0,"rotation":0,"texture":"#0"},"north":{"uv":[13.375,13.5,14.125,14.0],"tintindex":0,"rotation":0,"texture":"#0"}}}],"display":{"gui":{"rotation":[30,225,0]}}}