{"textures":{"0":"modelengine:entity/ethereal_reaver"},"elements":[{"from":[2.0,2.0,8.0],"to":[8.0,6.0,8.0],"faces":{"south":{"uv":[14.125,13.5,13.375,14.0],"tintindex":0,"rotation":0,"texture":"#0"},"north":{"uv":[13.375,13.5,14.125,14.0],"tintindex":0,"rotation":0,"texture":"#0"}}},{"from":[6.0,4.0,7.5],"to":[8.0,8.0,8.5],"faces":{"east":{"uv":[11.375,5.5,11.5,6.0],"tintindex":0,"rotation":0,"texture":"#0"},"south":{"uv":[1.25,14.25,1.5,14.75],"tintindex":0,"rotation":0,"texture":"#0"},"north":{"uv":[1.0,14.25,1.25,14.75],"tintindex":0,"rotation":0,"texture":"#0"},"west":{"uv":[11.5,0.875,11.625,1.375],"tintindex":0,"rotation":0,"texture":"#0"},"up":{"uv":[9.5,5.625,9.25,5.5],"tintindex":0,"rotation":0,"texture":"#0"},"down":{"uv":[9.5,5.625,9.25,5.75],"tintindex":0,"rotation":0,"texture":"#0"}}}],"display":{"gui":{"rotation":[30,225,0]}}}