{"textures":{"0":"modelengine:entity/ethereal_reaver"},"elements":[{"from":[7.142857,5.142857,8.0],"to":[8.857143,8.0,10.857143],"rotation":{"angle":0.0,"axis":"y","origin":[7.142857,19.142857,10.0]},"faces":{"east":{"uv":[13.125,10.5,13.75,11.125],"rotation":0,"texture":"#0","tintindex":0},"south":{"uv":[14.0,1.125,14.375,1.75],"rotation":0,"texture":"#0","tintindex":0},"north":{"uv":[14.0,0.5,14.375,1.125],"rotation":0,"texture":"#0","tintindex":0},"west":{"uv":[11.125,13.125,11.75,13.75],"rotation":0,"texture":"#0","tintindex":0},"up":{"uv":[14.375,3.875,14.0,3.25],"rotation":0,"texture":"#0","tintindex":0},"down":{"uv":[14.375,4.75,14.0,5.375],"rotation":0,"texture":"#0","tintindex":0}}},{"from":[7.142857,0.0,8.0],"to":[8.857143,5.142857,9.714286],"rotation":{"angle":0.0,"axis":"y","origin":[7.142857,19.142857,10.0]},"faces":{"east":{"uv":[12.25,12.875,12.625,14.0],"rotation":0,"texture":"#0","tintindex":0},"south":{"uv":[0.75,13.125,1.125,14.25],"rotation":0,"texture":"#0","tintindex":0},"north":{"uv":[12.875,12.125,13.25,13.25],"rotation":0,"texture":"#0","tintindex":0},"west":{"uv":[1.125,13.125,1.5,14.25],"rotation":0,"texture":"#0","tintindex":0},"up":{"uv":[14.5,13.375,14.125,13.0],"rotation":0,"texture":"#0","tintindex":0},"down":{"uv":[14.5,13.375,14.125,13.75],"rotation":0,"texture":"#0","tintindex":0}}}],"display":{"head":{"translation":[0.0,-6.4,0.0],"scale":[4.0,4.0,4.0]}}}