{"textures":{"0":"modelengine:entity/ethereal_reaver"},"elements":[{"from":[2.0,2.0,8.0],"to":[8.0,6.0,8.0],"faces":{"south":{"uv":[14.125,13.5,13.375,14.0],"tintindex":0,"rotation":0,"texture":"#0"},"north":{"uv":[13.375,13.5,14.125,14.0],"tintindex":0,"rotation":0,"texture":"#0"}}},{"from":[6.0,4.0,7.5],"to":[8.0,8.0,8.5],"faces":{"east":{"uv":[4.125,9.0,4.25,9.5],"tintindex":0,"rotation":0,"texture":"#0"},"south":{"uv":[10.5,6.0,10.75,6.5],"tintindex":0,"rotation":0,"texture":"#0"},"north":{"uv":[10.0,1.0,10.25,1.5],"tintindex":0,"rotation":0,"texture":"#0"},"west":{"uv":[3.625,11.0,3.75,11.5],"tintindex":0,"rotation":0,"texture":"#0"},"up":{"uv":[4.5,7.875,4.25,7.75],"tintindex":0,"rotation":0,"texture":"#0"},"down":{"uv":[4.5,7.875,4.25,8.0],"tintindex":0,"rotation":0,"texture":"#0"}}}],"display":{"gui":{"rotation":[30,225,0]}}}