{"textures":{"0":"modelengine:entity/ethereal_reaver"},"elements":[{"from":[7.0,2.0,6.0],"to":[9.0,8.0,11.0],"faces":{"east":{"uv":[9.25,12.125,9.875,12.875],"tintindex":0,"rotation":0,"texture":"#0"},"south":{"uv":[7.5,14.0,7.75,14.75],"tintindex":0,"rotation":0,"texture":"#0"},"north":{"uv":[5.5,13.875,5.75,14.625],"tintindex":0,"rotation":0,"texture":"#0"},"west":{"uv":[4.375,12.625,5.0,13.375],"tintindex":0,"rotation":0,"texture":"#0"},"up":{"uv":[14.375,2.375,14.125,1.75],"tintindex":0,"rotation":0,"texture":"#0"},"down":{"uv":[14.375,6.25,14.125,6.875],"tintindex":0,"rotation":0,"texture":"#0"}}}],"display":{"gui":{"rotation":[30,225,0]}}}