{"textures":{"0":"modelengine:entity/ethereal_reaver"},"elements":[{"from":[7.4877796,12.6172695,5.850429],"to":[7.4877796,15.3672695,10.35043],"faces":{"east":{"uv":[6.75,0.0,9.0,1.375],"tintindex":0,"rotation":0,"texture":"#0"},"west":{"uv":[9.0,0.0,6.75,1.375],"tintindex":0,"rotation":0,"texture":"#0"}}},{"from":[7.75028,28.379831,6.509439],"to":[8.50028,31.379831,9.509439],"faces":{"east":{"uv":[6.75,2.75,8.25,4.25],"tintindex":0,"rotation":0,"texture":"#0"},"south":{"uv":[3.25,12.125,3.625,13.625],"tintindex":0,"rotation":0,"texture":"#0"},"north":{"uv":[11.0,4.5,11.375,6.0],"tintindex":0,"rotation":0,"texture":"#0"},"west":{"uv":[6.75,4.25,8.25,5.75],"tintindex":0,"rotation":0,"texture":"#0"},"up":{"uv":[8.875,13.625,8.5,12.125],"tintindex":0,"rotation":0,"texture":"#0"},"down":{"uv":[9.25,12.125,8.875,13.625],"tintindex":0,"rotation":0,"texture":"#0"}},"rotation":{"origin":[7.90028,29.879831,8.009439],"angle":45.0,"axis":"x"}},{"from":[7.25028,13.235634,9.41275],"to":[9.00028,14.235634,10.41275],"faces":{"east":{"uv":[8.5,5.75,8.0,6.25],"tintindex":0,"rotation":0,"texture":"#0"},"south":{"uv":[13.625,1.5,12.75,2.0],"tintindex":0,"rotation":0,"texture":"#0"},"north":{"uv":[7.125,12.75,6.25,13.25],"tintindex":0,"rotation":0,"texture":"#0"},"west":{"uv":[12.0,8.5,11.5,9.0],"tintindex":0,"rotation":0,"texture":"#0"},"up":{"uv":[13.625,7.875,12.75,8.375],"tintindex":0,"rotation":0,"texture":"#0"},"down":{"uv":[13.625,8.875,12.75,8.375],"tintindex":0,"rotation":0,"texture":"#0"}},"rotation":{"origin":[8.12528,14.235634,8.41275],"angle":-22.5,"axis":"x"}},{"from":[7.50028,12.735634,6.187213],"to":[8.75028,14.735634,8.687213],"faces":{"east":{"uv":[9.25,4.5,10.5,5.5],"tintindex":0,"rotation":0,"texture":"#0"},"south":{"uv":[11.875,3.625,12.5,4.625],"tintindex":0,"rotation":0,"texture":"#0"},"north":{"uv":[11.75,11.375,12.375,12.375],"tintindex":0,"rotation":0,"texture":"#0"},"west":{"uv":[6.75,9.25,8.0,10.25],"tintindex":0,"rotation":0,"texture":"#0"},"up":{"uv":[9.25,12.125,8.625,10.875],"tintindex":0,"rotation":0,"texture":"#0"},"down":{"uv":[9.875,10.875,9.25,12.125],"tintindex":0,"rotation":0,"texture":"#0"}},"rotation":{"origin":[8.12528,14.235634,7.937213],"angle":22.5,"axis":"x"}},{"from":[7.75028,17.379833,6.884439],"to":[8.50028,29.879831,9.134439],"faces":{"east":{"uv":[4.5,0.0,5.625,6.25],"tintindex":0,"rotation":0,"texture":"#0"},"south":{"uv":[0.375,7.75,0.75,14.0],"tintindex":0,"rotation":0,"texture":"#0"},"north":{"uv":[0.0,7.75,0.375,14.0],"tintindex":0,"rotation":0,"texture":"#0"},"west":{"uv":[5.625,0.0,6.75,6.25],"tintindex":0,"rotation":0,"texture":"#0"},"up":{"uv":[7.5,13.875,7.125,12.75],"tintindex":0,"rotation":0,"texture":"#0"},"down":{"uv":[10.25,12.75,9.875,13.875],"tintindex":0,"rotation":0,"texture":"#0"}}},{"from":[7.75028,22.379833,6.1987786],"to":[8.50028,23.879833,7.6987786],"faces":{"east":{"uv":[2.5,12.125,3.25,12.875],"tintindex":0,"rotation":0,"texture":"#0"},"south":{"uv":[13.0,13.75,13.375,14.5],"tintindex":0,"rotation":0,"texture":"#0"},"north":{"uv":[12.625,13.75,13.0,14.5],"tintindex":0,"rotation":0,"texture":"#0"},"west":{"uv":[7.75,12.125,8.5,12.875],"tintindex":0,"rotation":0,"texture":"#0"},"up":{"uv":[4.375,14.625,4.0,13.875],"tintindex":0,"rotation":0,"texture":"#0"},"down":{"uv":[4.75,13.875,4.375,14.625],"tintindex":0,"rotation":0,"texture":"#0"}},"rotation":{"origin":[8.12528,23.129833,6.9487786],"angle":45.0,"axis":"x"}},{"from":[7.50028,12.735634,7.4249816],"to":[8.75028,14.735634,9.924982],"faces":{"east":{"uv":[9.25,2.5,10.5,3.5],"tintindex":0,"rotation":0,"texture":"#0"},"south":{"uv":[11.75,10.375,12.375,11.375],"tintindex":0,"rotation":0,"texture":"#0"},"north":{"uv":[11.625,2.625,12.25,3.625],"tintindex":0,"rotation":0,"texture":"#0"},"west":{"uv":[9.25,3.5,10.5,4.5],"tintindex":0,"rotation":0,"texture":"#0"},"up":{"uv":[11.375,11.625,10.75,10.375],"tintindex":0,"rotation":0,"texture":"#0"},"down":{"uv":[8.625,10.875,8.0,12.125],"tintindex":0,"rotation":0,"texture":"#0"}},"rotation":{"origin":[8.12528,14.235634,8.174982],"angle":-22.5,"axis":"x"}},{"from":[7.75028,16.629833,6.1987786],"to":[8.50028,18.129833,7.6987786],"faces":{"east":{"uv":[4.75,11.875,5.5,12.625],"tintindex":0,"rotation":0,"texture":"#0"},"south":{"uv":[10.75,13.375,11.125,14.125],"tintindex":0,"rotation":0,"texture":"#0"},"north":{"uv":[3.75,9.0,4.125,9.75],"tintindex":0,"rotation":0,"texture":"#0"},"west":{"uv":[11.875,5.375,12.625,6.125],"tintindex":0,"rotation":0,"texture":"#0"},"up":{"uv":[14.0,1.25,13.625,0.5],"tintindex":0,"rotation":0,"texture":"#0"},"down":{"uv":[14.0,1.25,13.625,2.0],"tintindex":0,"rotation":0,"texture":"#0"}},"rotation":{"origin":[8.12528,17.379833,6.9487786],"angle":45.0,"axis":"x"}},{"from":[8.52503,16.254833,5.8881187],"to":[8.52503,31.754831,10.388119],"faces":{"east":{"uv":[0.0,0.0,2.25,7.75],"tintindex":0,"rotation":0,"texture":"#0"},"west":{"uv":[2.25,0.0,0.0,7.75],"tintindex":0,"rotation":0,"texture":"#0"}}},{"from":[7.87528,8.735634,7.6749816],"to":[8.37528,12.485634,8.424982],"faces":{"east":{"uv":[6.25,10.75,6.625,12.625],"tintindex":0,"rotation":0,"texture":"#0"},"south":{"uv":[10.5,12.375,10.75,14.25],"tintindex":0,"rotation":0,"texture":"#0"},"north":{"uv":[10.25,12.375,10.5,14.25],"tintindex":0,"rotation":0,"texture":"#0"},"west":{"uv":[9.875,10.875,10.25,12.75],"tintindex":0,"rotation":0,"texture":"#0"},"up":{"uv":[12.25,2.625,12.0,2.25],"tintindex":0,"rotation":0,"texture":"#0"},"down":{"uv":[1.75,12.5,1.5,12.875],"tintindex":0,"rotation":0,"texture":"#0"}}},{"from":[7.75028,19.379833,8.320099],"to":[8.50028,20.879833,9.820099],"faces":{"east":{"uv":[11.875,6.875,12.625,7.625],"tintindex":0,"rotation":0,"texture":"#0"},"south":{"uv":[13.625,8.5,14.0,9.25],"tintindex":0,"rotation":0,"texture":"#0"},"north":{"uv":[8.5,13.625,8.875,14.375],"tintindex":0,"rotation":0,"texture":"#0"},"west":{"uv":[12.0,0.75,12.75,1.5],"tintindex":0,"rotation":0,"texture":"#0"},"up":{"uv":[9.25,14.375,8.875,13.625],"tintindex":0,"rotation":0,"texture":"#0"},"down":{"uv":[14.125,2.0,13.75,2.75],"tintindex":0,"rotation":0,"texture":"#0"}},"rotation":{"origin":[8.12528,20.129833,9.070099],"angle":-45.0,"axis":"x"}},{"from":[7.75028,16.629833,8.320099],"to":[8.50028,18.129833,9.820099],"faces":{"east":{"uv":[5.5,11.875,6.25,12.625],"tintindex":0,"rotation":0,"texture":"#0"},"south":{"uv":[13.625,4.75,14.0,5.5],"tintindex":0,"rotation":0,"texture":"#0"},"north":{"uv":[3.25,13.625,3.625,14.375],"tintindex":0,"rotation":0,"texture":"#0"},"west":{"uv":[11.875,6.125,12.625,6.875],"tintindex":0,"rotation":0,"texture":"#0"},"up":{"uv":[14.0,6.25,13.625,5.5],"tintindex":0,"rotation":0,"texture":"#0"},"down":{"uv":[14.0,7.75,13.625,8.5],"tintindex":0,"rotation":0,"texture":"#0"}},"rotation":{"origin":[8.12528,17.379833,9.070099],"angle":-45.0,"axis":"x"}},{"from":[7.75028,7.9856334,7.5499816],"to":[8.50028,8.735634,8.549982],"faces":{"east":{"uv":[14.0,5.875,14.5,6.25],"tintindex":0,"rotation":0,"texture":"#0"},"south":{"uv":[14.125,10.375,14.5,10.75],"tintindex":0,"rotation":0,"texture":"#0"},"north":{"uv":[14.125,4.25,14.5,4.625],"tintindex":0,"rotation":0,"texture":"#0"},"west":{"uv":[14.0,8.25,14.5,8.625],"tintindex":0,"rotation":0,"texture":"#0"},"up":{"uv":[14.375,9.125,14.0,8.625],"tintindex":0,"rotation":0,"texture":"#0"},"down":{"uv":[9.625,14.0,9.25,14.5],"tintindex":0,"rotation":0,"texture":"#0"}}},{"from":[7.25028,13.235634,5.937213],"to":[9.00028,14.235634,6.937213],"faces":{"east":{"uv":[8.0,5.75,8.5,6.25],"tintindex":0,"rotation":0,"texture":"#0"},"south":{"uv":[6.25,12.75,7.125,13.25],"tintindex":0,"rotation":0,"texture":"#0"},"north":{"uv":[12.75,1.5,13.625,2.0],"tintindex":0,"rotation":0,"texture":"#0"},"west":{"uv":[11.5,8.5,12.0,9.0],"tintindex":0,"rotation":0,"texture":"#0"},"up":{"uv":[13.625,8.375,12.75,7.875],"tintindex":0,"rotation":0,"texture":"#0"},"down":{"uv":[13.625,8.375,12.75,8.875],"tintindex":0,"rotation":0,"texture":"#0"}},"rotation":{"origin":[8.12528,14.235634,7.937213],"angle":22.5,"axis":"x"}},{"from":[7.75028,12.485634,7.5499816],"to":[8.50028,13.235634,8.549982],"faces":{"east":{"uv":[13.75,10.75,14.25,11.125],"tintindex":0,"rotation":0,"texture":"#0"},"south":{"uv":[14.125,2.375,14.5,2.75],"tintindex":0,"rotation":0,"texture":"#0"},"north":{"uv":[12.0,10.0,12.375,10.375],"tintindex":0,"rotation":0,"texture":"#0"},"west":{"uv":[14.0,3.875,14.5,4.25],"tintindex":0,"rotation":0,"texture":"#0"},"up":{"uv":[8.125,14.5,7.75,14.0],"tintindex":0,"rotation":0,"texture":"#0"},"down":{"uv":[14.375,7.75,14.0,8.25],"tintindex":0,"rotation":0,"texture":"#0"}}},{"from":[8.762779,12.6172695,5.850429],"to":[8.762779,15.3672695,10.35043],"faces":{"east":{"uv":[6.75,0.0,9.0,1.375],"tintindex":0,"rotation":0,"texture":"#0"},"west":{"uv":[9.0,0.0,6.75,1.375],"tintindex":0,"rotation":0,"texture":"#0"}}},{"from":[7.75028,19.379833,6.1987786],"to":[8.50028,20.879833,7.6987786],"faces":{"east":{"uv":[12.0,1.5,12.75,2.25],"tintindex":0,"rotation":0,"texture":"#0"},"south":{"uv":[6.0,13.75,6.375,14.5],"tintindex":0,"rotation":0,"texture":"#0"},"north":{"uv":[3.625,13.75,4.0,14.5],"tintindex":0,"rotation":0,"texture":"#0"},"west":{"uv":[12.0,8.5,12.75,9.25],"tintindex":0,"rotation":0,"texture":"#0"},"up":{"uv":[6.75,14.5,6.375,13.75],"tintindex":0,"rotation":0,"texture":"#0"},"down":{"uv":[7.125,13.75,6.75,14.5],"tintindex":0,"rotation":0,"texture":"#0"}},"rotation":{"origin":[8.12528,20.129833,6.9487786],"angle":45.0,"axis":"x"}},{"from":[7.75028,22.379833,8.320099],"to":[8.50028,23.879833,9.820099],"faces":{"east":{"uv":[12.0,9.25,12.75,10.0],"tintindex":0,"rotation":0,"texture":"#0"},"south":{"uv":[13.75,10.0,14.125,10.75],"tintindex":0,"rotation":0,"texture":"#0"},"north":{"uv":[13.75,9.25,14.125,10.0],"tintindex":0,"rotation":0,"texture":"#0"},"west":{"uv":[1.75,12.125,2.5,12.875],"tintindex":0,"rotation":0,"texture":"#0"},"up":{"uv":[11.5,14.5,11.125,13.75],"tintindex":0,"rotation":0,"texture":"#0"},"down":{"uv":[11.875,13.75,11.5,14.5],"tintindex":0,"rotation":0,"texture":"#0"}},"rotation":{"origin":[8.12528,23.129833,9.070099],"angle":-45.0,"axis":"x"}},{"from":[7.75028,14.294046,7.259439],"to":[8.50028,16.294046,9.259439],"faces":{"east":{"uv":[1.75,10.0,2.75,11.0],"tintindex":0,"rotation":0,"texture":"#0"},"south":{"uv":[1.875,13.375,2.25,14.375],"tintindex":0,"rotation":0,"texture":"#0"},"north":{"uv":[1.5,13.375,1.875,14.375],"tintindex":0,"rotation":0,"texture":"#0"},"west":{"uv":[2.75,10.0,1.75,11.0],"tintindex":0,"rotation":0,"texture":"#0"},"up":{"uv":[2.625,14.375,2.25,13.375],"tintindex":0,"rotation":0,"texture":"#0"},"down":{"uv":[3.0,13.375,2.625,14.375],"tintindex":0,"rotation":0,"texture":"#0"}},"rotation":{"origin":[8.12528,15.544046,8.009439],"angle":45.0,"axis":"x"}},{"from":[7.74528,16.254833,5.8881187],"to":[7.74528,31.754831,10.388119],"faces":{"east":{"uv":[0.0,0.0,2.25,7.75],"tintindex":0,"rotation":0,"texture":"#0"},"west":{"uv":[2.25,0.0,0.0,7.75],"tintindex":0,"rotation":0,"texture":"#0"}}}],"display":{"gui":{"rotation":[30,225,0]}}}