{"textures":{"0":"modelengine:entity/ethereal_reaver"},"elements":[{"from":[6.285714,4.5714283,8.0],"to":[9.714286,8.0,8.0],"rotation":{"angle":0.0,"axis":"y","origin":[6.857143,14.571428,10.571428]},"faces":{"east":{"uv":[0.0,0.0,0.0,0.75],"rotation":0,"texture":"#0","tintindex":0},"south":{"uv":[13.0,2.25,12.25,3.0],"rotation":0,"texture":"#0","tintindex":0},"north":{"uv":[12.25,2.25,13.0,3.0],"rotation":0,"texture":"#0","tintindex":0},"west":{"uv":[0.0,0.0,0.0,0.75],"rotation":0,"texture":"#0","tintindex":0},"up":{"uv":[0.75,0.0,0.0,0.0],"rotation":0,"texture":"#0","tintindex":0},"down":{"uv":[0.75,0.0,0.0,0.0],"rotation":0,"texture":"#0","tintindex":0}}}],"display":{"head":{"translation":[0.0,-6.4,0.0],"scale":[4.0,4.0,4.0]}}}