{"overrides":[{"predicate":{"custom_model_data":46},"model":"modelengine:cizha_the_scarecrow_head/cizha_the_scarecrow_head_throw"},{"predicate":{"custom_model_data":80},"model":"modelengine:cizha_the_scarecrow_intruder_minion/min_part"},{"predicate":{"custom_model_data":196},"model":"modelengine:cizha_the_scarecrow_raven_minion/sub_arm2"},{"predicate":{"custom_model_data":204},"model":"modelengine:cizha_the_scarecrow_raven_minion/sub_arm1"},{"predicate":{"custom_model_data":235},"model":"modelengine:cizha_the_scarecrow_raven_minion/arm1"},{"predicate":{"custom_model_data":252},"model":"modelengine:cizha_the_scarecrow_intruder_minion/sub_part"},{"predicate":{"custom_model_data":270},"model":"modelengine:cizha_the_scarecrow_raven_minion/arm2"},{"predicate":{"custom_model_data":272},"model":"modelengine:cizha_the_scarecrow_raven_minion/legs"},{"predicate":{"custom_model_data":273},"model":"modelengine:cizha_the_scarecrow_raven_minion/head"},{"predicate":{"custom_model_data":275},"model":"modelengine:cizha_the_scarecrow_raven_minion/raven_minion"},{"predicate":{"custom_model_data":277},"model":"modelengine:cizha_the_scarecrow_raven_minion/cape"},{"predicate":{"custom_model_data":527},"model":"modelengine:cizha_the_scarecrow_intruder_minion/cizha_the_scarecrow_intruder_minion"},{"predicate":{"custom_model_data":529},"model":"modelengine:cizha_the_scarecrow_head/cizha_the_scarecrow_head_dead"}],"parent":"minecraft:item/generated","textures":{"layer0":"minecraft:item/leather_horse_armor"}}