{"overrides":[{"predicate":{"custom_model_data":1},"model":"modelengine:smoke_vfx/s6"},{"predicate":{"custom_model_data":2},"model":"modelengine:smoke_vfx/ne5"},{"predicate":{"custom_model_data":4},"model":"modelengine:gargoyle_king_ender/upper_body_up"},{"predicate":{"custom_model_data":5},"model":"modelengine:smoke_vfx/nw1"},{"predicate":{"custom_model_data":6},"model":"modelengine:smoke_vfx/n15"},{"predicate":{"custom_model_data":7},"model":"modelengine:toro_ender_dragon/left_foreleg"},{"predicate":{"custom_model_data":10},"model":"modelengine:smoke_vfx/sw7"},{"predicate":{"custom_model_data":12},"model":"modelengine:gargoyle_king/left_thumb"},{"predicate":{"custom_model_data":15},"model":"modelengine:smoke_vfx/n5"},{"predicate":{"custom_model_data":17},"model":"modelengine:winter_golem/left_armf"},{"predicate":{"custom_model_data":18},"model":"modelengine:viking_miniboss/left_horn"},{"predicate":{"custom_model_data":20},"model":"modelengine:smoke_vfx/se8"},{"predicate":{"custom_model_data":23},"model":"modelengine:gargoyle_king_ender/head"},{"predicate":{"custom_model_data":24},"model":"modelengine:gargoyle_king/left_ankle"},{"predicate":{"custom_model_data":25},"model":"modelengine:toro_wither_still/spine"},{"predicate":{"custom_model_data":35},"model":"modelengine:gargoyle_king/tail_end"},{"predicate":{"custom_model_data":36},"model":"modelengine:gargoyle_king/right_wrist"},{"predicate":{"custom_model_data":37},"model":"modelengine:smoke_vfx/sw14"},{"predicate":{"custom_model_data":38},"model":"modelengine:toro_wither_terror/left_forearm"},{"predicate":{"custom_model_data":42},"model":"modelengine:winter_moth/right_wing"},{"predicate":{"custom_model_data":44},"model":"modelengine:smoke_vfx/e13"},{"predicate":{"custom_model_data":46},"model":"modelengine:cizha_the_scarecrow_head/cizha_the_scarecrow_head_throw"},{"predicate":{"custom_model_data":47},"model":"modelengine:smoke_vfx/se15"},{"predicate":{"custom_model_data":48},"model":"modelengine:viking_parts/back_hammer"},{"predicate":{"custom_model_data":50},"model":"modelengine:gargoyle_king_ender/right_arm"},{"predicate":{"custom_model_data":58},"model":"modelengine:winter_golem/right_armf"},{"predicate":{"custom_model_data":59},"model":"modelengine:viking_parts/back_axe"},{"predicate":{"custom_model_data":62},"model":"modelengine:toro_wither_terror/left_hand"},{"predicate":{"custom_model_data":64},"model":"modelengine:toro_ender_dragon/right_upperfoot"},{"predicate":{"custom_model_data":65},"model":"modelengine:lr_healthbar/15"},{"predicate":{"custom_model_data":66},"model":"modelengine:smoke_vfx/nw3"},{"predicate":{"custom_model_data":68},"model":"modelengine:toro_ender_dragon/belly"},{"predicate":{"custom_model_data":69},"model":"modelengine:ice_spike/ice"},{"predicate":{"custom_model_data":70},"model":"modelengine:toro_wither/right_claw"},{"predicate":{"custom_model_data":72},"model":"modelengine:smoke_vfx_initial/s1"},{"predicate":{"custom_model_data":73},"model":"modelengine:viking_decor4_parts/var1"},{"predicate":{"custom_model_data":76},"model":"modelengine:smoke_vfx/w6"},{"predicate":{"custom_model_data":79},"model":"modelengine:viking_miniboss/left_arm"},{"predicate":{"custom_model_data":80},"model":"modelengine:cizha_the_scarecrow_intruder_minion/min_part"},{"predicate":{"custom_model_data":83},"model":"modelengine:winter_moth/left_wing"},{"predicate":{"custom_model_data":84},"model":"modelengine:toro_wither_terror/right_finger_pinky"},{"predicate":{"custom_model_data":86},"model":"modelengine:viking_miniboss/head"},{"predicate":{"custom_model_data":88},"model":"modelengine:viking_parts/body_3"},{"predicate":{"custom_model_data":90},"model":"modelengine:smoke_vfx/ne15"},{"predicate":{"custom_model_data":91},"model":"modelengine:winter_moth/right_arm"},{"predicate":{"custom_model_data":93},"model":"modelengine:smoke_vfx/n14"},{"predicate":{"custom_model_data":96},"model":"modelengine:smoke_vfx/w15"},{"predicate":{"custom_model_data":97},"model":"modelengine:viking_decor/flag4"},{"predicate":{"custom_model_data":98},"model":"modelengine:toro_wither_terror/jaw"},{"predicate":{"custom_model_data":99},"model":"modelengine:viking_miniboss_door/doorleft"},{"predicate":{"custom_model_data":100},"model":"modelengine:toro_wither_terror/left_finger_mid"},{"predicate":{"custom_model_data":101},"model":"modelengine:toro_wither_terror/jaw2"},{"predicate":{"custom_model_data":102},"model":"modelengine:viking/hp_bar"},{"predicate":{"custom_model_data":103},"model":"modelengine:toro_wither/left_rib"},{"predicate":{"custom_model_data":107},"model":"modelengine:viking_miniboss_axe/axe"},{"predicate":{"custom_model_data":108},"model":"modelengine:toro_wither/right_arm"},{"predicate":{"custom_model_data":109},"model":"modelengine:viking_miniboss/right_hand"},{"predicate":{"custom_model_data":110},"model":"modelengine:winter_moth/left_armf"},{"predicate":{"custom_model_data":112},"model":"modelengine:viking_miniboss/hp_bar"},{"predicate":{"custom_model_data":113},"model":"modelengine:smoke_vfx/n12"},{"predicate":{"custom_model_data":114},"model":"modelengine:smoke_vfx/ne11"},{"predicate":{"custom_model_data":118},"model":"modelengine:smoke_vfx/n9"},{"predicate":{"custom_model_data":119},"model":"modelengine:viking_decor/flag2"},{"predicate":{"custom_model_data":120},"model":"modelengine:smoke_vfx/s5"},{"predicate":{"custom_model_data":121},"model":"modelengine:viking_miniboss/cape1"},{"predicate":{"custom_model_data":122},"model":"modelengine:smoke_vfx/ne9"},{"predicate":{"custom_model_data":124},"model":"modelengine:toro_ender_dragon/hip"},{"predicate":{"custom_model_data":125},"model":"modelengine:lr_healthbar/2"},{"predicate":{"custom_model_data":126},"model":"modelengine:gargoyle_king_ender/left_leg"},{"predicate":{"custom_model_data":127},"model":"modelengine:toro_ender_dragon/left_arm"},{"predicate":{"custom_model_data":128},"model":"modelengine:smoke_vfx/sw9"},{"predicate":{"custom_model_data":130},"model":"modelengine:viking_decor3/octagon2"},{"predicate":{"custom_model_data":132},"model":"modelengine:smoke_vfx/e3"},{"predicate":{"custom_model_data":133},"model":"modelengine:smoke_vfx/sw2"},{"predicate":{"custom_model_data":134},"model":"modelengine:smoke_vfx/s3"},{"predicate":{"custom_model_data":135},"model":"modelengine:viking/back"},{"predicate":{"custom_model_data":136},"model":"modelengine:viking/left_foot"},{"predicate":{"custom_model_data":137},"model":"modelengine:viking/right_arm"},{"predicate":{"custom_model_data":139},"model":"modelengine:gargoyle_king_nether/upper_body_up"},{"predicate":{"custom_model_data":142},"model":"modelengine:viking_miniboss/right_foot"},{"predicate":{"custom_model_data":143},"model":"modelengine:smoke_vfx/n13"},{"predicate":{"custom_model_data":144},"model":"modelengine:smoke_vfx/se13"},{"predicate":{"custom_model_data":145},"model":"modelengine:viking_parts/right_arm_1"},{"predicate":{"custom_model_data":146},"model":"modelengine:winter_golem/right_hand"},{"predicate":{"custom_model_data":147},"model":"modelengine:viking_miniboss_axeland/axe"},{"predicate":{"custom_model_data":148},"model":"modelengine:viking_miniboss_door/doorright"},{"predicate":{"custom_model_data":149},"model":"modelengine:toro_ender_dragon/right_forearm"},{"predicate":{"custom_model_data":150},"model":"modelengine:toro_ender_dragon/rightwing_root"},{"predicate":{"custom_model_data":151},"model":"modelengine:smoke_vfx/nw5"},{"predicate":{"custom_model_data":152},"model":"modelengine:smoke_vfx/s13"},{"predicate":{"custom_model_data":153},"model":"modelengine:smoke_vfx/s1"},{"predicate":{"custom_model_data":154},"model":"modelengine:lr_healthbar/9"},{"predicate":{"custom_model_data":155},"model":"modelengine:smoke_vfx/se1"},{"predicate":{"custom_model_data":156},"model":"modelengine:smoke_vfx/s15"},{"predicate":{"custom_model_data":158},"model":"modelengine:viking_parts/left_arm_3"},{"predicate":{"custom_model_data":159},"model":"modelengine:smoke_vfx/se6"},{"predicate":{"custom_model_data":160},"model":"modelengine:gargoyle_king_nether/left_arm"},{"predicate":{"custom_model_data":161},"model":"modelengine:winter_golem/left_hand"},{"predicate":{"custom_model_data":162},"model":"modelengine:smoke_vfx/sw15"},{"predicate":{"custom_model_data":163},"model":"modelengine:toro_wither/left_head"},{"predicate":{"custom_model_data":164},"model":"modelengine:smoke_vfx/ne1"},{"predicate":{"custom_model_data":166},"model":"modelengine:toro_ender_dragon/left_wing_bone_three"},{"predicate":{"custom_model_data":169},"model":"modelengine:gargoyle_king_nether/left_leg"},{"predicate":{"custom_model_data":170},"model":"modelengine:smoke_vfx/se2"},{"predicate":{"custom_model_data":171},"model":"modelengine:toro_ender_dragon/left_wing_claw_two"},{"predicate":{"custom_model_data":172},"model":"modelengine:winter_golem/right_leg"},{"predicate":{"custom_model_data":173},"model":"modelengine:smoke_vfx/se7"},{"predicate":{"custom_model_data":174},"model":"modelengine:viking/right_foot"},{"predicate":{"custom_model_data":175},"model":"modelengine:gargoyle_king_ender/left_finger"},{"predicate":{"custom_model_data":176},"model":"modelengine:toro_ender_dragon/tail2"},{"predicate":{"custom_model_data":177},"model":"modelengine:smoke_vfx/w11"},{"predicate":{"custom_model_data":178},"model":"modelengine:toro_ender_dragon/right_wing_claw_three"},{"predicate":{"custom_model_data":179},"model":"modelengine:smoke_vfx/ne12"},{"predicate":{"custom_model_data":180},"model":"modelengine:toro_ender_dragon/neck3"},{"predicate":{"custom_model_data":181},"model":"modelengine:smoke_vfx/sw11"},{"predicate":{"custom_model_data":182},"model":"modelengine:toro_ender_dragon/left_wing_claw_three"},{"predicate":{"custom_model_data":183},"model":"modelengine:smoke_vfx/se14"},{"predicate":{"custom_model_data":184},"model":"modelengine:toro_ender_dragon/right_claw"},{"predicate":{"custom_model_data":185},"model":"modelengine:toro_ender_dragon/right_leg"},{"predicate":{"custom_model_data":186},"model":"modelengine:smoke_vfx/nw14"},{"predicate":{"custom_model_data":187},"model":"modelengine:toro_ender_dragon/left_forearm"},{"predicate":{"custom_model_data":188},"model":"modelengine:smoke_vfx/sw13"},{"predicate":{"custom_model_data":189},"model":"modelengine:toro_ender_dragon/neck1"},{"predicate":{"custom_model_data":190},"model":"modelengine:smoke_vfx/e11"},{"predicate":{"custom_model_data":191},"model":"modelengine:toro_ender_dragon/neck2"},{"predicate":{"custom_model_data":192},"model":"modelengine:frost_bear/left_arm"},{"predicate":{"custom_model_data":194},"model":"modelengine:toro_wither_skull_2ndphase/head"},{"predicate":{"custom_model_data":195},"model":"modelengine:frost_bear/left_legf"},{"predicate":{"custom_model_data":196},"model":"modelengine:cizha_the_scarecrow_raven_minion/sub_arm2"},{"predicate":{"custom_model_data":197},"model":"modelengine:gargoyle_king/upper_body"},{"predicate":{"custom_model_data":198},"model":"modelengine:toro_wither_still/right_neck"},{"predicate":{"custom_model_data":199},"model":"modelengine:gargoyle_king/right_leg"},{"predicate":{"custom_model_data":200},"model":"modelengine:toro_wither_still/body"},{"predicate":{"custom_model_data":201},"model":"modelengine:gargoyle_king/upper_body_up"},{"predicate":{"custom_model_data":202},"model":"modelengine:toro_wither_still/head"},{"predicate":{"custom_model_data":203},"model":"modelengine:toro_wither_still/right_head"},{"predicate":{"custom_model_data":204},"model":"modelengine:cizha_the_scarecrow_raven_minion/sub_arm1"},{"predicate":{"custom_model_data":205},"model":"modelengine:toro_wither_skull_2ndphase/jaw"},{"predicate":{"custom_model_data":206},"model":"modelengine:frost_bear/left_leg"},{"predicate":{"custom_model_data":207},"model":"modelengine:toro_wither/left_claw"},{"predicate":{"custom_model_data":208},"model":"modelengine:frost_bear/main"},{"predicate":{"custom_model_data":209},"model":"modelengine:toro_wither_pool/pool"},{"predicate":{"custom_model_data":210},"model":"modelengine:gargoyle_king/right_thigh"},{"predicate":{"custom_model_data":211},"model":"modelengine:toro_wither_still/core"},{"predicate":{"custom_model_data":212},"model":"modelengine:smoke_vfx/s2"},{"predicate":{"custom_model_data":215},"model":"modelengine:gargoyle_king_ender/left_arm"},{"predicate":{"custom_model_data":216},"model":"modelengine:smoke_vfx/ne2"},{"predicate":{"custom_model_data":217},"model":"modelengine:lr_healthbar/17"},{"predicate":{"custom_model_data":218},"model":"modelengine:smoke_vfx/w5"},{"predicate":{"custom_model_data":220},"model":"modelengine:toro_ender_dragon/left_upperfoot"},{"predicate":{"custom_model_data":222},"model":"modelengine:winter_golem/left_legf"},{"predicate":{"custom_model_data":223},"model":"modelengine:viking_decor4_parts/var3"},{"predicate":{"custom_model_data":224},"model":"modelengine:winter_golem/head"},{"predicate":{"custom_model_data":225},"model":"modelengine:viking_miniboss/right_arm"},{"predicate":{"custom_model_data":226},"model":"modelengine:smoke_vfx/s9"},{"predicate":{"custom_model_data":227},"model":"modelengine:gargoyle_king_nether/left_finger"},{"predicate":{"custom_model_data":228},"model":"modelengine:viking_miniboss_parts/left_empty"},{"predicate":{"custom_model_data":229},"model":"modelengine:gargoyle_king_nether/right_leg"},{"predicate":{"custom_model_data":230},"model":"modelengine:smoke_vfx/e15"},{"predicate":{"custom_model_data":232},"model":"modelengine:toro_wither_terror/left_thumb"},{"predicate":{"custom_model_data":233},"model":"modelengine:smoke_vfx/w14"},{"predicate":{"custom_model_data":234},"model":"modelengine:viking_parts/back_shieldhammer"},{"predicate":{"custom_model_data":235},"model":"modelengine:cizha_the_scarecrow_raven_minion/arm1"},{"predicate":{"custom_model_data":236},"model":"modelengine:smoke_vfx/s12"},{"predicate":{"custom_model_data":238},"model":"modelengine:smoke_vfx/nw10"},{"predicate":{"custom_model_data":239},"model":"modelengine:smoke_vfx/nw13"},{"predicate":{"custom_model_data":241},"model":"modelengine:gargoyle_king_ender/left_thumb"},{"predicate":{"custom_model_data":246},"model":"modelengine:toro_wither_skull/left_head"},{"predicate":{"custom_model_data":248},"model":"modelengine:lr_healthbar/20"},{"predicate":{"custom_model_data":249},"model":"modelengine:viking_parts/back_shieldaxe2"},{"predicate":{"custom_model_data":250},"model":"modelengine:smoke_vfx/ne6"},{"predicate":{"custom_model_data":252},"model":"modelengine:cizha_the_scarecrow_intruder_minion/sub_part"},{"predicate":{"custom_model_data":253},"model":"modelengine:viking_miniboss/left_hand"},{"predicate":{"custom_model_data":254},"model":"modelengine:lr_healthbar/11"},{"predicate":{"custom_model_data":257},"model":"modelengine:gargoyle_king/right_arm"},{"predicate":{"custom_model_data":258},"model":"modelengine:toro_ender_dragon/right_arm"},{"predicate":{"custom_model_data":259},"model":"modelengine:viking/hip"},{"predicate":{"custom_model_data":260},"model":"modelengine:smoke_vfx/n6"},{"predicate":{"custom_model_data":261},"model":"modelengine:smoke_vfx/s14"},{"predicate":{"custom_model_data":262},"model":"modelengine:smoke_vfx/w7"},{"predicate":{"custom_model_data":264},"model":"modelengine:frost_bear/right_legf"},{"predicate":{"custom_model_data":266},"model":"modelengine:frost_bear/upper"},{"predicate":{"custom_model_data":268},"model":"modelengine:frost_bear/right_leg"},{"predicate":{"custom_model_data":270},"model":"modelengine:cizha_the_scarecrow_raven_minion/arm2"},{"predicate":{"custom_model_data":272},"model":"modelengine:cizha_the_scarecrow_raven_minion/legs"},{"predicate":{"custom_model_data":273},"model":"modelengine:cizha_the_scarecrow_raven_minion/head"},{"predicate":{"custom_model_data":275},"model":"modelengine:cizha_the_scarecrow_raven_minion/raven_minion"},{"predicate":{"custom_model_data":277},"model":"modelengine:cizha_the_scarecrow_raven_minion/cape"},{"predicate":{"custom_model_data":279},"model":"modelengine:frost_bear/head"},{"predicate":{"custom_model_data":282},"model":"modelengine:toro_ender_dragon/head"},{"predicate":{"custom_model_data":286},"model":"modelengine:toro_ender_dragon/left_wingtip_two"},{"predicate":{"custom_model_data":288},"model":"modelengine:toro_ender_dragon/right_wingtip_two"},{"predicate":{"custom_model_data":290},"model":"modelengine:toro_ender_dragon/right_wingtip_one"},{"predicate":{"custom_model_data":291},"model":"modelengine:toro_wither/head"},{"predicate":{"custom_model_data":293},"model":"modelengine:toro_ender_dragon/tail4"},{"predicate":{"custom_model_data":295},"model":"modelengine:toro_ender_dragon/left_foot"},{"predicate":{"custom_model_data":297},"model":"modelengine:toro_ender_dragon/left_wing_bone_two"},{"predicate":{"custom_model_data":299},"model":"modelengine:toro_ender_dragon/right_wing_bone_two"},{"predicate":{"custom_model_data":300},"model":"modelengine:toro_wither/right_forearm"},{"predicate":{"custom_model_data":301},"model":"modelengine:toro_ender_dragon/tail3"},{"predicate":{"custom_model_data":302},"model":"modelengine:viking_decor/flag3"},{"predicate":{"custom_model_data":303},"model":"modelengine:toro_wither_terror/head_on_hand"},{"predicate":{"custom_model_data":304},"model":"modelengine:viking_miniboss/body"},{"predicate":{"custom_model_data":305},"model":"modelengine:smoke_vfx/ne10"},{"predicate":{"custom_model_data":306},"model":"modelengine:smoke_vfx/e14"},{"predicate":{"custom_model_data":307},"model":"modelengine:ice_boar/right_back_leg"},{"predicate":{"custom_model_data":309},"model":"modelengine:winter_golem/right_legf"},{"predicate":{"custom_model_data":310},"model":"modelengine:viking_miniboss/right_horn"},{"predicate":{"custom_model_data":311},"model":"modelengine:smoke_vfx/w2"},{"predicate":{"custom_model_data":312},"model":"modelengine:viking_parts/right_hand_axe"},{"predicate":{"custom_model_data":313},"model":"modelengine:toro_wither_terror/right_finger_index"},{"predicate":{"custom_model_data":315},"model":"modelengine:smoke_vfx/ne14"},{"predicate":{"custom_model_data":316},"model":"modelengine:toro_ender_dragon/right_foreleg"},{"predicate":{"custom_model_data":317},"model":"modelengine:toro_wither/right_rib"},{"predicate":{"custom_model_data":318},"model":"modelengine:smoke_vfx/nw11"},{"predicate":{"custom_model_data":319},"model":"modelengine:viking_decor3_parts/variation2"},{"predicate":{"custom_model_data":321},"model":"modelengine:smoke_vfx/w10"},{"predicate":{"custom_model_data":322},"model":"modelengine:winter_moth/left_arm"},{"predicate":{"custom_model_data":323},"model":"modelengine:viking_parts/empty"},{"predicate":{"custom_model_data":324},"model":"modelengine:lr_healthbar/10"},{"predicate":{"custom_model_data":325},"model":"modelengine:lr_healthbar/16"},{"predicate":{"custom_model_data":329},"model":"modelengine:viking_rune_parts/luck"},{"predicate":{"custom_model_data":330},"model":"modelengine:gargoyle_king_ender/tail_mid"},{"predicate":{"custom_model_data":331},"model":"modelengine:smoke_vfx/se10"},{"predicate":{"custom_model_data":333},"model":"modelengine:toro_ender_dragon/left_claw"},{"predicate":{"custom_model_data":334},"model":"modelengine:viking_decor4_parts/var2"},{"predicate":{"custom_model_data":335},"model":"modelengine:gargoyle_king_nether/right_arm"},{"predicate":{"custom_model_data":336},"model":"modelengine:viking_decor3/octagon"},{"predicate":{"custom_model_data":337},"model":"modelengine:viking_decor3_parts/variation1"},{"predicate":{"custom_model_data":338},"model":"modelengine:viking_decor2/base"},{"predicate":{"custom_model_data":339},"model":"modelengine:viking_decor3/base"},{"predicate":{"custom_model_data":340},"model":"modelengine:viking_parts/head_6"},{"predicate":{"custom_model_data":341},"model":"modelengine:viking_parts/hip_hammer"},{"predicate":{"custom_model_data":342},"model":"modelengine:viking_miniboss_parts/right_empty"},{"predicate":{"custom_model_data":343},"model":"modelengine:viking_parts/head_3"},{"predicate":{"custom_model_data":344},"model":"modelengine:toro_ender_dragon/left_wing_claw_one"},{"predicate":{"custom_model_data":345},"model":"modelengine:toro_ender_dragon/jaw"},{"predicate":{"custom_model_data":346},"model":"modelengine:toro_ender_dragon/left_wing_bone_one"},{"predicate":{"custom_model_data":347},"model":"modelengine:toro_ender_dragon/right_wing_claw_two"},{"predicate":{"custom_model_data":348},"model":"modelengine:toro_wither_terror/tail3"},{"predicate":{"custom_model_data":349},"model":"modelengine:toro_wither_terror/right_hand"},{"predicate":{"custom_model_data":350},"model":"modelengine:toro_wither_terror/right_forearm"},{"predicate":{"custom_model_data":351},"model":"modelengine:toro_wither_terror/head"},{"predicate":{"custom_model_data":352},"model":"modelengine:smoke_vfx/w8"},{"predicate":{"custom_model_data":353},"model":"modelengine:smoke_vfx/sw8"},{"predicate":{"custom_model_data":354},"model":"modelengine:smoke_vfx/n8"},{"predicate":{"custom_model_data":355},"model":"modelengine:smoke_vfx/nw9"},{"predicate":{"custom_model_data":368},"model":"modelengine:smoke_vfx/e7"},{"predicate":{"custom_model_data":369},"model":"modelengine:smoke_vfx/nw15"},{"predicate":{"custom_model_data":370},"model":"modelengine:smoke_vfx/n2"},{"predicate":{"custom_model_data":371},"model":"modelengine:smoke_vfx/nw2"},{"predicate":{"custom_model_data":372},"model":"modelengine:smoke_vfx/sw1"},{"predicate":{"custom_model_data":373},"model":"modelengine:smoke_vfx/e1"},{"predicate":{"custom_model_data":374},"model":"modelengine:smoke_vfx/se11"},{"predicate":{"custom_model_data":375},"model":"modelengine:smoke_vfx/n11"},{"predicate":{"custom_model_data":376},"model":"modelengine:gargoyle_king/right_thumb"},{"predicate":{"custom_model_data":377},"model":"modelengine:gargoyle_king_ender/right_thigh"},{"predicate":{"custom_model_data":378},"model":"modelengine:gargoyle_king/left_wrist"},{"predicate":{"custom_model_data":379},"model":"modelengine:gargoyle_king/right_foot"},{"predicate":{"custom_model_data":384},"model":"modelengine:smoke_vfx/nw12"},{"predicate":{"custom_model_data":385},"model":"modelengine:smoke_vfx/w12"},{"predicate":{"custom_model_data":386},"model":"modelengine:lr_healthbar/14"},{"predicate":{"custom_model_data":387},"model":"modelengine:smoke_vfx/e12"},{"predicate":{"custom_model_data":388},"model":"modelengine:gargoyle_king_nether/right_finger"},{"predicate":{"custom_model_data":389},"model":"modelengine:ice_boar/back"},{"predicate":{"custom_model_data":390},"model":"modelengine:gargoyle_king_nether/tail_end"},{"predicate":{"custom_model_data":391},"model":"modelengine:gargoyle_king_nether/left_wrist"},{"predicate":{"custom_model_data":397},"model":"modelengine:ice_boar/right_front_leg"},{"predicate":{"custom_model_data":400},"model":"modelengine:lr_healthbar/1"},{"predicate":{"custom_model_data":401},"model":"modelengine:lr_healthbar/19"},{"predicate":{"custom_model_data":402},"model":"modelengine:lr_healthbar/4"},{"predicate":{"custom_model_data":403},"model":"modelengine:lr_healthbar/3"},{"predicate":{"custom_model_data":404},"model":"modelengine:lr_healthbar/7"},{"predicate":{"custom_model_data":405},"model":"modelengine:lr_healthbar/5"},{"predicate":{"custom_model_data":406},"model":"modelengine:gargoyle_king_nether/right_wing"},{"predicate":{"custom_model_data":408},"model":"modelengine:gargoyle_king_nether/right_thumb"},{"predicate":{"custom_model_data":410},"model":"modelengine:gargoyle_king_nether/left_foot"},{"predicate":{"custom_model_data":411},"model":"modelengine:ice_boar/front"},{"predicate":{"custom_model_data":412},"model":"modelengine:ice_boar/tail"},{"predicate":{"custom_model_data":413},"model":"modelengine:gargoyle_king_nether/left_ankle"},{"predicate":{"custom_model_data":414},"model":"modelengine:gargoyle_king_nether/left_wing"},{"predicate":{"custom_model_data":415},"model":"modelengine:gargoyle_king_nether/jaw"},{"predicate":{"custom_model_data":416},"model":"modelengine:gargoyle_king_nether/right_ankle"},{"predicate":{"custom_model_data":417},"model":"modelengine:gargoyle_king_ender/left_wrist"},{"predicate":{"custom_model_data":418},"model":"modelengine:gargoyle_king_ender/left_wing"},{"predicate":{"custom_model_data":419},"model":"modelengine:gargoyle_king_ender/tail_end"},{"predicate":{"custom_model_data":420},"model":"modelengine:gargoyle_king_ender/right_foot"},{"predicate":{"custom_model_data":421},"model":"modelengine:gargoyle_king_ender/left_ankle"},{"predicate":{"custom_model_data":422},"model":"modelengine:gargoyle_king_nether/upper_body"},{"predicate":{"custom_model_data":423},"model":"modelengine:gargoyle_king_ender/right_wing"},{"predicate":{"custom_model_data":424},"model":"modelengine:gargoyle_king_ender/right_ankle"},{"predicate":{"custom_model_data":425},"model":"modelengine:smoke_vfx/s8"},{"predicate":{"custom_model_data":426},"model":"modelengine:smoke_vfx/nw8"},{"predicate":{"custom_model_data":427},"model":"modelengine:smoke_vfx/e8"},{"predicate":{"custom_model_data":428},"model":"modelengine:smoke_vfx/w3"},{"predicate":{"custom_model_data":429},"model":"modelengine:smoke_vfx/ne8"},{"predicate":{"custom_model_data":430},"model":"modelengine:smoke_vfx/e9"},{"predicate":{"custom_model_data":431},"model":"modelengine:smoke_vfx/n7"},{"predicate":{"custom_model_data":432},"model":"modelengine:smoke_vfx/e2"},{"predicate":{"custom_model_data":433},"model":"modelengine:smoke_vfx/nw7"},{"predicate":{"custom_model_data":434},"model":"modelengine:smoke_vfx/n3"},{"predicate":{"custom_model_data":435},"model":"modelengine:smoke_vfx/w9"},{"predicate":{"custom_model_data":436},"model":"modelengine:smoke_vfx/se3"},{"predicate":{"custom_model_data":437},"model":"modelengine:smoke_vfx/s7"},{"predicate":{"custom_model_data":438},"model":"modelengine:smoke_vfx/ne3"},{"predicate":{"custom_model_data":443},"model":"modelengine:gargoyle_king_ender/left_foot"},{"predicate":{"custom_model_data":445},"model":"modelengine:gargoyle_king_ender/jaw"},{"predicate":{"custom_model_data":446},"model":"modelengine:gargoyle_king_ender/right_finger"},{"predicate":{"custom_model_data":447},"model":"modelengine:gargoyle_king_ender/right_wrist"},{"predicate":{"custom_model_data":448},"model":"modelengine:viking_miniboss/left_forearm"},{"predicate":{"custom_model_data":449},"model":"modelengine:viking_miniboss/left_foot"},{"predicate":{"custom_model_data":450},"model":"modelengine:viking_miniboss/right_forearm"},{"predicate":{"custom_model_data":451},"model":"modelengine:viking_miniboss/beard2"},{"predicate":{"custom_model_data":465},"model":"modelengine:viking_miniboss_parts/axe"},{"predicate":{"custom_model_data":466},"model":"modelengine:viking_parts/head_7"},{"predicate":{"custom_model_data":467},"model":"modelengine:viking_parts/left_hand_axe"},{"predicate":{"custom_model_data":468},"model":"modelengine:viking_parts/head_1"},{"predicate":{"custom_model_data":469},"model":"modelengine:viking_parts/left_arm_1"},{"predicate":{"custom_model_data":470},"model":"modelengine:viking_parts/right_arm_3"},{"predicate":{"custom_model_data":471},"model":"modelengine:viking_parts/head_4"},{"predicate":{"custom_model_data":472},"model":"modelengine:viking_rune_parts/blank"},{"predicate":{"custom_model_data":473},"model":"modelengine:viking_rune_parts/speed"},{"predicate":{"custom_model_data":474},"model":"modelengine:viking_stone_pile/stone"},{"predicate":{"custom_model_data":475},"model":"modelengine:viking_rune_power/base"},{"predicate":{"custom_model_data":476},"model":"modelengine:viking_parts/left_hand_shield2"},{"predicate":{"custom_model_data":477},"model":"modelengine:viking_parts/left_hand_shield1"},{"predicate":{"custom_model_data":478},"model":"modelengine:viking_parts/right_hand_mace"},{"predicate":{"custom_model_data":479},"model":"modelengine:viking_parts/right_hand_hammer"},{"predicate":{"custom_model_data":480},"model":"modelengine:toro_wither_terror/right_thumb"},{"predicate":{"custom_model_data":481},"model":"modelengine:viking/body"},{"predicate":{"custom_model_data":482},"model":"modelengine:toro_ender_dragon/chest"},{"predicate":{"custom_model_data":483},"model":"modelengine:smoke_vfx_initial/e1"},{"predicate":{"custom_model_data":484},"model":"modelengine:toro_wither_terror/left_finger_index"},{"predicate":{"custom_model_data":485},"model":"modelengine:smoke_vfx_initial/n1"},{"predicate":{"custom_model_data":486},"model":"modelengine:toro_wither_terror/left_finger_pinky"},{"predicate":{"custom_model_data":487},"model":"modelengine:toro_ender_dragon/leftwing_root"},{"predicate":{"custom_model_data":488},"model":"modelengine:toro_wither_terror/right_finger_mid"},{"predicate":{"custom_model_data":489},"model":"modelengine:smoke_vfx_initial/sw1"},{"predicate":{"custom_model_data":490},"model":"modelengine:smoke_vfx_initial/w1"},{"predicate":{"custom_model_data":491},"model":"modelengine:smoke_vfx_initial/nw1"},{"predicate":{"custom_model_data":492},"model":"modelengine:winter_moth/tail"},{"predicate":{"custom_model_data":493},"model":"modelengine:smoke_vfx_initial/ne1"},{"predicate":{"custom_model_data":507},"model":"modelengine:viking/left_arm"},{"predicate":{"custom_model_data":508},"model":"modelengine:viking/right_leg"},{"predicate":{"custom_model_data":509},"model":"modelengine:toro_wither/right_neck"},{"predicate":{"custom_model_data":510},"model":"modelengine:toro_wither/core"},{"predicate":{"custom_model_data":511},"model":"modelengine:toro_wither/left_neck"},{"predicate":{"custom_model_data":512},"model":"modelengine:toro_wither/left_arm"},{"predicate":{"custom_model_data":513},"model":"modelengine:toro_wither/jaw"},{"predicate":{"custom_model_data":514},"model":"modelengine:toro_wither/spine"},{"predicate":{"custom_model_data":515},"model":"modelengine:toro_wither/left_forearm"},{"predicate":{"custom_model_data":517},"model":"modelengine:toro_wither/right_head"},{"predicate":{"custom_model_data":518},"model":"modelengine:viking/right_hand"},{"predicate":{"custom_model_data":525},"model":"modelengine:lr_healthbar/8"},{"predicate":{"custom_model_data":527},"model":"modelengine:cizha_the_scarecrow_intruder_minion/cizha_the_scarecrow_intruder_minion"},{"predicate":{"custom_model_data":528},"model":"modelengine:gargoyle_king/left_thigh"},{"predicate":{"custom_model_data":529},"model":"modelengine:cizha_the_scarecrow_head/cizha_the_scarecrow_head_dead"},{"predicate":{"custom_model_data":530},"model":"modelengine:gargoyle_king/tail_mid"},{"predicate":{"custom_model_data":531},"model":"modelengine:frost_bear/right_arm"},{"predicate":{"custom_model_data":532},"model":"modelengine:gargoyle_king/tail"},{"predicate":{"custom_model_data":533},"model":"modelengine:gargoyle_king/left_leg"},{"predicate":{"custom_model_data":536},"model":"modelengine:frost_bear/right_armf"},{"predicate":{"custom_model_data":537},"model":"modelengine:frost_bear/left_armf"},{"predicate":{"custom_model_data":544},"model":"modelengine:toro_ender_dragon/right_wingforearm"},{"predicate":{"custom_model_data":545},"model":"modelengine:smoke_vfx/e5"},{"predicate":{"custom_model_data":546},"model":"modelengine:smoke_vfx/sw5"},{"predicate":{"custom_model_data":547},"model":"modelengine:smoke_vfx/e4"},{"predicate":{"custom_model_data":548},"model":"modelengine:winter_moth/right_armf"},{"predicate":{"custom_model_data":549},"model":"modelengine:smoke_vfx/w4"},{"predicate":{"custom_model_data":550},"model":"modelengine:toro_ender_dragon/left_wingforearm"},{"predicate":{"custom_model_data":551},"model":"modelengine:toro_ender_dragon/left_leg"},{"predicate":{"custom_model_data":552},"model":"modelengine:toro_ender_dragon/tail1"},{"predicate":{"custom_model_data":553},"model":"modelengine:smoke_vfx/se5"},{"predicate":{"custom_model_data":554},"model":"modelengine:gargoyle_king/left_wing"},{"predicate":{"custom_model_data":555},"model":"modelengine:gargoyle_king/left_finger"},{"predicate":{"custom_model_data":556},"model":"modelengine:gargoyle_king/left_arm"},{"predicate":{"custom_model_data":557},"model":"modelengine:gargoyle_king/right_wing"},{"predicate":{"custom_model_data":558},"model":"modelengine:gargoyle_king_ender/tail"},{"predicate":{"custom_model_data":559},"model":"modelengine:gargoyle_king/left_foot"},{"predicate":{"custom_model_data":560},"model":"modelengine:gargoyle_king_ender/upper_body"},{"predicate":{"custom_model_data":561},"model":"modelengine:gargoyle_king_ender/left_thigh"},{"predicate":{"custom_model_data":564},"model":"modelengine:gargoyle_king/right_finger"},{"predicate":{"custom_model_data":570},"model":"modelengine:gargoyle_king_nether/head"},{"predicate":{"custom_model_data":571},"model":"modelengine:ice_boar/head"},{"predicate":{"custom_model_data":572},"model":"modelengine:lr_healthbar/12"},{"predicate":{"custom_model_data":573},"model":"modelengine:gargoyle_king_nether/right_wrist"},{"predicate":{"custom_model_data":574},"model":"modelengine:ice_boar/left_front_leg"},{"predicate":{"custom_model_data":575},"model":"modelengine:ice_pillar/main"},{"predicate":{"custom_model_data":576},"model":"modelengine:ice_boar/left_back_leg"},{"predicate":{"custom_model_data":578},"model":"modelengine:gargoyle_king_nether/right_foot"},{"predicate":{"custom_model_data":579},"model":"modelengine:gargoyle_king_nether/left_thumb"},{"predicate":{"custom_model_data":580},"model":"modelengine:toro_wither_still/right_rib"},{"predicate":{"custom_model_data":581},"model":"modelengine:toro_wither_still/left_head"},{"predicate":{"custom_model_data":582},"model":"modelengine:toro_wither_still/left_forearm"},{"predicate":{"custom_model_data":583},"model":"modelengine:toro_wither_still/right_claw"},{"predicate":{"custom_model_data":584},"model":"modelengine:toro_wither_still/nothing"},{"predicate":{"custom_model_data":585},"model":"modelengine:gargoyle_king_nether/right_thigh"},{"predicate":{"custom_model_data":586},"model":"modelengine:toro_wither_still/left_arm"},{"predicate":{"custom_model_data":587},"model":"modelengine:gargoyle_king_nether/left_thigh"},{"predicate":{"custom_model_data":588},"model":"modelengine:toro_wither_still/right_arm"},{"predicate":{"custom_model_data":589},"model":"modelengine:toro_wither_still/jaw"},{"predicate":{"custom_model_data":590},"model":"modelengine:gargoyle_king_nether/tail"},{"predicate":{"custom_model_data":591},"model":"modelengine:toro_wither_still/left_rib"},{"predicate":{"custom_model_data":592},"model":"modelengine:winter_moth/upper"},{"predicate":{"custom_model_data":594},"model":"modelengine:gargoyle_king_ender/right_leg"},{"predicate":{"custom_model_data":595},"model":"modelengine:smoke_vfx_initial/se1"},{"predicate":{"custom_model_data":600},"model":"modelengine:viking_parts/body_2"},{"predicate":{"custom_model_data":601},"model":"modelengine:viking_parts/head_2"},{"predicate":{"custom_model_data":602},"model":"modelengine:viking_parts/back_shield"},{"predicate":{"custom_model_data":603},"model":"modelengine:viking_parts/body_1"},{"predicate":{"custom_model_data":604},"model":"modelengine:smoke_vfx/ne4"},{"predicate":{"custom_model_data":605},"model":"modelengine:lr_healthbar/6"},{"predicate":{"custom_model_data":606},"model":"modelengine:toro_wither/body"},{"predicate":{"custom_model_data":607},"model":"modelengine:toro_ender_dragon/tail5"},{"predicate":{"custom_model_data":608},"model":"modelengine:toro_ender_dragon/right_wing_bone_one"},{"predicate":{"custom_model_data":609},"model":"modelengine:toro_ender_dragon/right_foot"},{"predicate":{"custom_model_data":610},"model":"modelengine:toro_ender_dragon/right_wing_claw_one"},{"predicate":{"custom_model_data":620},"model":"modelengine:toro_ender_dragon/left_wingtip_one"},{"predicate":{"custom_model_data":621},"model":"modelengine:smoke_vfx/sw4"},{"predicate":{"custom_model_data":622},"model":"modelengine:smoke_vfx/s4"},{"predicate":{"custom_model_data":623},"model":"modelengine:smoke_vfx/se4"},{"predicate":{"custom_model_data":624},"model":"modelengine:smoke_vfx/n4"},{"predicate":{"custom_model_data":625},"model":"modelengine:smoke_vfx/nw4"},{"predicate":{"custom_model_data":626},"model":"modelengine:toro_wither_still/right_forearm"},{"predicate":{"custom_model_data":627},"model":"modelengine:toro_wither_still/left_neck"},{"predicate":{"custom_model_data":628},"model":"modelengine:toro_wither_terror/right_arm"},{"predicate":{"custom_model_data":629},"model":"modelengine:toro_wither_terror/tail1"},{"predicate":{"custom_model_data":630},"model":"modelengine:toro_wither_still/left_claw"},{"predicate":{"custom_model_data":631},"model":"modelengine:toro_wither_still/spine2"},{"predicate":{"custom_model_data":632},"model":"modelengine:toro_wither_terror/tail2"},{"predicate":{"custom_model_data":633},"model":"modelengine:toro_wither_terror/neck"},{"predicate":{"custom_model_data":634},"model":"modelengine:toro_wither_terror/left_arm"},{"predicate":{"custom_model_data":635},"model":"modelengine:smoke_vfx/sw3"},{"predicate":{"custom_model_data":639},"model":"modelengine:smoke_vfx/s10"},{"predicate":{"custom_model_data":640},"model":"modelengine:gargoyle_king_nether/tail_mid"},{"predicate":{"custom_model_data":641},"model":"modelengine:smoke_vfx/ne7"},{"predicate":{"custom_model_data":644},"model":"modelengine:toro_wither_terror/body"},{"predicate":{"custom_model_data":645},"model":"modelengine:viking_decor4/base"},{"predicate":{"custom_model_data":646},"model":"modelengine:winter_golem/upper"},{"predicate":{"custom_model_data":647},"model":"modelengine:smoke_vfx/s11"},{"predicate":{"custom_model_data":648},"model":"modelengine:smoke_vfx/sw12"},{"predicate":{"custom_model_data":649},"model":"modelengine:viking_parts/head_5"},{"predicate":{"custom_model_data":650},"model":"modelengine:gargoyle_king/jaw"},{"predicate":{"custom_model_data":651},"model":"modelengine:viking/left_leg"},{"predicate":{"custom_model_data":654},"model":"modelengine:smoke_vfx/e10"},{"predicate":{"custom_model_data":655},"model":"modelengine:viking_parts/hip_mace"},{"predicate":{"custom_model_data":656},"model":"modelengine:winter_golem/right_arm"},{"predicate":{"custom_model_data":658},"model":"modelengine:gargoyle_king_ender/right_thumb"},{"predicate":{"custom_model_data":659},"model":"modelengine:winter_golem/left_leg"},{"predicate":{"custom_model_data":660},"model":"modelengine:lr_healthbar/18"},{"predicate":{"custom_model_data":661},"model":"modelengine:smoke_vfx/w1"},{"predicate":{"custom_model_data":662},"model":"modelengine:viking_parts/back_shieldaxe"},{"predicate":{"custom_model_data":663},"model":"modelengine:smoke_vfx/ne13"},{"predicate":{"custom_model_data":664},"model":"modelengine:winter_moth/main"},{"predicate":{"custom_model_data":666},"model":"modelengine:viking_parts/head_8"},{"predicate":{"custom_model_data":667},"model":"modelengine:viking_miniboss/left_leg"},{"predicate":{"custom_model_data":669},"model":"modelengine:lr_healthbar/13"},{"predicate":{"custom_model_data":670},"model":"modelengine:gargoyle_king/right_ankle"},{"predicate":{"custom_model_data":671},"model":"modelengine:smoke_vfx/nw6"},{"predicate":{"custom_model_data":672},"model":"modelengine:smoke_vfx/n10"},{"predicate":{"custom_model_data":675},"model":"modelengine:smoke_vfx/se12"},{"predicate":{"custom_model_data":676},"model":"modelengine:gargoyle_king/head"},{"predicate":{"custom_model_data":678},"model":"modelengine:viking_decor/base"},{"predicate":{"custom_model_data":681},"model":"modelengine:smoke_vfx/n1"},{"predicate":{"custom_model_data":682},"model":"modelengine:viking/left_hand"},{"predicate":{"custom_model_data":683},"model":"modelengine:smoke_vfx/sw10"},{"predicate":{"custom_model_data":684},"model":"modelengine:viking_miniboss/beard1"},{"predicate":{"custom_model_data":686},"model":"modelengine:viking_decor/flag1"},{"predicate":{"custom_model_data":687},"model":"modelengine:smoke_vfx/se9"},{"predicate":{"custom_model_data":688},"model":"modelengine:viking_miniboss/right_leg"},{"predicate":{"custom_model_data":689},"model":"modelengine:smoke_vfx/e6"},{"predicate":{"custom_model_data":691},"model":"modelengine:viking/head"},{"predicate":{"custom_model_data":695},"model":"modelengine:toro_wither/spine2"},{"predicate":{"custom_model_data":697},"model":"modelengine:smoke_vfx/w13"},{"predicate":{"custom_model_data":698},"model":"modelengine:toro_ender_dragon/right_wing_bone_three"},{"predicate":{"custom_model_data":699},"model":"modelengine:winter_golem/left_arm"},{"predicate":{"custom_model_data":700},"model":"modelengine:smoke_vfx/sw6"}],"parent":"minecraft:item/generated","textures":{"layer0":"minecraft:item/leather_horse_armor"}}