{"overrides":[{"predicate":{"custom_model_data":1},"model":"modelengine:concussion/concussionring3"},{"predicate":{"custom_model_data":2},"model":"modelengine:concussion/concussionring2"},{"predicate":{"custom_model_data":3},"model":"modelengine:deep_creature/body"},{"predicate":{"custom_model_data":4},"model":"modelengine:deep_creature/hip"},{"predicate":{"custom_model_data":5},"model":"modelengine:deep_creature/head"},{"predicate":{"custom_model_data":6},"model":"modelengine:deep_creature/belly"},{"predicate":{"custom_model_data":7},"model":"modelengine:deep_creature/right_arm"},{"predicate":{"custom_model_data":8},"model":"modelengine:deep_creature/left_arm"},{"predicate":{"custom_model_data":9},"model":"modelengine:deep_creature/left_leg"},{"predicate":{"custom_model_data":10},"model":"modelengine:deep_creature/right_leg"},{"predicate":{"custom_model_data":11},"model":"modelengine:deep_creature/jaw"},{"predicate":{"custom_model_data":12},"model":"modelengine:deep_creature/heart"},{"predicate":{"custom_model_data":13},"model":"modelengine:deep_creature/right_forearm"},{"predicate":{"custom_model_data":14},"model":"modelengine:deep_creature/left_forearm"},{"predicate":{"custom_model_data":15},"model":"modelengine:deep_creature/left_foreleg"},{"predicate":{"custom_model_data":16},"model":"modelengine:deep_creature/right_foreleg"},{"predicate":{"custom_model_data":17},"model":"modelengine:deep_creature/right_hand"},{"predicate":{"custom_model_data":18},"model":"modelengine:deep_creature/left_hand"},{"predicate":{"custom_model_data":19},"model":"modelengine:deep_creature/right_pinky"},{"predicate":{"custom_model_data":20},"model":"modelengine:deep_creature/right_mid"},{"predicate":{"custom_model_data":21},"model":"modelengine:deep_creature/right_thumb"},{"predicate":{"custom_model_data":22},"model":"modelengine:deep_creature/left_mid"},{"predicate":{"custom_model_data":23},"model":"modelengine:deep_creature/left_pinky"},{"predicate":{"custom_model_data":24},"model":"modelengine:deep_creature/left_thumb"},{"predicate":{"custom_model_data":25},"model":"modelengine:deep_creature_dust_double/bone"},{"predicate":{"custom_model_data":26},"model":"modelengine:deep_creature_dust_double/bone2"},{"predicate":{"custom_model_data":27},"model":"modelengine:deep_creature_dust_ring/1"},{"predicate":{"custom_model_data":28},"model":"modelengine:deep_creature_dust_ring/2"},{"predicate":{"custom_model_data":29},"model":"modelengine:deep_creature_dust_ring/3"},{"predicate":{"custom_model_data":30},"model":"modelengine:deep_creature_dust_ring/4"},{"predicate":{"custom_model_data":31},"model":"modelengine:deep_creature_dust_ring/5"},{"predicate":{"custom_model_data":32},"model":"modelengine:deep_creature_dust_ring/6"},{"predicate":{"custom_model_data":33},"model":"modelengine:deep_creature_dust_ring/7"},{"predicate":{"custom_model_data":34},"model":"modelengine:deep_creature_dust_ring/8"},{"predicate":{"custom_model_data":35},"model":"modelengine:deep_creature_still/body"},{"predicate":{"custom_model_data":36},"model":"modelengine:deep_creature_still/hip"},{"predicate":{"custom_model_data":37},"model":"modelengine:deep_creature_still/head"},{"predicate":{"custom_model_data":38},"model":"modelengine:deep_creature_still/belly"},{"predicate":{"custom_model_data":39},"model":"modelengine:deep_creature_still/right_arm"},{"predicate":{"custom_model_data":40},"model":"modelengine:deep_creature_still/left_arm"},{"predicate":{"custom_model_data":41},"model":"modelengine:deep_creature_still/left_leg"},{"predicate":{"custom_model_data":42},"model":"modelengine:deep_creature_still/right_leg"},{"predicate":{"custom_model_data":43},"model":"modelengine:deep_creature_still/jaw"},{"predicate":{"custom_model_data":44},"model":"modelengine:deep_creature_still/heart"},{"predicate":{"custom_model_data":45},"model":"modelengine:deep_creature_still/right_forearm"},{"predicate":{"custom_model_data":46},"model":"modelengine:deep_creature_still/left_forearm"},{"predicate":{"custom_model_data":47},"model":"modelengine:deep_creature_still/left_foreleg"},{"predicate":{"custom_model_data":48},"model":"modelengine:deep_creature_still/right_foreleg"},{"predicate":{"custom_model_data":49},"model":"modelengine:deep_creature_still/right_hand"},{"predicate":{"custom_model_data":50},"model":"modelengine:deep_creature_still/left_hand"},{"predicate":{"custom_model_data":51},"model":"modelengine:deep_creature_still/right_pinky"},{"predicate":{"custom_model_data":52},"model":"modelengine:deep_creature_still/right_mid"},{"predicate":{"custom_model_data":53},"model":"modelengine:deep_creature_still/right_thumb"},{"predicate":{"custom_model_data":54},"model":"modelengine:deep_creature_still/left_mid"},{"predicate":{"custom_model_data":55},"model":"modelengine:deep_creature_still/left_pinky"},{"predicate":{"custom_model_data":56},"model":"modelengine:deep_creature_still/left_thumb"},{"predicate":{"custom_model_data":57},"model":"modelengine:deep_explosion/body"},{"predicate":{"custom_model_data":58},"model":"modelengine:deep_explosion_small/body"},{"predicate":{"custom_model_data":59},"model":"modelengine:deep_shine_vfx/bone"},{"predicate":{"custom_model_data":60},"model":"modelengine:defender_fire_blade/llamus"},{"predicate":{"custom_model_data":61},"model":"modelengine:defender_fireblade2/fb1"},{"predicate":{"custom_model_data":62},"model":"modelengine:defender_fireprojectile/fb1"},{"predicate":{"custom_model_data":63},"model":"modelengine:defenderstatue/core"},{"predicate":{"custom_model_data":64},"model":"modelengine:defenderstatue/left_arm"},{"predicate":{"custom_model_data":65},"model":"modelengine:defenderstatue/right_arm"},{"predicate":{"custom_model_data":66},"model":"modelengine:defenderstatue/head"},{"predicate":{"custom_model_data":67},"model":"modelengine:defenderstatue/left_forearm"},{"predicate":{"custom_model_data":68},"model":"modelengine:defenderstatue/right_forearm"},{"predicate":{"custom_model_data":69},"model":"modelengine:defenderstatue/hand"},{"predicate":{"custom_model_data":70},"model":"modelengine:defenderstatue/shield"},{"predicate":{"custom_model_data":71},"model":"modelengine:defenderstatue/svorden"},{"predicate":{"custom_model_data":72},"model":"modelengine:defendrestatue/core2"},{"predicate":{"custom_model_data":73},"model":"modelengine:defendrestatue/breastplate"},{"predicate":{"custom_model_data":74},"model":"modelengine:defendrestatue/left_arm2"},{"predicate":{"custom_model_data":75},"model":"modelengine:defendrestatue/right_arm2"},{"predicate":{"custom_model_data":76},"model":"modelengine:defendrestatue/head"},{"predicate":{"custom_model_data":77},"model":"modelengine:defendrestatue/left_forearm2"},{"predicate":{"custom_model_data":78},"model":"modelengine:defendrestatue/right_forearm2"},{"predicate":{"custom_model_data":79},"model":"modelengine:defendrestatue/hand2"},{"predicate":{"custom_model_data":80},"model":"modelengine:defendrestatue/shield"},{"predicate":{"custom_model_data":81},"model":"modelengine:defendrestatue/shieldennfx"},{"predicate":{"custom_model_data":82},"model":"modelengine:defendrestatue/svorden"},{"predicate":{"custom_model_data":83},"model":"modelengine:ethereal_reaver/torso"},{"predicate":{"custom_model_data":84},"model":"modelengine:ethereal_reaver/head"},{"predicate":{"custom_model_data":85},"model":"modelengine:ethereal_reaver/right_arm"},{"predicate":{"custom_model_data":86},"model":"modelengine:ethereal_reaver/left_leg"},{"predicate":{"custom_model_data":87},"model":"modelengine:ethereal_reaver/right_leg"},{"predicate":{"custom_model_data":88},"model":"modelengine:ethereal_reaver/left_arm"},{"predicate":{"custom_model_data":89},"model":"modelengine:ethereal_reaver/tabard_1"},{"predicate":{"custom_model_data":90},"model":"modelengine:ethereal_reaver/left_wing1"},{"predicate":{"custom_model_data":91},"model":"modelengine:ethereal_reaver/right_forearm"},{"predicate":{"custom_model_data":92},"model":"modelengine:ethereal_reaver/left_shin"},{"predicate":{"custom_model_data":93},"model":"modelengine:ethereal_reaver/right_shin"},{"predicate":{"custom_model_data":94},"model":"modelengine:ethereal_reaver/left_forearm"},{"predicate":{"custom_model_data":95},"model":"modelengine:ethereal_reaver/tabard_2"},{"predicate":{"custom_model_data":96},"model":"modelengine:ethereal_reaver/left_wing2"},{"predicate":{"custom_model_data":97},"model":"modelengine:ethereal_reaver/right_hand"},{"predicate":{"custom_model_data":98},"model":"modelengine:ethereal_reaver/left_hand"},{"predicate":{"custom_model_data":99},"model":"modelengine:ethereal_reaver/chain1"},{"predicate":{"custom_model_data":100},"model":"modelengine:ethereal_reaver/right_finger1"},{"predicate":{"custom_model_data":101},"model":"modelengine:ethereal_reaver/right_finger2"},{"predicate":{"custom_model_data":102},"model":"modelengine:ethereal_reaver/right_finger3"},{"predicate":{"custom_model_data":103},"model":"modelengine:ethereal_reaver/flame1"},{"predicate":{"custom_model_data":104},"model":"modelengine:ethereal_reaver/left_finger1"},{"predicate":{"custom_model_data":105},"model":"modelengine:ethereal_reaver/left_finger2"},{"predicate":{"custom_model_data":106},"model":"modelengine:ethereal_reaver/left_finger3"},{"predicate":{"custom_model_data":107},"model":"modelengine:ethereal_reaver/chain2"},{"predicate":{"custom_model_data":108},"model":"modelengine:ethereal_reaver/flame2"},{"predicate":{"custom_model_data":109},"model":"modelengine:ethereal_reaver/chain3"},{"predicate":{"custom_model_data":110},"model":"modelengine:ethereal_reaver/sword"},{"predicate":{"custom_model_data":111},"model":"modelengine:ethereal_reaver_beam/base"},{"predicate":{"custom_model_data":112},"model":"modelengine:ethereal_reaver_beam/hexadecagon"},{"predicate":{"custom_model_data":113},"model":"modelengine:ethereal_reaver_beam/beam3"},{"predicate":{"custom_model_data":114},"model":"modelengine:ethereal_reaver_beam/beam2"},{"predicate":{"custom_model_data":115},"model":"modelengine:ethereal_reaver_damage/sword"},{"predicate":{"custom_model_data":116},"model":"modelengine:ethereal_reaver_damage/torso"},{"predicate":{"custom_model_data":117},"model":"modelengine:ethereal_reaver_damage/head"},{"predicate":{"custom_model_data":118},"model":"modelengine:ethereal_reaver_damage/right_arm"},{"predicate":{"custom_model_data":119},"model":"modelengine:ethereal_reaver_damage/left_leg"},{"predicate":{"custom_model_data":120},"model":"modelengine:ethereal_reaver_damage/right_leg"},{"predicate":{"custom_model_data":121},"model":"modelengine:ethereal_reaver_damage/left_arm"},{"predicate":{"custom_model_data":122},"model":"modelengine:ethereal_reaver_damage/tabard_1"},{"predicate":{"custom_model_data":123},"model":"modelengine:ethereal_reaver_damage/left_wing1"},{"predicate":{"custom_model_data":124},"model":"modelengine:ethereal_reaver_damage/right_forearm"},{"predicate":{"custom_model_data":125},"model":"modelengine:ethereal_reaver_damage/left_shin"},{"predicate":{"custom_model_data":126},"model":"modelengine:ethereal_reaver_damage/right_shin"},{"predicate":{"custom_model_data":127},"model":"modelengine:ethereal_reaver_damage/left_forearm"},{"predicate":{"custom_model_data":128},"model":"modelengine:ethereal_reaver_damage/tabard_2"},{"predicate":{"custom_model_data":129},"model":"modelengine:ethereal_reaver_damage/left_wing2"},{"predicate":{"custom_model_data":130},"model":"modelengine:ethereal_reaver_damage/right_hand"},{"predicate":{"custom_model_data":131},"model":"modelengine:ethereal_reaver_damage/left_hand"},{"predicate":{"custom_model_data":132},"model":"modelengine:ethereal_reaver_damage/right_finger1"},{"predicate":{"custom_model_data":133},"model":"modelengine:ethereal_reaver_damage/right_finger2"},{"predicate":{"custom_model_data":134},"model":"modelengine:ethereal_reaver_damage/right_finger3"},{"predicate":{"custom_model_data":135},"model":"modelengine:ethereal_reaver_damage/left_finger1"},{"predicate":{"custom_model_data":136},"model":"modelengine:ethereal_reaver_damage/left_finger2"},{"predicate":{"custom_model_data":137},"model":"modelengine:ethereal_reaver_damage/left_finger3"},{"predicate":{"custom_model_data":138},"model":"modelengine:ethereal_reaver_lost_soul/cube"},{"predicate":{"custom_model_data":139},"model":"modelengine:ethrods/bug"},{"predicate":{"custom_model_data":140},"model":"modelengine:ethrods/lower_wing1"},{"predicate":{"custom_model_data":141},"model":"modelengine:ethrods/lower_wing2"},{"predicate":{"custom_model_data":142},"model":"modelengine:ethrods/abdomen"},{"predicate":{"custom_model_data":143},"model":"modelengine:ethrods/wing1"},{"predicate":{"custom_model_data":144},"model":"modelengine:ethrods/wing2"},{"predicate":{"custom_model_data":145},"model":"modelengine:ethrods/body"},{"predicate":{"custom_model_data":146},"model":"modelengine:ethrods/head"},{"predicate":{"custom_model_data":147},"model":"modelengine:ethrods/arm1"},{"predicate":{"custom_model_data":148},"model":"modelengine:ethrods/arm2"},{"predicate":{"custom_model_data":149},"model":"modelengine:ethrods/sub_arm1"},{"predicate":{"custom_model_data":150},"model":"modelengine:ethrods/sub_arm2"},{"predicate":{"custom_model_data":151},"model":"modelengine:ethrods_egg/ethrods_egg"},{"predicate":{"custom_model_data":152},"model":"modelengine:ethrods_egg/tentacle0"},{"predicate":{"custom_model_data":153},"model":"modelengine:ethrods_egg/tentacle1"},{"predicate":{"custom_model_data":154},"model":"modelengine:ethrods_egg/egg"},{"predicate":{"custom_model_data":155},"model":"modelengine:ethrods_egg/tentacle2"},{"predicate":{"custom_model_data":156},"model":"modelengine:ethrods_egg/tentacle3"},{"predicate":{"custom_model_data":157},"model":"modelengine:ethrods_larva/body"},{"predicate":{"custom_model_data":158},"model":"modelengine:fallendefender/right_leg"},{"predicate":{"custom_model_data":159},"model":"modelengine:fallendefender/left_leg"},{"predicate":{"custom_model_data":160},"model":"modelengine:fallendefender/hip"},{"predicate":{"custom_model_data":161},"model":"modelengine:fallendefender/right_shin"},{"predicate":{"custom_model_data":162},"model":"modelengine:fallendefender/left_shin"},{"predicate":{"custom_model_data":163},"model":"modelengine:fallendefender/chest"},{"predicate":{"custom_model_data":164},"model":"modelengine:fallendefender/right_foot"},{"predicate":{"custom_model_data":165},"model":"modelengine:fallendefender/left_foot"},{"predicate":{"custom_model_data":166},"model":"modelengine:fallendefender/left_arm"},{"predicate":{"custom_model_data":167},"model":"modelengine:fallendefender/right_arm"},{"predicate":{"custom_model_data":168},"model":"modelengine:fallendefender/head"},{"predicate":{"custom_model_data":169},"model":"modelengine:fallendefender/left_forearm"},{"predicate":{"custom_model_data":170},"model":"modelengine:fallendefender/right_forearm"},{"predicate":{"custom_model_data":171},"model":"modelengine:fallendefender/hand"},{"predicate":{"custom_model_data":172},"model":"modelengine:fallendefender/shield"},{"predicate":{"custom_model_data":173},"model":"modelengine:fallendefender/shield2"},{"predicate":{"custom_model_data":174},"model":"modelengine:fallendefender/shieldennfx"},{"predicate":{"custom_model_data":175},"model":"modelengine:fallendefender/svorden"},{"predicate":{"custom_model_data":176},"model":"modelengine:fallendefender/sndpfx8"},{"predicate":{"custom_model_data":177},"model":"modelengine:fallendefender/sndpfx13"},{"predicate":{"custom_model_data":178},"model":"modelengine:fallendefender/sndpfx7"},{"predicate":{"custom_model_data":179},"model":"modelengine:fallendefender/sndpfx12"},{"predicate":{"custom_model_data":180},"model":"modelengine:fallendefender/sndpfx6"},{"predicate":{"custom_model_data":181},"model":"modelengine:fallendefender/sndpfx11"},{"predicate":{"custom_model_data":182},"model":"modelengine:fallendefender/sndpfx5"},{"predicate":{"custom_model_data":183},"model":"modelengine:fallendefender/sndpfx10"},{"predicate":{"custom_model_data":184},"model":"modelengine:fallendefender/sndpfx4"},{"predicate":{"custom_model_data":185},"model":"modelengine:fallendefender/sndpfx3"},{"predicate":{"custom_model_data":186},"model":"modelengine:fallendefender/sndpfx16"},{"predicate":{"custom_model_data":187},"model":"modelengine:fallendefender/sndpfx2"},{"predicate":{"custom_model_data":188},"model":"modelengine:fallendefender/sndpfx15"},{"predicate":{"custom_model_data":189},"model":"modelengine:fallendefender/sndpfx1"},{"predicate":{"custom_model_data":190},"model":"modelengine:fallendefender/sndpfx14"},{"predicate":{"custom_model_data":191},"model":"modelengine:fallendefender/sndpfx9"},{"predicate":{"custom_model_data":192},"model":"modelengine:fallendefender/sfe_frame0"},{"predicate":{"custom_model_data":193},"model":"modelengine:fallendefender/lame"},{"predicate":{"custom_model_data":194},"model":"modelengine:fallendefender/sfe_frame10"},{"predicate":{"custom_model_data":195},"model":"modelengine:fallendefender/sfe_frame9"},{"predicate":{"custom_model_data":196},"model":"modelengine:fallendefender/sfe_frame8"},{"predicate":{"custom_model_data":197},"model":"modelengine:fallendefender/sfe_frame3"},{"predicate":{"custom_model_data":198},"model":"modelengine:fallendefender/sfe_frame15"},{"predicate":{"custom_model_data":199},"model":"modelengine:fallendefender/sfe_frame2"},{"predicate":{"custom_model_data":200},"model":"modelengine:fallendefender/sfe_frame16"},{"predicate":{"custom_model_data":201},"model":"modelengine:fallendefender/sfe_frame1"},{"predicate":{"custom_model_data":202},"model":"modelengine:fallendefender/sfe_frame17"},{"predicate":{"custom_model_data":203},"model":"modelengine:fallendefender/sfe_frame18"},{"predicate":{"custom_model_data":204},"model":"modelengine:fallendefender/sfe_frame7"},{"predicate":{"custom_model_data":205},"model":"modelengine:fallendefender/sfe_frame11"},{"predicate":{"custom_model_data":206},"model":"modelengine:fallendefender/sfe_frame6"},{"predicate":{"custom_model_data":207},"model":"modelengine:fallendefender/sfe_frame12"},{"predicate":{"custom_model_data":208},"model":"modelengine:fallendefender/sfe_frame5"},{"predicate":{"custom_model_data":209},"model":"modelengine:fallendefender/sfe_frame13"},{"predicate":{"custom_model_data":210},"model":"modelengine:fallendefender/sfe_frame4"},{"predicate":{"custom_model_data":211},"model":"modelengine:fallendefender/sfe_frame14"},{"predicate":{"custom_model_data":212},"model":"modelengine:fallendefender2/svorden"},{"predicate":{"custom_model_data":213},"model":"modelengine:fallendefender2/left_shin"},{"predicate":{"custom_model_data":214},"model":"modelengine:fallendefender2/chest"},{"predicate":{"custom_model_data":215},"model":"modelengine:fallendefender2/hip"},{"predicate":{"custom_model_data":216},"model":"modelengine:fallendefender2/left_forearm"},{"predicate":{"custom_model_data":217},"model":"modelengine:fallendefender2/left_foot"},{"predicate":{"custom_model_data":218},"model":"modelengine:fallendefender2/left_arm"},{"predicate":{"custom_model_data":219},"model":"modelengine:fallendefender2/head"},{"predicate":{"custom_model_data":220},"model":"modelengine:fallendefender2/left_leg"},{"predicate":{"custom_model_data":221},"model":"modelengine:fallendefender2/right_shin"},{"predicate":{"custom_model_data":222},"model":"modelengine:fallendefender2/right_leg"},{"predicate":{"custom_model_data":223},"model":"modelengine:fallendefender2/shield"},{"predicate":{"custom_model_data":224},"model":"modelengine:fallendefender2/right_forearm"},{"predicate":{"custom_model_data":225},"model":"modelengine:fallendefender2/right_arm"},{"predicate":{"custom_model_data":226},"model":"modelengine:fallendefender2/right_foot"},{"predicate":{"custom_model_data":227},"model":"modelengine:fallendefender2/hand"},{"predicate":{"custom_model_data":228},"model":"modelengine:fallendefender3/svorden"},{"predicate":{"custom_model_data":229},"model":"modelengine:fallendefender3/left_shin"},{"predicate":{"custom_model_data":230},"model":"modelengine:fallendefender3/shield"},{"predicate":{"custom_model_data":231},"model":"modelengine:fallendefender3/chest"},{"predicate":{"custom_model_data":232},"model":"modelengine:fallendefender3/hip"},{"predicate":{"custom_model_data":233},"model":"modelengine:fallendefender3/left_forearm"},{"predicate":{"custom_model_data":234},"model":"modelengine:fallendefender3/left_foot"},{"predicate":{"custom_model_data":235},"model":"modelengine:fallendefender3/left_arm"},{"predicate":{"custom_model_data":236},"model":"modelengine:fallendefender3/head"},{"predicate":{"custom_model_data":237},"model":"modelengine:fallendefender3/left_leg"},{"predicate":{"custom_model_data":238},"model":"modelengine:fallendefender3/right_shin"},{"predicate":{"custom_model_data":239},"model":"modelengine:fallendefender3/right_leg"},{"predicate":{"custom_model_data":240},"model":"modelengine:fallendefender3/right_forearm"},{"predicate":{"custom_model_data":241},"model":"modelengine:fallendefender3/right_arm"},{"predicate":{"custom_model_data":242},"model":"modelengine:fallendefender3/right_foot"},{"predicate":{"custom_model_data":243},"model":"modelengine:fallendefender3/hand"},{"predicate":{"custom_model_data":244},"model":"modelengine:fallendefendress/fravager_chipcitums"},{"predicate":{"custom_model_data":245},"model":"modelengine:fallendefendress/right_leg"},{"predicate":{"custom_model_data":246},"model":"modelengine:fallendefendress/left_leg"},{"predicate":{"custom_model_data":247},"model":"modelengine:fallendefendress/hip"},{"predicate":{"custom_model_data":248},"model":"modelengine:fallendefendress/right_shin"},{"predicate":{"custom_model_data":249},"model":"modelengine:fallendefendress/left_shin"},{"predicate":{"custom_model_data":250},"model":"modelengine:fallendefendress/chest"},{"predicate":{"custom_model_data":251},"model":"modelengine:fallendefendress/right_foot"},{"predicate":{"custom_model_data":252},"model":"modelengine:fallendefendress/left_foot"},{"predicate":{"custom_model_data":253},"model":"modelengine:fallendefendress/breastplate"},{"predicate":{"custom_model_data":254},"model":"modelengine:fallendefendress/left_arm"},{"predicate":{"custom_model_data":255},"model":"modelengine:fallendefendress/right_arm"},{"predicate":{"custom_model_data":256},"model":"modelengine:fallendefendress/head"},{"predicate":{"custom_model_data":257},"model":"modelengine:fallendefendress/left_forearm"},{"predicate":{"custom_model_data":258},"model":"modelengine:fallendefendress/right_forearm"},{"predicate":{"custom_model_data":259},"model":"modelengine:fallendefendress/hand"},{"predicate":{"custom_model_data":260},"model":"modelengine:fallendefendress/shield"},{"predicate":{"custom_model_data":261},"model":"modelengine:fallendefendress/shield2"},{"predicate":{"custom_model_data":262},"model":"modelengine:fallendefendress/shieldennfx"},{"predicate":{"custom_model_data":263},"model":"modelengine:fallendefendress/svorden"},{"predicate":{"custom_model_data":264},"model":"modelengine:fallendefendress/sndpfx8"},{"predicate":{"custom_model_data":265},"model":"modelengine:fallendefendress/sndpfx13"},{"predicate":{"custom_model_data":266},"model":"modelengine:fallendefendress/sndpfx7"},{"predicate":{"custom_model_data":267},"model":"modelengine:fallendefendress/sndpfx12"},{"predicate":{"custom_model_data":268},"model":"modelengine:fallendefendress/sndpfx6"},{"predicate":{"custom_model_data":269},"model":"modelengine:fallendefendress/sndpfx11"},{"predicate":{"custom_model_data":270},"model":"modelengine:fallendefendress/sndpfx5"},{"predicate":{"custom_model_data":271},"model":"modelengine:fallendefendress/sndpfx10"},{"predicate":{"custom_model_data":272},"model":"modelengine:fallendefendress/sndpfx4"},{"predicate":{"custom_model_data":273},"model":"modelengine:fallendefendress/sndpfx3"},{"predicate":{"custom_model_data":274},"model":"modelengine:fallendefendress/sndpfx16"},{"predicate":{"custom_model_data":275},"model":"modelengine:fallendefendress/sndpfx2"},{"predicate":{"custom_model_data":276},"model":"modelengine:fallendefendress/sndpfx15"},{"predicate":{"custom_model_data":277},"model":"modelengine:fallendefendress/sndpfx1"},{"predicate":{"custom_model_data":278},"model":"modelengine:fallendefendress/sndpfx14"},{"predicate":{"custom_model_data":279},"model":"modelengine:fallendefendress/sndpfx9"},{"predicate":{"custom_model_data":280},"model":"modelengine:fallendefendress/sfe_frame0"},{"predicate":{"custom_model_data":281},"model":"modelengine:fallendefendress/lame"},{"predicate":{"custom_model_data":282},"model":"modelengine:fallendefendress/sfe_frame10"},{"predicate":{"custom_model_data":283},"model":"modelengine:fallendefendress/sfe_frame9"},{"predicate":{"custom_model_data":284},"model":"modelengine:fallendefendress/sfe_frame8"},{"predicate":{"custom_model_data":285},"model":"modelengine:fallendefendress/sfe_frame3"},{"predicate":{"custom_model_data":286},"model":"modelengine:fallendefendress/sfe_frame15"},{"predicate":{"custom_model_data":287},"model":"modelengine:fallendefendress/sfe_frame2"},{"predicate":{"custom_model_data":288},"model":"modelengine:fallendefendress/sfe_frame16"},{"predicate":{"custom_model_data":289},"model":"modelengine:fallendefendress/sfe_frame1"},{"predicate":{"custom_model_data":290},"model":"modelengine:fallendefendress/sfe_frame17"},{"predicate":{"custom_model_data":291},"model":"modelengine:fallendefendress/sfe_frame18"},{"predicate":{"custom_model_data":292},"model":"modelengine:fallendefendress/sfe_frame7"},{"predicate":{"custom_model_data":293},"model":"modelengine:fallendefendress/sfe_frame11"},{"predicate":{"custom_model_data":294},"model":"modelengine:fallendefendress/sfe_frame6"},{"predicate":{"custom_model_data":295},"model":"modelengine:fallendefendress/sfe_frame12"},{"predicate":{"custom_model_data":296},"model":"modelengine:fallendefendress/sfe_frame5"},{"predicate":{"custom_model_data":297},"model":"modelengine:fallendefendress/sfe_frame13"},{"predicate":{"custom_model_data":298},"model":"modelengine:fallendefendress/sfe_frame4"},{"predicate":{"custom_model_data":299},"model":"modelengine:fallendefendress/sfe_frame14"},{"predicate":{"custom_model_data":300},"model":"modelengine:fallendefendress2/fravager_chipcitums"},{"predicate":{"custom_model_data":301},"model":"modelengine:fallendefendress2/right_leg"},{"predicate":{"custom_model_data":302},"model":"modelengine:fallendefendress2/left_leg"},{"predicate":{"custom_model_data":303},"model":"modelengine:fallendefendress2/hip"},{"predicate":{"custom_model_data":304},"model":"modelengine:fallendefendress2/right_shin"},{"predicate":{"custom_model_data":305},"model":"modelengine:fallendefendress2/left_shin"},{"predicate":{"custom_model_data":306},"model":"modelengine:fallendefendress2/chest"},{"predicate":{"custom_model_data":307},"model":"modelengine:fallendefendress2/right_foot"},{"predicate":{"custom_model_data":308},"model":"modelengine:fallendefendress2/left_foot"},{"predicate":{"custom_model_data":309},"model":"modelengine:fallendefendress2/breastplate"},{"predicate":{"custom_model_data":310},"model":"modelengine:fallendefendress2/left_arm"},{"predicate":{"custom_model_data":311},"model":"modelengine:fallendefendress2/right_arm"},{"predicate":{"custom_model_data":312},"model":"modelengine:fallendefendress2/head"},{"predicate":{"custom_model_data":313},"model":"modelengine:fallendefendress2/left_forearm"},{"predicate":{"custom_model_data":314},"model":"modelengine:fallendefendress2/right_forearm"},{"predicate":{"custom_model_data":315},"model":"modelengine:fallendefendress2/hand"},{"predicate":{"custom_model_data":316},"model":"modelengine:fallendefendress2/shield"},{"predicate":{"custom_model_data":317},"model":"modelengine:fallendefendress2/shieldennfx"},{"predicate":{"custom_model_data":318},"model":"modelengine:fallendefendress2/svorden"},{"predicate":{"custom_model_data":319},"model":"modelengine:fallendefendress3/svorden"},{"predicate":{"custom_model_data":320},"model":"modelengine:fallendefendress3/left_shin"},{"predicate":{"custom_model_data":321},"model":"modelengine:fallendefendress3/shield"},{"predicate":{"custom_model_data":322},"model":"modelengine:fallendefendress3/chest"},{"predicate":{"custom_model_data":323},"model":"modelengine:fallendefendress3/hip"},{"predicate":{"custom_model_data":324},"model":"modelengine:fallendefendress3/left_forearm"},{"predicate":{"custom_model_data":325},"model":"modelengine:fallendefendress3/left_foot"},{"predicate":{"custom_model_data":326},"model":"modelengine:fallendefendress3/left_arm"},{"predicate":{"custom_model_data":327},"model":"modelengine:fallendefendress3/breastplate"},{"predicate":{"custom_model_data":328},"model":"modelengine:fallendefendress3/head"},{"predicate":{"custom_model_data":329},"model":"modelengine:fallendefendress3/left_leg"},{"predicate":{"custom_model_data":330},"model":"modelengine:fallendefendress3/right_shin"},{"predicate":{"custom_model_data":331},"model":"modelengine:fallendefendress3/right_leg"},{"predicate":{"custom_model_data":332},"model":"modelengine:fallendefendress3/right_forearm"},{"predicate":{"custom_model_data":333},"model":"modelengine:fallendefendress3/right_arm"},{"predicate":{"custom_model_data":334},"model":"modelengine:fallendefendress3/right_foot"},{"predicate":{"custom_model_data":335},"model":"modelengine:fallendefendress3/hand"},{"predicate":{"custom_model_data":336},"model":"modelengine:fdefender_shockwaveresources/rswm_4"},{"predicate":{"custom_model_data":337},"model":"modelengine:fdefender_shockwaveresources/rswm_1"},{"predicate":{"custom_model_data":338},"model":"modelengine:fdefender_shockwaveresources/rswm_2"},{"predicate":{"custom_model_data":339},"model":"modelengine:fdefender_shockwaveresources/rswm_3"},{"predicate":{"custom_model_data":340},"model":"modelengine:fdefender_shockwaveresources/rswn_3"},{"predicate":{"custom_model_data":341},"model":"modelengine:fdefender_shockwaveresources/rswn_4"},{"predicate":{"custom_model_data":342},"model":"modelengine:fdefender_shockwaveresources/rswn_1"},{"predicate":{"custom_model_data":343},"model":"modelengine:fdefender_shockwaveresources/rswn_2"},{"predicate":{"custom_model_data":344},"model":"modelengine:fdefender_shockwaveresources/rswk_1"},{"predicate":{"custom_model_data":345},"model":"modelengine:fdefender_shockwaveresources/rswk_2"},{"predicate":{"custom_model_data":346},"model":"modelengine:fdefender_shockwaveresources/rswk_3"},{"predicate":{"custom_model_data":347},"model":"modelengine:fdefender_shockwaveresources/rswk_4"},{"predicate":{"custom_model_data":348},"model":"modelengine:fdefender_shockwaveresources/rswl_1"},{"predicate":{"custom_model_data":349},"model":"modelengine:fdefender_shockwaveresources/rswl_2"},{"predicate":{"custom_model_data":350},"model":"modelengine:fdefender_shockwaveresources/rswl_3"},{"predicate":{"custom_model_data":351},"model":"modelengine:fdefender_shockwaveresources/rswl_4"},{"predicate":{"custom_model_data":352},"model":"modelengine:fdefender_shockwaveresources/rswj_1"},{"predicate":{"custom_model_data":353},"model":"modelengine:fdefender_shockwaveresources/rswj_2"},{"predicate":{"custom_model_data":354},"model":"modelengine:fdefender_shockwaveresources/rswj_3"},{"predicate":{"custom_model_data":355},"model":"modelengine:fdefender_shockwaveresources/rswj_4"},{"predicate":{"custom_model_data":356},"model":"modelengine:fdefender_shockwaveresources/rswa_4"},{"predicate":{"custom_model_data":357},"model":"modelengine:fdefender_shockwaveresources/rswa_1"},{"predicate":{"custom_model_data":358},"model":"modelengine:fdefender_shockwaveresources/rswa_2"},{"predicate":{"custom_model_data":359},"model":"modelengine:fdefender_shockwaveresources/rswa_3"},{"predicate":{"custom_model_data":360},"model":"modelengine:fdefender_shockwaveresources/rswc_2"},{"predicate":{"custom_model_data":361},"model":"modelengine:fdefender_shockwaveresources/rswc_3"},{"predicate":{"custom_model_data":362},"model":"modelengine:fdefender_shockwaveresources/rswc_4"},{"predicate":{"custom_model_data":363},"model":"modelengine:fdefender_shockwaveresources/rswc_1"},{"predicate":{"custom_model_data":364},"model":"modelengine:fdefender_shockwaveresources/rswb_3"},{"predicate":{"custom_model_data":365},"model":"modelengine:fdefender_shockwaveresources/rswb_4"},{"predicate":{"custom_model_data":366},"model":"modelengine:fdefender_shockwaveresources/rswb_1"},{"predicate":{"custom_model_data":367},"model":"modelengine:fdefender_shockwaveresources/rswb_2"},{"predicate":{"custom_model_data":368},"model":"modelengine:fdefender_shockwaveresources/rswi_1"},{"predicate":{"custom_model_data":369},"model":"modelengine:fdefender_shockwaveresources/rswi_2"},{"predicate":{"custom_model_data":370},"model":"modelengine:fdefender_shockwaveresources/rswi_3"},{"predicate":{"custom_model_data":371},"model":"modelengine:fdefender_shockwaveresources/rswi_4"},{"predicate":{"custom_model_data":372},"model":"modelengine:fdefender_shockwaveresources/rswh_1"},{"predicate":{"custom_model_data":373},"model":"modelengine:fdefender_shockwaveresources/rswh_2"},{"predicate":{"custom_model_data":374},"model":"modelengine:fdefender_shockwaveresources/rswh_3"},{"predicate":{"custom_model_data":375},"model":"modelengine:fdefender_shockwaveresources/rswh_4"},{"predicate":{"custom_model_data":376},"model":"modelengine:fdefender_shockwaveresources/rswe_4"},{"predicate":{"custom_model_data":377},"model":"modelengine:fdefender_shockwaveresources/rswe_1"},{"predicate":{"custom_model_data":378},"model":"modelengine:fdefender_shockwaveresources/rswe_2"},{"predicate":{"custom_model_data":379},"model":"modelengine:fdefender_shockwaveresources/rswe_3"},{"predicate":{"custom_model_data":380},"model":"modelengine:fdefender_shockwaveresources/rswd_1"},{"predicate":{"custom_model_data":381},"model":"modelengine:fdefender_shockwaveresources/rswd_2"},{"predicate":{"custom_model_data":382},"model":"modelengine:fdefender_shockwaveresources/rswd_3"},{"predicate":{"custom_model_data":383},"model":"modelengine:fdefender_shockwaveresources/rswd_4"},{"predicate":{"custom_model_data":384},"model":"modelengine:fdefender_shockwaveresources/rswg_2"},{"predicate":{"custom_model_data":385},"model":"modelengine:fdefender_shockwaveresources/rswg_3"},{"predicate":{"custom_model_data":386},"model":"modelengine:fdefender_shockwaveresources/rswg_4"},{"predicate":{"custom_model_data":387},"model":"modelengine:fdefender_shockwaveresources/rswg_1"},{"predicate":{"custom_model_data":388},"model":"modelengine:fdefender_shockwaveresources/rswf_3"},{"predicate":{"custom_model_data":389},"model":"modelengine:fdefender_shockwaveresources/rswf_4"},{"predicate":{"custom_model_data":390},"model":"modelengine:fdefender_shockwaveresources/rswf_1"},{"predicate":{"custom_model_data":391},"model":"modelengine:fdefender_shockwaveresources/rswf_2"},{"predicate":{"custom_model_data":392},"model":"modelengine:fdexplosion_resources/ravage1"},{"predicate":{"custom_model_data":393},"model":"modelengine:fdexplosion_resources/ravage2"},{"predicate":{"custom_model_data":394},"model":"modelengine:fdexplosion_resources/ravage3"},{"predicate":{"custom_model_data":395},"model":"modelengine:fdexplosion_resources/ravage4"},{"predicate":{"custom_model_data":396},"model":"modelengine:fdexplosion_resources/ravage5"},{"predicate":{"custom_model_data":397},"model":"modelengine:fdexplosion_resources/ravage19"},{"predicate":{"custom_model_data":398},"model":"modelengine:fdexplosion_resources/ravage6"},{"predicate":{"custom_model_data":399},"model":"modelengine:fdexplosion_resources/ravage7"},{"predicate":{"custom_model_data":400},"model":"modelengine:fdexplosion_resources/ravage21"},{"predicate":{"custom_model_data":401},"model":"modelengine:fdexplosion_resources/ravage20"},{"predicate":{"custom_model_data":402},"model":"modelengine:fdexplosion_resources/ravage23"},{"predicate":{"custom_model_data":403},"model":"modelengine:fdexplosion_resources/ravage22"},{"predicate":{"custom_model_data":404},"model":"modelengine:fdexplosion_resources/ravage25"},{"predicate":{"custom_model_data":405},"model":"modelengine:fdexplosion_resources/ravage24"},{"predicate":{"custom_model_data":406},"model":"modelengine:fdexplosion_resources/ravage10"},{"predicate":{"custom_model_data":407},"model":"modelengine:fdexplosion_resources/ravage8"},{"predicate":{"custom_model_data":408},"model":"modelengine:fdexplosion_resources/ravage16"},{"predicate":{"custom_model_data":409},"model":"modelengine:fdexplosion_resources/ravage9"},{"predicate":{"custom_model_data":410},"model":"modelengine:fdexplosion_resources/ravage15"},{"predicate":{"custom_model_data":411},"model":"modelengine:fdexplosion_resources/ravage18"},{"predicate":{"custom_model_data":412},"model":"modelengine:fdexplosion_resources/ravage17"},{"predicate":{"custom_model_data":413},"model":"modelengine:fdexplosion_resources/ravage12"},{"predicate":{"custom_model_data":414},"model":"modelengine:fdexplosion_resources/ravage11"},{"predicate":{"custom_model_data":415},"model":"modelengine:fdexplosion_resources/ravage14"},{"predicate":{"custom_model_data":416},"model":"modelengine:fdexplosion_resources/ravage13"},{"predicate":{"custom_model_data":417},"model":"modelengine:fdexplosion_resources/frame3"},{"predicate":{"custom_model_data":418},"model":"modelengine:fdexplosion_resources/frame4"},{"predicate":{"custom_model_data":419},"model":"modelengine:fdexplosion_resources/frame1"},{"predicate":{"custom_model_data":420},"model":"modelengine:fdexplosion_resources/frame2"},{"predicate":{"custom_model_data":421},"model":"modelengine:fdexplosion_resources/frame7"},{"predicate":{"custom_model_data":422},"model":"modelengine:fdexplosion_resources/frame8"},{"predicate":{"custom_model_data":423},"model":"modelengine:fdexplosion_resources/frame5"},{"predicate":{"custom_model_data":424},"model":"modelengine:fdexplosion_resources/frame6"},{"predicate":{"custom_model_data":425},"model":"modelengine:fdexplosion_resources/rwsb2"},{"predicate":{"custom_model_data":426},"model":"modelengine:fdexplosion_resources/rwsb3"},{"predicate":{"custom_model_data":427},"model":"modelengine:fdexplosion_resources/rwsb1"},{"predicate":{"custom_model_data":428},"model":"modelengine:fdexplosion_resources/rwsb10"},{"predicate":{"custom_model_data":429},"model":"modelengine:fdexplosion_resources/rwsb8"},{"predicate":{"custom_model_data":430},"model":"modelengine:fdexplosion_resources/rwsb9"},{"predicate":{"custom_model_data":431},"model":"modelengine:fdexplosion_resources/rwsb6"},{"predicate":{"custom_model_data":432},"model":"modelengine:fdexplosion_resources/rwsb14"},{"predicate":{"custom_model_data":433},"model":"modelengine:fdexplosion_resources/rwsb7"},{"predicate":{"custom_model_data":434},"model":"modelengine:fdexplosion_resources/rwsb13"},{"predicate":{"custom_model_data":435},"model":"modelengine:fdexplosion_resources/rwsb4"},{"predicate":{"custom_model_data":436},"model":"modelengine:fdexplosion_resources/rwsb12"},{"predicate":{"custom_model_data":437},"model":"modelengine:fdexplosion_resources/rwsb5"},{"predicate":{"custom_model_data":438},"model":"modelengine:fdexplosion_resources/rwsb11"},{"predicate":{"custom_model_data":439},"model":"modelengine:fdexplosion_resources/firewavea8"},{"predicate":{"custom_model_data":440},"model":"modelengine:fdexplosion_resources/firewavea9"},{"predicate":{"custom_model_data":441},"model":"modelengine:fdexplosion_resources/firewavea6"},{"predicate":{"custom_model_data":442},"model":"modelengine:fdexplosion_resources/firewavea7"},{"predicate":{"custom_model_data":443},"model":"modelengine:fdexplosion_resources/firewavea4"},{"predicate":{"custom_model_data":444},"model":"modelengine:fdexplosion_resources/firewavea5"},{"predicate":{"custom_model_data":445},"model":"modelengine:fdexplosion_resources/firewavea2"},{"predicate":{"custom_model_data":446},"model":"modelengine:fdexplosion_resources/firewavea3"},{"predicate":{"custom_model_data":447},"model":"modelengine:fdexplosion_resources/firewavea1"},{"predicate":{"custom_model_data":448},"model":"modelengine:fdexplosion_resources/firewavea10"},{"predicate":{"custom_model_data":449},"model":"modelengine:fdexplosion_resources/firewavea11"},{"predicate":{"custom_model_data":450},"model":"modelengine:fdexplosion_resources/firewavea12"},{"predicate":{"custom_model_data":451},"model":"modelengine:fdexplosion_resources/firewavea13"},{"predicate":{"custom_model_data":452},"model":"modelengine:fdexplosion_resources/firewaveb9"},{"predicate":{"custom_model_data":453},"model":"modelengine:fdexplosion_resources/firewaveb7"},{"predicate":{"custom_model_data":454},"model":"modelengine:fdexplosion_resources/firewaveb8"},{"predicate":{"custom_model_data":455},"model":"modelengine:fdexplosion_resources/firewaveb5"},{"predicate":{"custom_model_data":456},"model":"modelengine:fdexplosion_resources/firewaveb6"},{"predicate":{"custom_model_data":457},"model":"modelengine:fdexplosion_resources/firewaveb3"},{"predicate":{"custom_model_data":458},"model":"modelengine:fdexplosion_resources/firewaveb4"},{"predicate":{"custom_model_data":459},"model":"modelengine:fdexplosion_resources/firewaveb1"},{"predicate":{"custom_model_data":460},"model":"modelengine:fdexplosion_resources/firewaveb2"},{"predicate":{"custom_model_data":461},"model":"modelengine:fdexplosion_resources/firewaveb10"},{"predicate":{"custom_model_data":462},"model":"modelengine:fdexplosion_resources/firewaveb11"},{"predicate":{"custom_model_data":463},"model":"modelengine:fdexplosion_resources/firewaveb12"},{"predicate":{"custom_model_data":464},"model":"modelengine:fdexplosion_resources/firewaveb13"},{"predicate":{"custom_model_data":465},"model":"modelengine:fdexplosion_resources/ravageb12"},{"predicate":{"custom_model_data":466},"model":"modelengine:fdexplosion_resources/ravageb11"},{"predicate":{"custom_model_data":467},"model":"modelengine:fdexplosion_resources/ravageb1"},{"predicate":{"custom_model_data":468},"model":"modelengine:fdexplosion_resources/ravageb10"},{"predicate":{"custom_model_data":469},"model":"modelengine:fdexplosion_resources/ravageb15"},{"predicate":{"custom_model_data":470},"model":"modelengine:fdexplosion_resources/ravageb14"},{"predicate":{"custom_model_data":471},"model":"modelengine:fdexplosion_resources/ravageb13"},{"predicate":{"custom_model_data":472},"model":"modelengine:fdexplosion_resources/ravageb7"},{"predicate":{"custom_model_data":473},"model":"modelengine:fdexplosion_resources/ravageb6"},{"predicate":{"custom_model_data":474},"model":"modelengine:fdexplosion_resources/ravageb9"},{"predicate":{"custom_model_data":475},"model":"modelengine:fdexplosion_resources/ravageb8"},{"predicate":{"custom_model_data":476},"model":"modelengine:fdexplosion_resources/ravageb3"},{"predicate":{"custom_model_data":477},"model":"modelengine:fdexplosion_resources/ravageb2"},{"predicate":{"custom_model_data":478},"model":"modelengine:fdexplosion_resources/ravageb5"},{"predicate":{"custom_model_data":479},"model":"modelengine:fdexplosion_resources/ravageb4"},{"predicate":{"custom_model_data":480},"model":"modelengine:fdexplosion_resources/rsw13"},{"predicate":{"custom_model_data":481},"model":"modelengine:fdexplosion_resources/rsw14"},{"predicate":{"custom_model_data":482},"model":"modelengine:fdexplosion_resources/rsw3"},{"predicate":{"custom_model_data":483},"model":"modelengine:fdexplosion_resources/rsw2"},{"predicate":{"custom_model_data":484},"model":"modelengine:fdexplosion_resources/rsw10"},{"predicate":{"custom_model_data":485},"model":"modelengine:fdexplosion_resources/rsw5"},{"predicate":{"custom_model_data":486},"model":"modelengine:fdexplosion_resources/rsw11"},{"predicate":{"custom_model_data":487},"model":"modelengine:fdexplosion_resources/rsw4"},{"predicate":{"custom_model_data":488},"model":"modelengine:fdexplosion_resources/rsw12"},{"predicate":{"custom_model_data":489},"model":"modelengine:fdexplosion_resources/rsw1"},{"predicate":{"custom_model_data":490},"model":"modelengine:fdexplosion_resources/rsw7"},{"predicate":{"custom_model_data":491},"model":"modelengine:fdexplosion_resources/rsw6"},{"predicate":{"custom_model_data":492},"model":"modelengine:fdexplosion_resources/rsw9"},{"predicate":{"custom_model_data":493},"model":"modelengine:fdexplosion_resources/rsw8"},{"predicate":{"custom_model_data":494},"model":"modelengine:fdexplosion_resources/ffxa6"},{"predicate":{"custom_model_data":495},"model":"modelengine:fdexplosion_resources/ffxa5"},{"predicate":{"custom_model_data":496},"model":"modelengine:fdexplosion_resources/ffxa8"},{"predicate":{"custom_model_data":497},"model":"modelengine:fdexplosion_resources/ffxa7"},{"predicate":{"custom_model_data":498},"model":"modelengine:fdexplosion_resources/ffxa2"},{"predicate":{"custom_model_data":499},"model":"modelengine:fdexplosion_resources/ffxa1"},{"predicate":{"custom_model_data":500},"model":"modelengine:fdexplosion_resources/ffxa4"},{"predicate":{"custom_model_data":501},"model":"modelengine:fdexplosion_resources/ffxa3"},{"predicate":{"custom_model_data":502},"model":"modelengine:fdexplosion_resources/ffxa13"},{"predicate":{"custom_model_data":503},"model":"modelengine:fdexplosion_resources/ffxa12"},{"predicate":{"custom_model_data":504},"model":"modelengine:fdexplosion_resources/ffxa11"},{"predicate":{"custom_model_data":505},"model":"modelengine:fdexplosion_resources/ffxa10"},{"predicate":{"custom_model_data":506},"model":"modelengine:fdexplosion_resources/ffxa9"},{"predicate":{"custom_model_data":507},"model":"modelengine:fdexplosion_resources/fb19"},{"predicate":{"custom_model_data":508},"model":"modelengine:fdexplosion_resources/fb18"},{"predicate":{"custom_model_data":509},"model":"modelengine:fdexplosion_resources/fb17"},{"predicate":{"custom_model_data":510},"model":"modelengine:fdexplosion_resources/fb16"},{"predicate":{"custom_model_data":511},"model":"modelengine:fdexplosion_resources/fb15"},{"predicate":{"custom_model_data":512},"model":"modelengine:fdexplosion_resources/fb14"},{"predicate":{"custom_model_data":513},"model":"modelengine:fdexplosion_resources/fb13"},{"predicate":{"custom_model_data":514},"model":"modelengine:fdexplosion_resources/fb12"},{"predicate":{"custom_model_data":515},"model":"modelengine:fdexplosion_resources/fb11"},{"predicate":{"custom_model_data":516},"model":"modelengine:fdexplosion_resources/fb1"},{"predicate":{"custom_model_data":517},"model":"modelengine:fdexplosion_resources/fb10"},{"predicate":{"custom_model_data":518},"model":"modelengine:fdexplosion_resources/fb20"},{"predicate":{"custom_model_data":519},"model":"modelengine:fdexplosion_resources/fb3"},{"predicate":{"custom_model_data":520},"model":"modelengine:fdexplosion_resources/fb2"},{"predicate":{"custom_model_data":521},"model":"modelengine:fdexplosion_resources/fb5"},{"predicate":{"custom_model_data":522},"model":"modelengine:fdexplosion_resources/fb4"},{"predicate":{"custom_model_data":523},"model":"modelengine:fdexplosion_resources/fb7"},{"predicate":{"custom_model_data":524},"model":"modelengine:fdexplosion_resources/fb6"},{"predicate":{"custom_model_data":525},"model":"modelengine:fdexplosion_resources/fb9"},{"predicate":{"custom_model_data":526},"model":"modelengine:fdexplosion_resources/fb8"},{"predicate":{"custom_model_data":527},"model":"modelengine:fdexplosion_resources/ffxc8"},{"predicate":{"custom_model_data":528},"model":"modelengine:fdexplosion_resources/ffxc7"},{"predicate":{"custom_model_data":529},"model":"modelengine:fdexplosion_resources/ffxc9"},{"predicate":{"custom_model_data":530},"model":"modelengine:fdexplosion_resources/ffxc4"},{"predicate":{"custom_model_data":531},"model":"modelengine:fdexplosion_resources/ffxc3"},{"predicate":{"custom_model_data":532},"model":"modelengine:fdexplosion_resources/ffxc6"},{"predicate":{"custom_model_data":533},"model":"modelengine:fdexplosion_resources/ffxc5"},{"predicate":{"custom_model_data":534},"model":"modelengine:fdexplosion_resources/ffxc11"},{"predicate":{"custom_model_data":535},"model":"modelengine:fdexplosion_resources/ffxc10"},{"predicate":{"custom_model_data":536},"model":"modelengine:fdexplosion_resources/ffxc2"},{"predicate":{"custom_model_data":537},"model":"modelengine:fdexplosion_resources/ffxc1"},{"predicate":{"custom_model_data":538},"model":"modelengine:fdexplosion_resources/ffxc15"},{"predicate":{"custom_model_data":539},"model":"modelengine:fdexplosion_resources/ffxc14"},{"predicate":{"custom_model_data":540},"model":"modelengine:fdexplosion_resources/ffxc13"},{"predicate":{"custom_model_data":541},"model":"modelengine:fdexplosion_resources/ffxc12"},{"predicate":{"custom_model_data":542},"model":"modelengine:fdexplosion_resources/ffxc17"},{"predicate":{"custom_model_data":543},"model":"modelengine:fdexplosion_resources/ffxc16"},{"predicate":{"custom_model_data":544},"model":"modelengine:fdexplosion_resources/ffxd2_9"},{"predicate":{"custom_model_data":545},"model":"modelengine:fdexplosion_resources/ffxd2_4"},{"predicate":{"custom_model_data":546},"model":"modelengine:fdexplosion_resources/ffxd2_3"},{"predicate":{"custom_model_data":547},"model":"modelengine:fdexplosion_resources/ffxd2_2"},{"predicate":{"custom_model_data":548},"model":"modelengine:fdexplosion_resources/ffxd2_10"},{"predicate":{"custom_model_data":549},"model":"modelengine:fdexplosion_resources/ffxd2_1"},{"predicate":{"custom_model_data":550},"model":"modelengine:fdexplosion_resources/ffxd2_8"},{"predicate":{"custom_model_data":551},"model":"modelengine:fdexplosion_resources/ffxd2_7"},{"predicate":{"custom_model_data":552},"model":"modelengine:fdexplosion_resources/ffxd2_6"},{"predicate":{"custom_model_data":553},"model":"modelengine:fdexplosion_resources/ffxd2_5"},{"predicate":{"custom_model_data":554},"model":"modelengine:fdexplosion_resources/ffxb7"},{"predicate":{"custom_model_data":555},"model":"modelengine:fdexplosion_resources/ffxb6"},{"predicate":{"custom_model_data":556},"model":"modelengine:fdexplosion_resources/ffxb9"},{"predicate":{"custom_model_data":557},"model":"modelengine:fdexplosion_resources/ffxb8"},{"predicate":{"custom_model_data":558},"model":"modelengine:fdexplosion_resources/ffxb3"},{"predicate":{"custom_model_data":559},"model":"modelengine:fdexplosion_resources/ffxb2"},{"predicate":{"custom_model_data":560},"model":"modelengine:fdexplosion_resources/ffxb5"},{"predicate":{"custom_model_data":561},"model":"modelengine:fdexplosion_resources/ffxb4"},{"predicate":{"custom_model_data":562},"model":"modelengine:fdexplosion_resources/ffxb12"},{"predicate":{"custom_model_data":563},"model":"modelengine:fdexplosion_resources/ffxb11"},{"predicate":{"custom_model_data":564},"model":"modelengine:fdexplosion_resources/ffxb1"},{"predicate":{"custom_model_data":565},"model":"modelengine:fdexplosion_resources/ffxb10"},{"predicate":{"custom_model_data":566},"model":"modelengine:fdexplosion_resources/ffxb16"},{"predicate":{"custom_model_data":567},"model":"modelengine:fdexplosion_resources/ffxb15"},{"predicate":{"custom_model_data":568},"model":"modelengine:fdexplosion_resources/ffxb14"},{"predicate":{"custom_model_data":569},"model":"modelengine:fdexplosion_resources/ffxb13"},{"predicate":{"custom_model_data":570},"model":"modelengine:fdexplosion_resources/ffxd9"},{"predicate":{"custom_model_data":571},"model":"modelengine:fdexplosion_resources/ffxd8"},{"predicate":{"custom_model_data":572},"model":"modelengine:fdexplosion_resources/ffxd5"},{"predicate":{"custom_model_data":573},"model":"modelengine:fdexplosion_resources/ffxd4"},{"predicate":{"custom_model_data":574},"model":"modelengine:fdexplosion_resources/ffxd7"},{"predicate":{"custom_model_data":575},"model":"modelengine:fdexplosion_resources/ffxd6"},{"predicate":{"custom_model_data":576},"model":"modelengine:fdexplosion_resources/ffxd1"},{"predicate":{"custom_model_data":577},"model":"modelengine:fdexplosion_resources/ffxd10"},{"predicate":{"custom_model_data":578},"model":"modelengine:fdexplosion_resources/ffxd3"},{"predicate":{"custom_model_data":579},"model":"modelengine:fdexplosion_resources/ffxd2"},{"predicate":{"custom_model_data":580},"model":"modelengine:fdexplosion_resources/explosionb4"},{"predicate":{"custom_model_data":581},"model":"modelengine:fdexplosion_resources/explosionb3"},{"predicate":{"custom_model_data":582},"model":"modelengine:fdexplosion_resources/explosionb2"},{"predicate":{"custom_model_data":583},"model":"modelengine:fdexplosion_resources/explosionb1"},{"predicate":{"custom_model_data":584},"model":"modelengine:fdexplosion_resources/explosionb8"},{"predicate":{"custom_model_data":585},"model":"modelengine:fdexplosion_resources/explosionb11"},{"predicate":{"custom_model_data":586},"model":"modelengine:fdexplosion_resources/explosionb7"},{"predicate":{"custom_model_data":587},"model":"modelengine:fdexplosion_resources/explosionb10"},{"predicate":{"custom_model_data":588},"model":"modelengine:fdexplosion_resources/explosionb6"},{"predicate":{"custom_model_data":589},"model":"modelengine:fdexplosion_resources/explosionb5"},{"predicate":{"custom_model_data":590},"model":"modelengine:fdexplosion_resources/explosionb12"},{"predicate":{"custom_model_data":591},"model":"modelengine:fdexplosion_resources/explosionb9"},{"predicate":{"custom_model_data":592},"model":"modelengine:fhero_fireexplosion/frame1"},{"predicate":{"custom_model_data":593},"model":"modelengine:fhero_fireffects/fb1"},{"predicate":{"custom_model_data":594},"model":"modelengine:fhero_shockwave/frame1"},{"predicate":{"custom_model_data":595},"model":"modelengine:fhero_shockwave2/frame1"},{"predicate":{"custom_model_data":596},"model":"modelengine:fhero_supershockwave/rswa_4"},{"predicate":{"custom_model_data":597},"model":"modelengine:fhero_supershockwave/rswa_1"},{"predicate":{"custom_model_data":598},"model":"modelengine:fhero_supershockwave/rswa_2"},{"predicate":{"custom_model_data":599},"model":"modelengine:fhero_supershockwave/rswa_3"},{"predicate":{"custom_model_data":600},"model":"modelengine:fhero_supershockwave_vert/rswa_4"},{"predicate":{"custom_model_data":601},"model":"modelengine:fhero_supershockwave_vert/rswa_1"},{"predicate":{"custom_model_data":602},"model":"modelengine:fhero_supershockwave_vert/rswa_2"},{"predicate":{"custom_model_data":603},"model":"modelengine:fhero_supershockwave_vert/rswa_3"},{"predicate":{"custom_model_data":604},"model":"modelengine:ravage_effectus_xd/ravage1"},{"predicate":{"custom_model_data":605},"model":"modelengine:ravager_fireblade2/fb1"},{"predicate":{"custom_model_data":606},"model":"modelengine:toro_deep_debris_large/11"},{"predicate":{"custom_model_data":607},"model":"modelengine:toro_deep_debris_large/12"},{"predicate":{"custom_model_data":608},"model":"modelengine:toro_deep_debris_large/13"},{"predicate":{"custom_model_data":609},"model":"modelengine:toro_deep_debris_large/14"},{"predicate":{"custom_model_data":610},"model":"modelengine:toro_deep_debris_large/15"},{"predicate":{"custom_model_data":611},"model":"modelengine:toro_deep_debris_large/1"},{"predicate":{"custom_model_data":612},"model":"modelengine:toro_deep_debris_large/2"},{"predicate":{"custom_model_data":613},"model":"modelengine:toro_deep_debris_large/3"},{"predicate":{"custom_model_data":614},"model":"modelengine:toro_deep_debris_large/4"},{"predicate":{"custom_model_data":615},"model":"modelengine:toro_deep_debris_large/5"},{"predicate":{"custom_model_data":616},"model":"modelengine:toro_deep_debris_large/6"},{"predicate":{"custom_model_data":617},"model":"modelengine:toro_deep_debris_large/7"},{"predicate":{"custom_model_data":618},"model":"modelengine:toro_deep_debris_large/8"},{"predicate":{"custom_model_data":619},"model":"modelengine:toro_deep_debris_large/9"},{"predicate":{"custom_model_data":620},"model":"modelengine:toro_deep_debris_large/10"},{"predicate":{"custom_model_data":621},"model":"modelengine:toro_deep_debris_small/11"},{"predicate":{"custom_model_data":622},"model":"modelengine:toro_deep_debris_small/12"},{"predicate":{"custom_model_data":623},"model":"modelengine:toro_deep_debris_small/13"},{"predicate":{"custom_model_data":624},"model":"modelengine:toro_deep_debris_small/14"},{"predicate":{"custom_model_data":625},"model":"modelengine:toro_deep_debris_small/15"},{"predicate":{"custom_model_data":626},"model":"modelengine:toro_deep_debris_small/1"},{"predicate":{"custom_model_data":627},"model":"modelengine:toro_deep_debris_small/2"},{"predicate":{"custom_model_data":628},"model":"modelengine:toro_deep_debris_small/3"},{"predicate":{"custom_model_data":629},"model":"modelengine:toro_deep_debris_small/4"},{"predicate":{"custom_model_data":630},"model":"modelengine:toro_deep_debris_small/5"},{"predicate":{"custom_model_data":631},"model":"modelengine:toro_deep_debris_small/6"},{"predicate":{"custom_model_data":632},"model":"modelengine:toro_deep_debris_small/7"},{"predicate":{"custom_model_data":633},"model":"modelengine:toro_deep_debris_small/8"},{"predicate":{"custom_model_data":634},"model":"modelengine:toro_deep_debris_small/9"},{"predicate":{"custom_model_data":635},"model":"modelengine:toro_deep_debris_small/10"},{"predicate":{"custom_model_data":636},"model":"modelengine:toro_wither/body"},{"predicate":{"custom_model_data":637},"model":"modelengine:toro_wither/head"},{"predicate":{"custom_model_data":638},"model":"modelengine:toro_wither/left_rib"},{"predicate":{"custom_model_data":639},"model":"modelengine:toro_wither/core"},{"predicate":{"custom_model_data":640},"model":"modelengine:toro_wither/right_arm"},{"predicate":{"custom_model_data":641},"model":"modelengine:toro_wither/right_neck"},{"predicate":{"custom_model_data":642},"model":"modelengine:toro_wither/left_arm"},{"predicate":{"custom_model_data":643},"model":"modelengine:toro_wither/right_rib"},{"predicate":{"custom_model_data":644},"model":"modelengine:toro_wither/left_neck"},{"predicate":{"custom_model_data":645},"model":"modelengine:toro_wither/spine"},{"predicate":{"custom_model_data":646},"model":"modelengine:toro_wither/jaw"},{"predicate":{"custom_model_data":647},"model":"modelengine:toro_wither/right_forearm"},{"predicate":{"custom_model_data":648},"model":"modelengine:toro_wither/right_head"},{"predicate":{"custom_model_data":649},"model":"modelengine:toro_wither/left_forearm"},{"predicate":{"custom_model_data":650},"model":"modelengine:toro_wither/left_head"},{"predicate":{"custom_model_data":651},"model":"modelengine:toro_wither/spine2"},{"predicate":{"custom_model_data":652},"model":"modelengine:toro_wither/right_claw"},{"predicate":{"custom_model_data":653},"model":"modelengine:toro_wither/left_claw"},{"predicate":{"custom_model_data":654},"model":"modelengine:toro_wither_pool/pool"},{"predicate":{"custom_model_data":655},"model":"modelengine:toro_wither_skull/left_head"},{"predicate":{"custom_model_data":656},"model":"modelengine:toro_wither_skull_2ndphase/head"},{"predicate":{"custom_model_data":657},"model":"modelengine:toro_wither_skull_2ndphase/jaw"},{"predicate":{"custom_model_data":658},"model":"modelengine:toro_wither_still/body"},{"predicate":{"custom_model_data":659},"model":"modelengine:toro_wither_still/nothing"},{"predicate":{"custom_model_data":660},"model":"modelengine:toro_wither_still/head"},{"predicate":{"custom_model_data":661},"model":"modelengine:toro_wither_still/left_rib"},{"predicate":{"custom_model_data":662},"model":"modelengine:toro_wither_still/core"},{"predicate":{"custom_model_data":663},"model":"modelengine:toro_wither_still/right_arm"},{"predicate":{"custom_model_data":664},"model":"modelengine:toro_wither_still/right_neck"},{"predicate":{"custom_model_data":665},"model":"modelengine:toro_wither_still/left_arm"},{"predicate":{"custom_model_data":666},"model":"modelengine:toro_wither_still/right_rib"},{"predicate":{"custom_model_data":667},"model":"modelengine:toro_wither_still/left_neck"},{"predicate":{"custom_model_data":668},"model":"modelengine:toro_wither_still/spine"},{"predicate":{"custom_model_data":669},"model":"modelengine:toro_wither_still/jaw"},{"predicate":{"custom_model_data":670},"model":"modelengine:toro_wither_still/right_forearm"},{"predicate":{"custom_model_data":671},"model":"modelengine:toro_wither_still/right_head"},{"predicate":{"custom_model_data":672},"model":"modelengine:toro_wither_still/left_forearm"},{"predicate":{"custom_model_data":673},"model":"modelengine:toro_wither_still/left_head"},{"predicate":{"custom_model_data":674},"model":"modelengine:toro_wither_still/spine2"},{"predicate":{"custom_model_data":675},"model":"modelengine:toro_wither_still/right_claw"},{"predicate":{"custom_model_data":676},"model":"modelengine:toro_wither_still/left_claw"},{"predicate":{"custom_model_data":677},"model":"modelengine:toro_wither_terror/body"},{"predicate":{"custom_model_data":678},"model":"modelengine:toro_wither_terror/tail1"},{"predicate":{"custom_model_data":679},"model":"modelengine:toro_wither_terror/right_arm"},{"predicate":{"custom_model_data":680},"model":"modelengine:toro_wither_terror/left_arm"},{"predicate":{"custom_model_data":681},"model":"modelengine:toro_wither_terror/neck"},{"predicate":{"custom_model_data":682},"model":"modelengine:toro_wither_terror/tail2"},{"predicate":{"custom_model_data":683},"model":"modelengine:toro_wither_terror/right_forearm"},{"predicate":{"custom_model_data":684},"model":"modelengine:toro_wither_terror/left_forearm"},{"predicate":{"custom_model_data":685},"model":"modelengine:toro_wither_terror/head"},{"predicate":{"custom_model_data":686},"model":"modelengine:toro_wither_terror/tail3"},{"predicate":{"custom_model_data":687},"model":"modelengine:toro_wither_terror/right_hand"},{"predicate":{"custom_model_data":688},"model":"modelengine:toro_wither_terror/left_hand"},{"predicate":{"custom_model_data":689},"model":"modelengine:toro_wither_terror/jaw"},{"predicate":{"custom_model_data":690},"model":"modelengine:toro_wither_terror/right_finger_pinky"},{"predicate":{"custom_model_data":691},"model":"modelengine:toro_wither_terror/head_on_hand"},{"predicate":{"custom_model_data":692},"model":"modelengine:toro_wither_terror/right_finger_index"},{"predicate":{"custom_model_data":693},"model":"modelengine:toro_wither_terror/right_finger_mid"},{"predicate":{"custom_model_data":694},"model":"modelengine:toro_wither_terror/right_thumb"},{"predicate":{"custom_model_data":695},"model":"modelengine:toro_wither_terror/left_finger_index"},{"predicate":{"custom_model_data":696},"model":"modelengine:toro_wither_terror/left_finger_pinky"},{"predicate":{"custom_model_data":697},"model":"modelengine:toro_wither_terror/left_thumb"},{"predicate":{"custom_model_data":698},"model":"modelengine:toro_wither_terror/left_finger_mid"},{"predicate":{"custom_model_data":699},"model":"modelengine:toro_wither_terror/jaw2"},{"predicate":{"custom_model_data":700},"model":"modelengine:warden_heart/heart"}],"parent":"minecraft:item/generated","textures":{"layer0":"minecraft:item/leather_horse_armor"}}