{"textures":{"0":"modelengine:entity/viking_stone_pile"},"elements":[{"from":[3.0,-5.0,0.0],"to":[12.0,-2.0,10.0],"faces":{"east":{"uv":[6.75,3.75,9.25,4.5],"tintindex":0,"rotation":0,"texture":"#0"},"south":{"uv":[1.25,7.75,3.5,8.5],"tintindex":0,"rotation":0,"texture":"#0"},"north":{"uv":[7.5,6.0,9.75,6.75],"tintindex":0,"rotation":0,"texture":"#0"},"west":{"uv":[1.25,7.0,3.75,7.75],"tintindex":0,"rotation":0,"texture":"#0"},"up":{"uv":[5.25,2.5,3.0,0.0],"tintindex":0,"rotation":0,"texture":"#0"},"down":{"uv":[5.25,2.5,3.0,5.0],"tintindex":0,"rotation":0,"texture":"#0"}},"rotation":{"origin":[7.5,-3.5,5.0],"angle":-22.5,"axis":"y"}},{"from":[4.0,3.0,2.0],"to":[10.0,5.0,9.0],"faces":{"east":{"uv":[8.0,7.75,9.75,8.25],"tintindex":0,"rotation":0,"texture":"#0"},"south":{"uv":[8.0,8.25,9.5,8.75],"tintindex":0,"rotation":0,"texture":"#0"},"north":{"uv":[8.25,0.5,9.75,1.0],"tintindex":0,"rotation":0,"texture":"#0"},"west":{"uv":[8.25,0.0,10.0,0.5],"tintindex":0,"rotation":0,"texture":"#0"},"up":{"uv":[6.75,2.75,5.25,1.0],"tintindex":0,"rotation":0,"texture":"#0"},"down":{"uv":[6.75,2.75,5.25,4.5],"tintindex":0,"rotation":0,"texture":"#0"}},"rotation":{"origin":[7.0,4.0,5.5],"angle":45.0,"axis":"y"}},{"from":[6.0,7.0,6.0],"to":[10.0,9.0,10.0],"faces":{"east":{"uv":[2.5,8.5,3.5,9.0],"tintindex":0,"rotation":0,"texture":"#0"},"south":{"uv":[8.5,8.75,9.5,9.25],"tintindex":0,"rotation":0,"texture":"#0"},"north":{"uv":[7.0,4.5,8.0,5.0],"tintindex":0,"rotation":0,"texture":"#0"},"west":{"uv":[1.25,9.0,2.25,9.5],"tintindex":0,"rotation":0,"texture":"#0"},"up":{"uv":[9.0,3.75,8.0,2.75],"tintindex":0,"rotation":0,"texture":"#0"},"down":{"uv":[9.0,4.5,8.0,5.5],"tintindex":0,"rotation":0,"texture":"#0"}},"rotation":{"origin":[8.0,8.0,8.0],"angle":22.5,"axis":"y"}},{"from":[5.0,-2.0,3.0],"to":[10.0,0.0,10.0],"faces":{"east":{"uv":[5.25,4.5,7.0,5.0],"tintindex":0,"rotation":0,"texture":"#0"},"south":{"uv":[6.0,8.5,7.25,9.0],"tintindex":0,"rotation":0,"texture":"#0"},"north":{"uv":[1.25,8.5,2.5,9.0],"tintindex":0,"rotation":0,"texture":"#0"},"west":{"uv":[8.0,5.5,9.75,6.0],"tintindex":0,"rotation":0,"texture":"#0"},"up":{"uv":[8.0,3.75,6.75,2.0],"tintindex":0,"rotation":0,"texture":"#0"},"down":{"uv":[1.25,7.0,0.0,8.75],"tintindex":0,"rotation":0,"texture":"#0"}}},{"from":[2.0,-9.0,1.0],"to":[14.0,-5.0,11.0],"faces":{"east":{"uv":[5.0,6.0,7.5,7.0],"tintindex":0,"rotation":0,"texture":"#0"},"south":{"uv":[5.25,0.0,8.25,1.0],"tintindex":0,"rotation":0,"texture":"#0"},"north":{"uv":[5.0,5.0,8.0,6.0],"tintindex":0,"rotation":0,"texture":"#0"},"west":{"uv":[6.75,1.0,9.25,2.0],"tintindex":0,"rotation":0,"texture":"#0"},"up":{"uv":[3.0,2.5,0.0,0.0],"tintindex":0,"rotation":0,"texture":"#0"},"down":{"uv":[3.0,2.5,0.0,5.0],"tintindex":0,"rotation":0,"texture":"#0"}},"rotation":{"origin":[8.0,-7.0,6.0],"angle":22.5,"axis":"y"}},{"from":[5.0,5.0,5.0],"to":[10.0,7.0,10.0],"faces":{"east":{"uv":[8.75,6.75,10.0,7.25],"tintindex":0,"rotation":0,"texture":"#0"},"south":{"uv":[7.25,8.75,8.5,9.25],"tintindex":0,"rotation":0,"texture":"#0"},"north":{"uv":[0.0,8.75,1.25,9.25],"tintindex":0,"rotation":0,"texture":"#0"},"west":{"uv":[8.75,7.25,10.0,7.75],"tintindex":0,"rotation":0,"texture":"#0"},"up":{"uv":[4.75,9.0,3.5,7.75],"tintindex":0,"rotation":0,"texture":"#0"},"down":{"uv":[6.0,7.75,4.75,9.0],"tintindex":0,"rotation":0,"texture":"#0"}},"rotation":{"origin":[7.5,6.0,7.5],"angle":-45.0,"axis":"y"}},{"from":[3.0,0.0,3.0],"to":[13.0,3.0,11.0],"faces":{"east":{"uv":[6.0,7.75,8.0,8.5],"tintindex":0,"rotation":0,"texture":"#0"},"south":{"uv":[6.25,7.0,8.75,7.75],"tintindex":0,"rotation":0,"texture":"#0"},"north":{"uv":[3.75,7.0,6.25,7.75],"tintindex":0,"rotation":0,"texture":"#0"},"west":{"uv":[8.0,2.0,10.0,2.75],"tintindex":0,"rotation":0,"texture":"#0"},"up":{"uv":[2.5,7.0,0.0,5.0],"tintindex":0,"rotation":0,"texture":"#0"},"down":{"uv":[5.0,5.0,2.5,7.0],"tintindex":0,"rotation":0,"texture":"#0"}},"rotation":{"origin":[8.0,1.5,7.0],"angle":22.5,"axis":"y"}}],"display":{"gui":{"rotation":[30,225,0]}}}