{"textures":{"0":"modelengine:entity/fdefender_fire_crepit"},"elements":[{"from":[-1.1428576,0.5714283,8.0],"to":[17.142857,18.857143,8.0],"rotation":{"angle":0.0,"axis":"y","origin":[9.142858,8.0,3.4285712]},"faces":{"east":{"uv":[0.0,0.0,0.0,16.0],"rotation":0,"texture":"#0","tintindex":0},"south":{"uv":[2.0,0.0,0.0,2.0],"rotation":0,"texture":"#0","tintindex":0},"north":{"uv":[0.0,0.0,2.0,2.0],"rotation":0,"texture":"#0","tintindex":0},"west":{"uv":[0.0,0.0,0.0,16.0],"rotation":0,"texture":"#0","tintindex":0},"up":{"uv":[0.0,0.0,16.0,0.0],"rotation":0,"texture":"#0","tintindex":0},"down":{"uv":[0.0,0.0,16.0,0.0],"rotation":0,"texture":"#0","tintindex":0}}},{"from":[8.0,0.5714283,-0.57142925],"to":[8.0,18.857143,17.714287],"rotation":{"angle":0.0,"axis":"y","origin":[12.571428,8.0,9.714286]},"faces":{"east":{"uv":[0.0,0.0,2.0,2.0],"rotation":0,"texture":"#0","tintindex":0},"south":{"uv":[0.0,0.0,0.0,16.0],"rotation":0,"texture":"#0","tintindex":0},"north":{"uv":[0.0,0.0,0.0,16.0],"rotation":0,"texture":"#0","tintindex":0},"west":{"uv":[2.0,0.0,0.0,2.0],"rotation":0,"texture":"#0","tintindex":0},"up":{"uv":[0.0,0.0,16.0,0.0],"rotation":90,"texture":"#0","tintindex":0},"down":{"uv":[0.0,0.0,16.0,0.0],"rotation":270,"texture":"#0","tintindex":0}}}],"display":{"head":{"translation":[0.0,-6.4,0.0],"scale":[4.0,4.0,4.0]}}}