{"textures":{"8":"modelengine:entity/fdefender_rsw"},"elements":[{"from":[-8.0,8.0,-8.0],"to":[24.0,8.0,24.0],"faces":{"east":{"uv":[0.001,0.001,7.999,-0.001],"tintindex":0,"rotation":180,"texture":"#8"},"south":{"uv":[0.001,0.001,-0.001,7.999],"tintindex":0,"rotation":270,"texture":"#8"},"north":{"uv":[0.001,0.001,-0.001,7.999],"tintindex":0,"rotation":90,"texture":"#8"},"west":{"uv":[0.001,0.001,7.999,-0.001],"tintindex":0,"rotation":0,"texture":"#8"},"up":{"uv":[4.001,12.001,7.999,15.999],"tintindex":0,"rotation":270,"texture":"#8"},"down":{"uv":[7.999,12.001,4.001,15.999],"tintindex":0,"rotation":270,"texture":"#8"}}}],"display":{"gui":{"rotation":[30,225,0]}}}