{"textures":{"8":"modelengine:entity/fdefender_rsw"},"elements":[{"from":[-10.560001,8.0,-10.560001],"to":[26.560001,8.0,26.560001],"faces":{"east":{"uv":[0.001,0.001,7.999,-0.001],"tintindex":0,"rotation":180,"texture":"#8"},"south":{"uv":[0.001,0.001,-0.001,7.999],"tintindex":0,"rotation":270,"texture":"#8"},"north":{"uv":[0.001,0.001,-0.001,7.999],"tintindex":0,"rotation":90,"texture":"#8"},"west":{"uv":[0.001,0.001,7.999,-0.001],"tintindex":0,"rotation":0,"texture":"#8"},"up":{"uv":[8.001,4.001,11.999,7.999],"tintindex":0,"rotation":270,"texture":"#8"},"down":{"uv":[11.999,4.001,8.001,7.999],"tintindex":0,"rotation":270,"texture":"#8"}}}],"display":{"gui":{"rotation":[30,225,0]}}}