{"textures":{"0":"modelengine:entity/ender_dragon"},"elements":[{"from":[9.466666,0.67134094,-2.138092],"to":[10.273334,1.7713418,-1.3314314],"faces":{"east":{"uv":[4.3671875,0.828125,4.3828125,0.8515625],"tintindex":0,"rotation":0,"texture":"#0"},"south":{"uv":[4.3828125,1.8671875,4.3984375,1.890625],"tintindex":0,"rotation":0,"texture":"#0"},"north":{"uv":[4.3671875,0.8046875,4.3828125,0.828125],"tintindex":0,"rotation":0,"texture":"#0"},"west":{"uv":[4.15625,4.390625,4.171875,4.4140625],"tintindex":0,"rotation":0,"texture":"#0"},"up":{"uv":[1.515625,1.34375,1.5,1.328125],"tintindex":0,"rotation":0,"texture":"#0"},"down":{"uv":[1.53125,1.328125,1.515625,1.34375],"tintindex":0,"rotation":0,"texture":"#0"}},"rotation":{"origin":[7.7066665,2.4313402,-5.584758],"angle":22.5,"axis":"y"}},{"from":[5.7266665,0.67134094,-2.138092],"to":[6.5333333,1.7713418,-1.3314314],"faces":{"east":{"uv":[4.15625,4.484375,4.171875,4.5078125],"tintindex":0,"rotation":0,"texture":"#0"},"south":{"uv":[4.4921875,1.8671875,4.5078125,1.890625],"tintindex":0,"rotation":0,"texture":"#0"},"north":{"uv":[4.4765625,1.8671875,4.4921875,1.890625],"tintindex":0,"rotation":0,"texture":"#0"},"west":{"uv":[4.5078125,1.8671875,4.5234375,1.890625],"tintindex":0,"rotation":0,"texture":"#0"},"up":{"uv":[3.78125,2.453125,3.765625,2.4375],"tintindex":0,"rotation":0,"texture":"#0"},"down":{"uv":[3.796875,2.4375,3.78125,2.453125],"tintindex":0,"rotation":0,"texture":"#0"}},"rotation":{"origin":[8.293333,2.4313402,-5.584758],"angle":-22.5,"axis":"y"}},{"from":[5.653333,4.6313424,-12.184765],"to":[10.346666,9.911342,-2.5047607],"faces":{"east":{"uv":[7.328125,1.1171875,7.5546875,1.2421875],"tintindex":0,"rotation":0,"texture":"#0"},"south":{"uv":[5.15625,7.75,5.265625,7.875],"tintindex":0,"rotation":0,"texture":"#0"},"north":{"uv":[7.75,3.6015625,7.859375,3.7265625],"tintindex":0,"rotation":0,"texture":"#0"},"west":{"uv":[2.6796875,7.328125,2.90625,7.453125],"tintindex":0,"rotation":0,"texture":"#0"},"up":{"uv":[4.625,7.6015625,4.515625,7.375],"tintindex":0,"rotation":0,"texture":"#0"},"down":{"uv":[1.171875,7.390625,1.0625,7.6171875],"tintindex":0,"rotation":0,"texture":"#0"}}},{"from":[6.24,12.184677,1.6019082],"to":[9.76,15.411342,6.881907],"faces":{"east":{"uv":[6.3671875,3.1015625,6.4921875,3.1796875],"tintindex":0,"rotation":0,"texture":"#0"},"south":{"uv":[7.953125,4.78125,8.0390625,4.859375],"tintindex":0,"rotation":0,"texture":"#0"},"north":{"uv":[7.9453125,6.59375,8.03125,6.671875],"tintindex":0,"rotation":0,"texture":"#0"},"west":{"uv":[7.875,2.0703125,8.0,2.1484375],"tintindex":0,"rotation":0,"texture":"#0"},"up":{"uv":[4.859375,6.8125,4.7734375,6.6875],"tintindex":0,"rotation":0,"texture":"#0"},"down":{"uv":[6.8359375,4.40625,6.75,4.53125],"tintindex":0,"rotation":0,"texture":"#0"}}},{"from":[10.053333,1.1113434,-5.4380903],"to":[10.860001,2.2113442,-4.6314297],"faces":{"east":{"uv":[4.3671875,0.640625,4.3828125,0.6640625],"tintindex":0,"rotation":0,"texture":"#0"},"south":{"uv":[4.3671875,0.6640625,4.3828125,0.6875],"tintindex":0,"rotation":0,"texture":"#0"},"north":{"uv":[4.3671875,0.6171875,4.3828125,0.640625],"tintindex":0,"rotation":0,"texture":"#0"},"west":{"uv":[4.3671875,0.6875,4.3828125,0.7109375],"tintindex":0,"rotation":0,"texture":"#0"},"up":{"uv":[1.453125,1.34375,1.4375,1.328125],"tintindex":0,"rotation":0,"texture":"#0"},"down":{"uv":[1.46875,1.328125,1.453125,1.34375],"tintindex":0,"rotation":0,"texture":"#0"}},"rotation":{"origin":[7.7066665,2.4313402,-4.7047634],"angle":22.5,"axis":"y"}},{"from":[11.373333,1.0380096,-0.011424065],"to":[12.18,2.6513414,0.79523706],"faces":{"east":{"uv":[1.59375,1.90625,1.609375,1.9453125],"tintindex":0,"rotation":0,"texture":"#0"},"south":{"uv":[1.59375,1.9453125,1.609375,1.984375],"tintindex":0,"rotation":0,"texture":"#0"},"north":{"uv":[1.59375,1.8671875,1.609375,1.90625],"tintindex":0,"rotation":0,"texture":"#0"},"west":{"uv":[1.59375,1.984375,1.609375,2.0234375],"tintindex":0,"rotation":0,"texture":"#0"},"up":{"uv":[1.546875,1.34375,1.53125,1.328125],"tintindex":0,"rotation":0,"texture":"#0"},"down":{"uv":[1.5625,1.328125,1.546875,1.34375],"tintindex":0,"rotation":0,"texture":"#0"}},"rotation":{"origin":[11.795,1.7896776,0.4102373],"angle":-22.5,"axis":"x"}},{"from":[6.68,14.311346,6.588572],"to":[9.32,16.65801,9.228577],"faces":{"east":{"uv":[7.7890625,7.296875,7.8515625,7.3515625],"tintindex":0,"rotation":0,"texture":"#0"},"south":{"uv":[8.0,4.6015625,8.0625,4.65625],"tintindex":0,"rotation":0,"texture":"#0"},"north":{"uv":[0.5,5.203125,0.5625,5.2578125],"tintindex":0,"rotation":0,"texture":"#0"},"west":{"uv":[8.0,4.859375,8.0625,4.9140625],"tintindex":0,"rotation":0,"texture":"#0"},"up":{"uv":[2.875,2.1875,2.8125,2.125],"tintindex":0,"rotation":0,"texture":"#0"},"down":{"uv":[6.1875,7.0,6.125,7.0625],"tintindex":0,"rotation":0,"texture":"#0"}},"rotation":{"origin":[8.146667,13.79801,9.228577],"angle":-22.5,"axis":"x"}},{"from":[3.1599998,7.8492584,-1.9119673],"to":[5.213333,10.195923,0.068033695],"faces":{"east":{"uv":[8.015625,6.7734375,8.0625,6.828125],"tintindex":0,"rotation":0,"texture":"#0"},"south":{"uv":[8.015625,6.828125,8.0625,6.8828125],"tintindex":0,"rotation":0,"texture":"#0"},"north":{"uv":[8.015625,6.71875,8.0625,6.7734375],"tintindex":0,"rotation":0,"texture":"#0"},"west":{"uv":[8.015625,6.8828125,8.0625,6.9375],"tintindex":0,"rotation":0,"texture":"#0"},"up":{"uv":[8.078125,4.4765625,8.03125,4.4296875],"tintindex":0,"rotation":0,"texture":"#0"},"down":{"uv":[8.078125,4.4765625,8.03125,4.5234375],"tintindex":0,"rotation":0,"texture":"#0"}},"rotation":{"origin":[7.8533335,10.489258,1.8280334],"angle":-22.5,"axis":"x"}},{"from":[14.38,13.28536,7.8876343],"to":[17.093334,15.778692,13.314301],"faces":{"east":{"uv":[7.484375,2.09375,7.609375,2.1484375],"tintindex":0,"rotation":0,"texture":"#0"},"south":{"uv":[5.0546875,8.0,5.1171875,8.0546875],"tintindex":0,"rotation":0,"texture":"#0"},"north":{"uv":[4.9921875,8.0,5.0546875,8.0546875],"tintindex":0,"rotation":0,"texture":"#0"},"west":{"uv":[7.6796875,2.234375,7.8046875,2.2890625],"tintindex":0,"rotation":0,"texture":"#0"},"up":{"uv":[6.71875,7.171875,6.65625,7.046875],"tintindex":0,"rotation":0,"texture":"#0"},"down":{"uv":[5.90625,7.1953125,5.84375,7.3203125],"tintindex":0,"rotation":0,"texture":"#0"}},"rotation":{"origin":[14.16,15.7053585,11.92097],"angle":22.5,"axis":"y"}},{"from":[3.6,2.6513414,-0.30475903],"to":[4.773333,4.3380075,1.1619058],"faces":{"east":{"uv":[3.015625,7.40625,3.046875,7.4453125],"tintindex":0,"rotation":0,"texture":"#0"},"south":{"uv":[7.3203125,7.40625,7.3515625,7.4453125],"tintindex":0,"rotation":0,"texture":"#0"},"north":{"uv":[1.28125,7.3984375,1.3125,7.4375],"tintindex":0,"rotation":0,"texture":"#0"},"west":{"uv":[5.40625,7.4296875,5.4375,7.46875],"tintindex":0,"rotation":0,"texture":"#0"},"up":{"uv":[7.6953125,0.3515625,7.6640625,0.3203125],"tintindex":0,"rotation":0,"texture":"#0"},"down":{"uv":[7.75,0.484375,7.71875,0.515625],"tintindex":0,"rotation":0,"texture":"#0"}},"rotation":{"origin":[4.205,1.7896776,0.4102373],"angle":-22.5,"axis":"x"}},{"from":[6.9733334,14.8246765,9.815236],"to":[9.026667,16.584677,12.455241],"faces":{"east":{"uv":[6.609375,1.3046875,6.671875,1.34375],"tintindex":0,"rotation":0,"texture":"#0"},"south":{"uv":[3.71875,7.453125,3.765625,7.4921875],"tintindex":0,"rotation":0,"texture":"#0"},"north":{"uv":[6.9453125,2.828125,6.9921875,2.8671875],"tintindex":0,"rotation":0,"texture":"#0"},"west":{"uv":[6.6171875,2.4375,6.6796875,2.4765625],"tintindex":0,"rotation":0,"texture":"#0"},"up":{"uv":[0.3515625,7.734375,0.3046875,7.671875],"tintindex":0,"rotation":0,"texture":"#0"},"down":{"uv":[7.734375,1.0625,7.6875,1.125],"tintindex":0,"rotation":0,"texture":"#0"}},"rotation":{"origin":[8.146667,13.79801,9.228577],"angle":-45.0,"axis":"x"}},{"from":[1.6933331,7.18926,0.36136866],"to":[14.306667,12.469259,9.161366],"faces":{"east":{"uv":[7.3515625,3.4609375,7.5546875,3.5859375],"tintindex":0,"rotation":0,"texture":"#0"},"south":{"uv":[3.34375,1.015625,3.640625,1.140625],"tintindex":0,"rotation":0,"texture":"#0"},"north":{"uv":[3.046875,1.015625,3.34375,1.140625],"tintindex":0,"rotation":0,"texture":"#0"},"west":{"uv":[7.359375,6.2265625,7.5625,6.3515625],"tintindex":0,"rotation":0,"texture":"#0"},"up":{"uv":[5.8984375,6.875,5.6015625,6.671875],"tintindex":0,"rotation":0,"texture":"#0"},"down":{"uv":[6.1953125,6.671875,5.8984375,6.875],"tintindex":0,"rotation":0,"texture":"#0"}}},{"from":[5.5066667,1.7713418,-2.431427],"to":[6.68,3.7513428,-0.9647627],"faces":{"east":{"uv":[3.6171875,7.0625,3.6484375,7.109375],"tintindex":0,"rotation":0,"texture":"#0"},"south":{"uv":[6.3125,7.0625,6.34375,7.109375],"tintindex":0,"rotation":0,"texture":"#0"},"north":{"uv":[7.046875,2.53125,7.078125,2.578125],"tintindex":0,"rotation":0,"texture":"#0"},"west":{"uv":[6.4921875,7.0703125,6.5234375,7.1171875],"tintindex":0,"rotation":0,"texture":"#0"},"up":{"uv":[7.765625,0.6796875,7.734375,0.6484375],"tintindex":0,"rotation":0,"texture":"#0"},"down":{"uv":[7.7890625,5.9765625,7.7578125,6.0078125],"tintindex":0,"rotation":0,"texture":"#0"}},"rotation":{"origin":[8.293333,2.4313402,-5.584758],"angle":-22.5,"axis":"y"}},{"from":[16.14,16.050503,15.2422285],"to":[17.68,17.883835,20.008902],"faces":{"east":{"uv":[7.0859375,2.2890625,7.1953125,2.3359375],"tintindex":0,"rotation":0,"texture":"#0"},"south":{"uv":[7.078125,4.171875,7.1171875,4.21875],"tintindex":0,"rotation":0,"texture":"#0"},"north":{"uv":[5.1875,7.0234375,5.2265625,7.0703125],"tintindex":0,"rotation":0,"texture":"#0"},"west":{"uv":[7.5390625,6.890625,7.6484375,6.9375],"tintindex":0,"rotation":0,"texture":"#0"},"up":{"uv":[3.2421875,6.390625,3.203125,6.28125],"tintindex":0,"rotation":0,"texture":"#0"},"down":{"uv":[1.9921875,6.2890625,1.953125,6.3984375],"tintindex":0,"rotation":0,"texture":"#0"}},"rotation":{"origin":[16.25,16.527172,16.305563],"angle":-45.0,"axis":"x"}},{"from":[-1.6800003,16.050503,15.2422285],"to":[-0.14000034,17.883835,20.008902],"faces":{"east":{"uv":[5.8515625,3.1796875,5.9609375,3.2265625],"tintindex":0,"rotation":0,"texture":"#0"},"south":{"uv":[1.953125,6.5,1.9921875,6.546875],"tintindex":0,"rotation":0,"texture":"#0"},"north":{"uv":[4.0390625,6.2109375,4.078125,6.2578125],"tintindex":0,"rotation":0,"texture":"#0"},"west":{"uv":[6.609375,0.9921875,6.71875,1.0390625],"tintindex":0,"rotation":0,"texture":"#0"},"up":{"uv":[5.265625,6.2578125,5.2265625,6.1484375],"tintindex":0,"rotation":0,"texture":"#0"},"down":{"uv":[5.265625,6.2578125,5.2265625,6.3671875],"tintindex":0,"rotation":0,"texture":"#0"}},"rotation":{"origin":[-0.25,16.527172,16.305563],"angle":-45.0,"axis":"x"}},{"from":[5.778333,6.024678,-4.851431],"to":[10.221666,11.304678,4.8285723],"faces":{"east":{"uv":[7.328125,0.8671875,7.5546875,0.9921875],"tintindex":0,"rotation":0,"texture":"#0"},"south":{"uv":[1.5234375,7.75,1.6328125,7.875],"tintindex":0,"rotation":0,"texture":"#0"},"north":{"uv":[3.0078125,7.7421875,3.1171875,7.8671875],"tintindex":0,"rotation":0,"texture":"#0"},"west":{"uv":[7.328125,0.9921875,7.5546875,1.1171875],"tintindex":0,"rotation":0,"texture":"#0"},"up":{"uv":[0.5,6.1015625,0.390625,5.875],"tintindex":0,"rotation":0,"texture":"#0"},"down":{"uv":[3.5703125,7.375,3.4609375,7.6015625],"tintindex":0,"rotation":0,"texture":"#0"}},"rotation":{"origin":[7.9583335,7.564677,-2.3580933],"angle":-22.5,"axis":"x"}},{"from":[4.92,5.1446786,-12.624756],"to":[11.08,7.784678,-9.691427],"faces":{"east":{"uv":[2.9609375,0.5078125,3.03125,0.5703125],"tintindex":0,"rotation":0,"texture":"#0"},"south":{"uv":[6.4296875,5.25,6.5703125,5.3125],"tintindex":0,"rotation":0,"texture":"#0"},"north":{"uv":[6.0078125,4.53125,6.1484375,4.59375],"tintindex":0,"rotation":0,"texture":"#0"},"west":{"uv":[5.8671875,0.7734375,5.9375,0.8359375],"tintindex":0,"rotation":0,"texture":"#0"},"up":{"uv":[8.0,3.2265625,7.859375,3.15625],"tintindex":0,"rotation":0,"texture":"#0"},"down":{"uv":[8.0078125,4.53125,7.8671875,4.6015625],"tintindex":0,"rotation":0,"texture":"#0"}},"rotation":{"origin":[8.0,4.9246774,-11.89143],"angle":22.5,"axis":"x"}},{"from":[10.786667,7.8492584,-1.9119673],"to":[12.84,10.195923,0.068033695],"faces":{"east":{"uv":[1.46875,8.0234375,1.515625,8.078125],"tintindex":0,"rotation":0,"texture":"#0"},"south":{"uv":[1.515625,8.0234375,1.5625,8.078125],"tintindex":0,"rotation":0,"texture":"#0"},"north":{"uv":[8.0234375,0.375,8.0703125,0.4296875],"tintindex":0,"rotation":0,"texture":"#0"},"west":{"uv":[2.0625,8.0234375,2.109375,8.078125],"tintindex":0,"rotation":0,"texture":"#0"},"up":{"uv":[8.078125,4.703125,8.03125,4.65625],"tintindex":0,"rotation":0,"texture":"#0"},"down":{"uv":[8.078125,4.703125,8.03125,4.75],"tintindex":0,"rotation":0,"texture":"#0"}},"rotation":{"origin":[8.146667,10.489258,1.8280334],"angle":-22.5,"axis":"x"}},{"from":[3.8199997,1.0380096,-0.011424065],"to":[4.6266665,2.6513414,0.79523706],"faces":{"east":{"uv":[1.59375,2.0625,1.609375,2.1015625],"tintindex":0,"rotation":0,"texture":"#0"},"south":{"uv":[1.59375,2.1015625,1.609375,2.140625],"tintindex":0,"rotation":0,"texture":"#0"},"north":{"uv":[1.59375,2.0234375,1.609375,2.0625],"tintindex":0,"rotation":0,"texture":"#0"},"west":{"uv":[1.59375,2.140625,1.609375,2.1796875],"tintindex":0,"rotation":0,"texture":"#0"},"up":{"uv":[1.578125,1.34375,1.5625,1.328125],"tintindex":0,"rotation":0,"texture":"#0"},"down":{"uv":[1.59375,1.328125,1.578125,1.34375],"tintindex":0,"rotation":0,"texture":"#0"}},"rotation":{"origin":[4.205,1.7896776,0.4102373],"angle":-22.5,"axis":"x"}},{"from":[6.6066666,2.284678,-8.95809],"to":[7.4133334,3.384674,-8.151428],"faces":{"east":{"uv":[4.4140625,1.8671875,4.4296875,1.890625],"tintindex":0,"rotation":0,"texture":"#0"},"south":{"uv":[4.15625,4.4140625,4.171875,4.4375],"tintindex":0,"rotation":0,"texture":"#0"},"north":{"uv":[4.3984375,1.8671875,4.4140625,1.890625],"tintindex":0,"rotation":0,"texture":"#0"},"west":{"uv":[4.4296875,1.8671875,4.4453125,1.890625],"tintindex":0,"rotation":0,"texture":"#0"},"up":{"uv":[1.609375,1.34375,1.59375,1.328125],"tintindex":0,"rotation":0,"texture":"#0"},"down":{"uv":[2.875,2.109375,2.859375,2.125],"tintindex":0,"rotation":0,"texture":"#0"}}},{"from":[9.32,1.7713418,-2.431427],"to":[10.493334,3.7513428,-0.9647627],"faces":{"east":{"uv":[6.4921875,7.0234375,6.5234375,7.0703125],"tintindex":0,"rotation":0,"texture":"#0"},"south":{"uv":[7.046875,2.4375,7.078125,2.484375],"tintindex":0,"rotation":0,"texture":"#0"},"north":{"uv":[3.6171875,7.015625,3.6484375,7.0625],"tintindex":0,"rotation":0,"texture":"#0"},"west":{"uv":[7.046875,2.484375,7.078125,2.53125],"tintindex":0,"rotation":0,"texture":"#0"},"up":{"uv":[6.125,7.390625,6.09375,7.359375],"tintindex":0,"rotation":0,"texture":"#0"},"down":{"uv":[1.3125,7.4375,1.28125,7.46875],"tintindex":0,"rotation":0,"texture":"#0"}},"rotation":{"origin":[7.7066665,2.4313402,-5.584758],"angle":22.5,"axis":"y"}},{"from":[-1.3133335,13.28536,12.287639],"to":[0.8133335,15.7053585,17.054302],"faces":{"east":{"uv":[7.7734375,0.0859375,7.8828125,0.140625],"tintindex":0,"rotation":0,"texture":"#0"},"south":{"uv":[2.15625,8.0234375,2.203125,8.078125],"tintindex":0,"rotation":0,"texture":"#0"},"north":{"uv":[2.109375,8.0234375,2.15625,8.078125],"tintindex":0,"rotation":0,"texture":"#0"},"west":{"uv":[7.8046875,2.234375,7.9140625,2.2890625],"tintindex":0,"rotation":0,"texture":"#0"},"up":{"uv":[2.7890625,8.0859375,2.7421875,7.9765625],"tintindex":0,"rotation":0,"texture":"#0"},"down":{"uv":[2.8359375,7.9765625,2.7890625,8.0859375],"tintindex":0,"rotation":0,"texture":"#0"}},"rotation":{"origin":[-0.25,14.458694,11.407634],"angle":-22.5,"axis":"x"}},{"from":[4.4799995,8.078008,-6.318095],"to":[5.653333,10.131343,2.1885781],"faces":{"east":{"uv":[5.796875,1.34375,6.0,1.390625],"tintindex":0,"rotation":0,"texture":"#0"},"south":{"uv":[3.6171875,7.109375,3.6484375,7.15625],"tintindex":0,"rotation":0,"texture":"#0"},"north":{"uv":[6.09375,7.1015625,6.125,7.1484375],"tintindex":0,"rotation":0,"texture":"#0"},"west":{"uv":[5.8203125,6.09375,6.0234375,6.140625],"tintindex":0,"rotation":0,"texture":"#0"},"up":{"uv":[2.90625,2.65625,2.875,2.453125],"tintindex":0,"rotation":0,"texture":"#0"},"down":{"uv":[1.4453125,4.8984375,1.4140625,5.1015625],"tintindex":0,"rotation":0,"texture":"#0"}},"rotation":{"origin":[8.0,7.564677,-2.3580933],"angle":-22.5,"axis":"x"}},{"from":[12.106667,11.295924,2.1213684],"to":[16.213333,15.149257,9.161366],"faces":{"east":{"uv":[7.734375,7.3515625,7.8984375,7.4375],"tintindex":0,"rotation":0,"texture":"#0"},"south":{"uv":[6.8359375,7.8984375,6.9296875,7.984375],"tintindex":0,"rotation":0,"texture":"#0"},"north":{"uv":[7.8984375,4.1796875,7.9921875,4.265625],"tintindex":0,"rotation":0,"texture":"#0"},"west":{"uv":[7.7421875,0.0,7.90625,0.0859375],"tintindex":0,"rotation":0,"texture":"#0"},"up":{"uv":[7.1328125,1.4609375,7.0390625,1.296875],"tintindex":0,"rotation":0,"texture":"#0"},"down":{"uv":[5.5,7.6953125,5.40625,7.859375],"tintindex":0,"rotation":0,"texture":"#0"}},"rotation":{"origin":[11.373333,12.469259,5.6413674],"angle":-22.5,"axis":"x"}},{"from":[5.9466667,2.6011095,-12.514862],"to":[10.053333,5.241109,-9.581533],"faces":{"east":{"uv":[5.8828125,4.1171875,5.953125,4.1796875],"tintindex":0,"rotation":0,"texture":"#0"},"south":{"uv":[7.96875,3.859375,8.0625,3.921875],"tintindex":0,"rotation":0,"texture":"#0"},"north":{"uv":[7.96875,3.796875,8.0625,3.859375],"tintindex":0,"rotation":0,"texture":"#0"},"west":{"uv":[6.234375,3.3671875,6.3046875,3.4296875],"tintindex":0,"rotation":0,"texture":"#0"},"up":{"uv":[4.3125,2.453125,4.21875,2.3828125],"tintindex":0,"rotation":0,"texture":"#0"},"down":{"uv":[8.0546875,2.0,7.9609375,2.0703125],"tintindex":0,"rotation":0,"texture":"#0"}}},{"from":[3.6733332,9.39801,-1.2580976],"to":[6.02,10.571345,2.6285706],"faces":{"east":{"uv":[7.078125,3.3203125,7.171875,3.3515625],"tintindex":0,"rotation":0,"texture":"#0"},"south":{"uv":[2.6796875,7.1171875,2.734375,7.1484375],"tintindex":0,"rotation":0,"texture":"#0"},"north":{"uv":[5.765625,6.109375,5.8203125,6.140625],"tintindex":0,"rotation":0,"texture":"#0"},"west":{"uv":[4.03125,7.3046875,4.125,7.3359375],"tintindex":0,"rotation":0,"texture":"#0"},"up":{"uv":[3.859375,6.5,3.8046875,6.40625],"tintindex":0,"rotation":0,"texture":"#0"},"down":{"uv":[2.484375,6.8984375,2.4296875,6.9921875],"tintindex":0,"rotation":0,"texture":"#0"}},"rotation":{"origin":[8.0,7.564677,-2.3580933],"angle":-22.5,"axis":"y"}},{"from":[-0.21333313,11.295924,2.1213684],"to":[3.8933334,15.149257,9.161366],"faces":{"east":{"uv":[7.734375,4.1953125,7.8984375,4.28125],"tintindex":0,"rotation":0,"texture":"#0"},"south":{"uv":[7.3515625,3.5859375,7.4453125,3.671875],"tintindex":0,"rotation":0,"texture":"#0"},"north":{"uv":[6.3828125,4.03125,6.4765625,4.1171875],"tintindex":0,"rotation":0,"texture":"#0"},"west":{"uv":[7.734375,5.265625,7.8984375,5.3515625],"tintindex":0,"rotation":0,"texture":"#0"},"up":{"uv":[5.421875,1.0,5.328125,0.8359375],"tintindex":0,"rotation":0,"texture":"#0"},"down":{"uv":[5.890625,3.6171875,5.796875,3.78125],"tintindex":0,"rotation":0,"texture":"#0"}},"rotation":{"origin":[4.6266665,12.469259,5.6413674],"angle":-22.5,"axis":"x"}},{"from":[11.226667,2.6513414,-0.30475903],"to":[12.400001,4.3380075,1.1619058],"faces":{"east":{"uv":[6.09375,7.28125,6.125,7.3203125],"tintindex":0,"rotation":0,"texture":"#0"},"south":{"uv":[6.09375,7.3203125,6.125,7.359375],"tintindex":0,"rotation":0,"texture":"#0"},"north":{"uv":[6.09375,7.2421875,6.125,7.28125],"tintindex":0,"rotation":0,"texture":"#0"},"west":{"uv":[1.28125,7.359375,1.3125,7.3984375],"tintindex":0,"rotation":0,"texture":"#0"},"up":{"uv":[7.4765625,2.015625,7.4453125,1.984375],"tintindex":0,"rotation":0,"texture":"#0"},"down":{"uv":[7.4453125,7.578125,7.4140625,7.609375],"tintindex":0,"rotation":0,"texture":"#0"}},"rotation":{"origin":[11.795,1.7896776,0.4102373],"angle":-22.5,"axis":"x"}},{"from":[-1.0933342,13.28536,7.8876343],"to":[1.6199999,15.778692,13.314301],"faces":{"east":{"uv":[4.5,5.140625,4.625,5.1953125],"tintindex":0,"rotation":0,"texture":"#0"},"south":{"uv":[4.9296875,8.0,4.9921875,8.0546875],"tintindex":0,"rotation":0,"texture":"#0"},"north":{"uv":[8.0,4.9140625,8.0625,4.96875],"tintindex":0,"rotation":0,"texture":"#0"},"west":{"uv":[6.7578125,2.109375,6.8828125,2.1640625],"tintindex":0,"rotation":0,"texture":"#0"},"up":{"uv":[6.71875,7.046875,6.65625,6.921875],"tintindex":0,"rotation":0,"texture":"#0"},"down":{"uv":[2.7421875,6.9921875,2.6796875,7.1171875],"tintindex":0,"rotation":0,"texture":"#0"}},"rotation":{"origin":[1.8400002,15.7053585,11.92097],"angle":-22.5,"axis":"y"}},{"from":[9.906667,2.2113442,-5.7314253],"to":[11.08,3.7513428,-4.264761],"faces":{"east":{"uv":[5.0234375,1.578125,5.0546875,1.6171875],"tintindex":0,"rotation":0,"texture":"#0"},"south":{"uv":[6.4296875,1.9609375,6.4609375,2.0],"tintindex":0,"rotation":0,"texture":"#0"},"north":{"uv":[4.3515625,0.9765625,4.3828125,1.015625],"tintindex":0,"rotation":0,"texture":"#0"},"west":{"uv":[3.6171875,7.15625,3.6484375,7.1953125],"tintindex":0,"rotation":0,"texture":"#0"},"up":{"uv":[2.90625,2.7578125,2.875,2.7265625],"tintindex":0,"rotation":0,"texture":"#0"},"down":{"uv":[3.8046875,5.3203125,3.7734375,5.3515625],"tintindex":0,"rotation":0,"texture":"#0"}},"rotation":{"origin":[7.7066665,2.4313402,-4.7047634],"angle":22.5,"axis":"y"}},{"from":[5.14,1.1113434,-5.4380903],"to":[5.9466667,2.2113442,-4.6314297],"faces":{"east":{"uv":[4.4453125,1.8671875,4.4609375,1.890625],"tintindex":0,"rotation":0,"texture":"#0"},"south":{"uv":[4.4609375,1.8671875,4.4765625,1.890625],"tintindex":0,"rotation":0,"texture":"#0"},"north":{"uv":[4.15625,4.4375,4.171875,4.4609375],"tintindex":0,"rotation":0,"texture":"#0"},"west":{"uv":[4.15625,4.4609375,4.171875,4.484375],"tintindex":0,"rotation":0,"texture":"#0"},"up":{"uv":[3.75,2.453125,3.734375,2.4375],"tintindex":0,"rotation":0,"texture":"#0"},"down":{"uv":[3.765625,2.4375,3.75,2.453125],"tintindex":0,"rotation":0,"texture":"#0"}},"rotation":{"origin":[8.293333,2.4313402,-4.7047634],"angle":-22.5,"axis":"y"}},{"from":[4.04,3.5313416,-7.7847595],"to":[8.146667,7.8580117,3.948578],"faces":{"east":{"uv":[5.4921875,4.0625,5.765625,4.1640625],"tintindex":0,"rotation":0,"texture":"#0"},"south":{"uv":[2.46875,7.875,2.5625,7.9765625],"tintindex":0,"rotation":0,"texture":"#0"},"north":{"uv":[3.5,5.6328125,3.59375,5.734375],"tintindex":0,"rotation":0,"texture":"#0"},"west":{"uv":[5.5,4.75,5.7734375,4.8515625],"tintindex":0,"rotation":0,"texture":"#0"},"up":{"uv":[0.8671875,7.6171875,0.7734375,7.34375],"tintindex":0,"rotation":0,"texture":"#0"},"down":{"uv":[7.4453125,7.265625,7.3515625,7.5390625],"tintindex":0,"rotation":0,"texture":"#0"}},"rotation":{"origin":[8.293333,2.4313402,-5.584758],"angle":-22.5,"axis":"y"}},{"from":[8.586667,2.284678,-8.95809],"to":[9.393333,3.384674,-8.151428],"faces":{"east":{"uv":[4.3671875,0.734375,4.3828125,0.7578125],"tintindex":0,"rotation":0,"texture":"#0"},"south":{"uv":[4.3671875,0.7578125,4.3828125,0.78125],"tintindex":0,"rotation":0,"texture":"#0"},"north":{"uv":[4.3671875,0.7109375,4.3828125,0.734375],"tintindex":0,"rotation":0,"texture":"#0"},"west":{"uv":[4.3671875,0.78125,4.3828125,0.8046875],"tintindex":0,"rotation":0,"texture":"#0"},"up":{"uv":[1.484375,1.34375,1.46875,1.328125],"tintindex":0,"rotation":0,"texture":"#0"},"down":{"uv":[1.5,1.328125,1.484375,1.34375],"tintindex":0,"rotation":0,"texture":"#0"}}},{"from":[7.8533335,3.5313416,-7.7847595],"to":[11.960001,7.8580117,3.948578],"faces":{"east":{"uv":[6.3203125,3.5,6.59375,3.6015625],"tintindex":0,"rotation":0,"texture":"#0"},"south":{"uv":[7.875,3.8046875,7.96875,3.90625],"tintindex":0,"rotation":0,"texture":"#0"},"north":{"uv":[2.5625,7.875,2.65625,7.9765625],"tintindex":0,"rotation":0,"texture":"#0"},"west":{"uv":[6.71875,2.3359375,6.9921875,2.4375],"tintindex":0,"rotation":0,"texture":"#0"},"up":{"uv":[1.28125,7.6328125,1.1875,7.359375],"tintindex":0,"rotation":0,"texture":"#0"},"down":{"uv":[7.453125,4.8828125,7.359375,5.15625],"tintindex":0,"rotation":0,"texture":"#0"}},"rotation":{"origin":[7.7066665,2.4313402,-5.584758],"angle":22.5,"axis":"y"}},{"from":[4.92,2.2113442,-5.7314253],"to":[6.0933332,3.7513428,-4.264761],"faces":{"east":{"uv":[5.40625,7.46875,5.4375,7.5078125],"tintindex":0,"rotation":0,"texture":"#0"},"south":{"uv":[7.3203125,7.484375,7.3515625,7.5234375],"tintindex":0,"rotation":0,"texture":"#0"},"north":{"uv":[7.3203125,7.4453125,7.3515625,7.484375],"tintindex":0,"rotation":0,"texture":"#0"},"west":{"uv":[5.40625,7.5078125,5.4375,7.546875],"tintindex":0,"rotation":0,"texture":"#0"},"up":{"uv":[7.375,7.7578125,7.34375,7.7265625],"tintindex":0,"rotation":0,"texture":"#0"},"down":{"uv":[7.40625,7.7265625,7.375,7.7578125],"tintindex":0,"rotation":0,"texture":"#0"}},"rotation":{"origin":[8.293333,2.4313402,-4.7047634],"angle":-22.5,"axis":"y"}},{"from":[6.5333333,6.8313446,-12.478088],"to":[9.466666,12.111343,-9.54476],"faces":{"east":{"uv":[6.40625,4.3046875,6.4765625,4.4296875],"tintindex":0,"rotation":0,"texture":"#0"},"south":{"uv":[5.15625,6.578125,5.2265625,6.703125],"tintindex":0,"rotation":0,"texture":"#0"},"north":{"uv":[5.9453125,2.1875,6.015625,2.3125],"tintindex":0,"rotation":0,"texture":"#0"},"west":{"uv":[5.15625,6.703125,5.2265625,6.828125],"tintindex":0,"rotation":0,"texture":"#0"},"up":{"uv":[6.8515625,5.3046875,6.78125,5.234375],"tintindex":0,"rotation":0,"texture":"#0"},"down":{"uv":[0.9375,7.34375,0.8671875,7.4140625],"tintindex":0,"rotation":0,"texture":"#0"}},"rotation":{"origin":[8.0,9.3246765,-11.89143],"angle":22.5,"axis":"x"}},{"from":[15.1866665,13.28536,12.287639],"to":[17.313335,15.7053585,17.054302],"faces":{"east":{"uv":[7.8828125,0.0859375,7.9921875,0.140625],"tintindex":0,"rotation":0,"texture":"#0"},"south":{"uv":[8.0234375,2.2109375,8.0703125,2.265625],"tintindex":0,"rotation":0,"texture":"#0"},"north":{"uv":[2.203125,8.0234375,2.25,8.078125],"tintindex":0,"rotation":0,"texture":"#0"},"west":{"uv":[7.8984375,5.3359375,8.0078125,5.390625],"tintindex":0,"rotation":0,"texture":"#0"},"up":{"uv":[3.3359375,8.0859375,3.2890625,7.9765625],"tintindex":0,"rotation":0,"texture":"#0"},"down":{"uv":[3.3828125,7.9765625,3.3359375,8.0859375],"tintindex":0,"rotation":0,"texture":"#0"}},"rotation":{"origin":[16.25,14.458694,11.407634],"angle":-22.5,"axis":"x"}},{"from":[9.9800005,9.39801,-1.2580976],"to":[12.326667,10.571345,2.6285706],"faces":{"east":{"uv":[7.5703125,0.3203125,7.6640625,0.3515625],"tintindex":0,"rotation":0,"texture":"#0"},"south":{"uv":[7.2109375,3.9375,7.265625,3.96875],"tintindex":0,"rotation":0,"texture":"#0"},"north":{"uv":[7.15625,1.640625,7.2109375,1.671875],"tintindex":0,"rotation":0,"texture":"#0"},"west":{"uv":[7.640625,0.6484375,7.734375,0.6796875],"tintindex":0,"rotation":0,"texture":"#0"},"up":{"uv":[6.2578125,7.609375,6.203125,7.515625],"tintindex":0,"rotation":0,"texture":"#0"},"down":{"uv":[1.5234375,7.7734375,1.46875,7.8671875],"tintindex":0,"rotation":0,"texture":"#0"}},"rotation":{"origin":[8.0,7.564677,-2.3580933],"angle":22.5,"axis":"y"}},{"from":[10.346666,8.078008,-6.318095],"to":[11.52,10.131343,2.1885781],"faces":{"east":{"uv":[4.46875,6.140625,4.671875,6.1875],"tintindex":0,"rotation":0,"texture":"#0"},"south":{"uv":[6.4921875,7.1171875,6.5234375,7.1640625],"tintindex":0,"rotation":0,"texture":"#0"},"north":{"uv":[6.3125,7.109375,6.34375,7.15625],"tintindex":0,"rotation":0,"texture":"#0"},"west":{"uv":[6.75,0.3515625,6.953125,0.3984375],"tintindex":0,"rotation":0,"texture":"#0"},"up":{"uv":[5.4765625,3.6328125,5.4453125,3.4296875],"tintindex":0,"rotation":0,"texture":"#0"},"down":{"uv":[3.890625,5.734375,3.859375,5.9375],"tintindex":0,"rotation":0,"texture":"#0"}},"rotation":{"origin":[8.0,7.564677,-2.3580933],"angle":-22.5,"axis":"x"}}],"display":{"gui":{"rotation":[30,225,0]}}}