{"textures":{"0":"modelengine:entity/boneshadingdefender","8":"modelengine:entity/fallendefender"},"elements":[{"from":[3.495,11.995,9.795793],"to":[5.505,15.005,10.805793],"faces":{"east":{"uv":[4.125,8.0,4.1875,8.1875],"tintindex":0,"rotation":0,"texture":"#8"},"south":{"uv":[4.25,6.5,4.375,6.6875],"tintindex":0,"rotation":0,"texture":"#8"},"north":{"uv":[3.125,6.5,3.25,6.6875],"tintindex":0,"rotation":0,"texture":"#8"},"west":{"uv":[4.25,8.0,4.3125,8.1875],"tintindex":0,"rotation":0,"texture":"#8"},"up":{"uv":[8.5625,2.0,8.4375,1.9375],"tintindex":0,"rotation":0,"texture":"#8"},"down":{"uv":[8.5625,2.0625,8.4375,2.125],"tintindex":0,"rotation":0,"texture":"#8"}},"rotation":{"origin":[5.0,12.5,10.300793],"angle":-45.0,"axis":"y"}},{"from":[1.8879999,11.088,4.6039004],"to":[3.9039998,16.104,10.619901],"faces":{"east":{"uv":[2.8125,1.5,3.1875,1.8125],"tintindex":0,"rotation":0,"texture":"#8"},"south":{"uv":[1.375,4.8125,1.5,5.125],"tintindex":0,"rotation":0,"texture":"#8"},"north":{"uv":[4.8125,0.8125,4.9375,1.125],"tintindex":0,"rotation":0,"texture":"#8"},"west":{"uv":[2.8125,1.875,3.1875,2.1875],"tintindex":0,"rotation":0,"texture":"#8"},"up":{"uv":[3.5,5.0,3.375,4.625],"tintindex":0,"rotation":0,"texture":"#8"},"down":{"uv":[4.8125,0.0,4.6875,0.375],"tintindex":0,"rotation":0,"texture":"#8"}}},{"from":[7.0,11.4,4.0079],"to":[9.0,13.4,5.0079],"faces":{"east":{"uv":[3.375,8.375,3.4375,8.5],"tintindex":0,"rotation":0,"texture":"#8"},"south":{"uv":[7.0,6.875,7.125,7.0],"tintindex":0,"rotation":0,"texture":"#8"},"north":{"uv":[7.0,4.5,7.125,4.625],"tintindex":0,"rotation":0,"texture":"#8"},"west":{"uv":[3.625,8.375,3.6875,8.5],"tintindex":0,"rotation":0,"texture":"#8"},"up":{"uv":[8.5,3.75,8.375,3.6875],"tintindex":0,"rotation":0,"texture":"#8"},"down":{"uv":[8.5,3.8125,8.375,3.875],"tintindex":0,"rotation":0,"texture":"#8"}},"rotation":{"origin":[8.0,12.4,4.5079],"angle":-45.0,"axis":"z"}},{"from":[5.0,11.0,9.5079],"to":[11.0,15.0,10.5079],"faces":{"east":{"uv":[0.5,7.0625,0.5625,7.3125],"tintindex":0,"rotation":0,"texture":"#8"},"south":{"uv":[3.25,1.75,3.625,2.0],"tintindex":0,"rotation":0,"texture":"#8"},"north":{"uv":[2.0,3.1875,2.375,3.4375],"tintindex":0,"rotation":0,"texture":"#8"},"west":{"uv":[3.875,7.0625,3.9375,7.3125],"tintindex":0,"rotation":0,"texture":"#8"},"up":{"uv":[6.875,4.0,6.5,3.9375],"tintindex":0,"rotation":0,"texture":"#8"},"down":{"uv":[6.875,4.625,6.5,4.6875],"tintindex":0,"rotation":0,"texture":"#8"}}},{"from":[5.0,11.0,4.8079],"to":[11.0,14.0,5.8079],"faces":{"east":{"uv":[2.0625,8.0,2.125,8.1875],"tintindex":0,"rotation":0,"texture":"#8"},"south":{"uv":[3.375,0.5,3.75,0.6875],"tintindex":0,"rotation":0,"texture":"#8"},"north":{"uv":[3.375,0.25,3.75,0.4375],"tintindex":0,"rotation":0,"texture":"#8"},"west":{"uv":[4.0,8.0,4.0625,8.1875],"tintindex":0,"rotation":0,"texture":"#8"},"up":{"uv":[6.6875,5.0625,6.3125,5.0],"tintindex":0,"rotation":0,"texture":"#8"},"down":{"uv":[6.875,2.625,6.5,2.6875],"tintindex":0,"rotation":0,"texture":"#8"}}},{"from":[3.775,7.6749997,5.2329],"to":[12.225,9.775,9.7829],"faces":{"east":{"uv":[5.25,5.3125,5.5,5.4375],"tintindex":0,"rotation":0,"texture":"#8"},"south":{"uv":[3.5625,2.9375,4.0625,3.0625],"tintindex":0,"rotation":0,"texture":"#8"},"north":{"uv":[3.5625,2.75,4.078125,2.86875],"tintindex":0,"rotation":0,"texture":"#8"},"west":{"uv":[5.375,0.5625,5.625,0.6875],"tintindex":0,"rotation":0,"texture":"#8"},"up":{"uv":[2.0625,2.8125,1.5625,2.5625],"tintindex":0,"rotation":0,"texture":"#8"},"down":{"uv":[3.125,0.0,2.625,0.25],"tintindex":0,"rotation":0,"texture":"#8"}}},{"from":[9.30625,8.68125,5.5079],"to":[11.30625,9.13125,5.6579],"faces":{"east":{"uv":[14.5625,0.0,15.5,0.5],"tintindex":0,"rotation":0,"texture":"#0"},"south":{"uv":[14.5625,0.0,15.5,0.5],"tintindex":0,"rotation":0,"texture":"#0"},"north":{"uv":[14.5625,0.0,15.5,0.5],"tintindex":0,"rotation":0,"texture":"#0"},"west":{"uv":[14.5625,0.0,15.5,0.5],"tintindex":0,"rotation":0,"texture":"#0"},"up":{"uv":[14.5625,0.0,15.5,0.5],"tintindex":0,"rotation":0,"texture":"#0"},"down":{"uv":[14.5625,0.0,15.5,0.5],"tintindex":0,"rotation":0,"texture":"#0"}}},{"from":[4.69375,7.8812504,5.5079],"to":[5.69375,8.331249,5.6579],"faces":{"east":{"uv":[14.5625,0.0,15.5,0.5],"tintindex":0,"rotation":0,"texture":"#0"},"south":{"uv":[14.5625,0.0,15.5,0.5],"tintindex":0,"rotation":0,"texture":"#0"},"north":{"uv":[14.5625,0.0,15.5,0.5],"tintindex":0,"rotation":0,"texture":"#0"},"west":{"uv":[14.5625,0.0,15.5,0.5],"tintindex":0,"rotation":0,"texture":"#0"},"up":{"uv":[14.5625,0.0,15.5,0.5],"tintindex":0,"rotation":0,"texture":"#0"},"down":{"uv":[14.5625,0.0,15.5,0.5],"tintindex":0,"rotation":0,"texture":"#0"}}},{"from":[5.0942717,10.207107,4.8139],"to":[6.5024853,11.201108,5.8079],"faces":{"east":{"uv":[9.125,4.0625,9.1875,4.125],"tintindex":0,"rotation":0,"texture":"#8"},"south":{"uv":[9.125,4.1875,9.1875,4.25],"tintindex":0,"rotation":0,"texture":"#8"},"north":{"uv":[9.125,3.8125,9.213763,3.875375],"tintindex":0,"rotation":0,"texture":"#8"},"west":{"uv":[9.125,4.3125,9.1875,4.375],"tintindex":0,"rotation":0,"texture":"#8"},"up":{"uv":[9.1875,4.5,9.125,4.4375],"tintindex":0,"rotation":0,"texture":"#8"},"down":{"uv":[9.1875,4.5625,9.125,4.625],"tintindex":0,"rotation":0,"texture":"#8"}},"rotation":{"origin":[6.0084853,10.707108,5.3139],"angle":-45.0,"axis":"z"}},{"from":[3.012107,9.304999,5.3129],"to":[5.0021067,10.294999,9.7029],"faces":{"east":{"uv":[7.4375,5.3125,7.6875,5.375],"tintindex":0,"rotation":0,"texture":"#8"},"south":{"uv":[8.75,5.0625,8.875,5.125],"tintindex":0,"rotation":0,"texture":"#8"},"north":{"uv":[8.75,3.1875,8.875,3.25],"tintindex":0,"rotation":0,"texture":"#8"},"west":{"uv":[7.4375,5.4375,7.6875,5.5],"tintindex":0,"rotation":0,"texture":"#8"},"up":{"uv":[5.375,5.9375,5.25,5.6875],"tintindex":0,"rotation":0,"texture":"#8"},"down":{"uv":[5.8125,5.6875,5.6875,5.9375],"tintindex":0,"rotation":0,"texture":"#8"}},"rotation":{"origin":[3.5071068,9.799999,5.8079],"angle":-45.0,"axis":"z"}},{"from":[6.503,10.210108,10.0109005],"to":[7.497,11.204107,11.0049],"faces":{"east":{"uv":[9.125,5.8125,9.1875,5.875],"tintindex":0,"rotation":0,"texture":"#8"},"south":{"uv":[9.125,5.9375,9.1875,6.0],"tintindex":0,"rotation":0,"texture":"#8"},"north":{"uv":[9.125,5.6875,9.1875,5.75],"tintindex":0,"rotation":0,"texture":"#8"},"west":{"uv":[6.125,9.125,6.1875,9.1875],"tintindex":0,"rotation":0,"texture":"#8"},"up":{"uv":[9.1875,6.25,9.125,6.1875],"tintindex":0,"rotation":0,"texture":"#8"},"down":{"uv":[6.3125,9.125,6.25,9.1875],"tintindex":0,"rotation":0,"texture":"#8"}},"rotation":{"origin":[7.0,10.707108,10.5079],"angle":45.0,"axis":"z"}},{"from":[4.69375,8.68125,5.5079],"to":[6.69375,9.13125,5.6579],"faces":{"east":{"uv":[14.5625,0.0,15.5,0.5],"tintindex":0,"rotation":0,"texture":"#0"},"south":{"uv":[14.5625,0.0,15.5,0.5],"tintindex":0,"rotation":0,"texture":"#0"},"north":{"uv":[14.5625,0.0,15.5,0.5],"tintindex":0,"rotation":0,"texture":"#0"},"west":{"uv":[14.5625,0.0,15.5,0.5],"tintindex":0,"rotation":0,"texture":"#0"},"up":{"uv":[14.5625,0.0,15.5,0.5],"tintindex":0,"rotation":0,"texture":"#0"},"down":{"uv":[14.5625,0.0,15.5,0.5],"tintindex":0,"rotation":0,"texture":"#0"}}},{"from":[4.506,10.213107,9.5139],"to":[6.494,11.201108,10.501901],"faces":{"east":{"uv":[9.125,6.75,9.1875,6.8125],"tintindex":0,"rotation":0,"texture":"#8"},"south":{"uv":[8.375,7.8125,8.5,7.875],"tintindex":0,"rotation":0,"texture":"#8"},"north":{"uv":[7.5625,8.375,7.6875,8.4375],"tintindex":0,"rotation":0,"texture":"#8"},"west":{"uv":[6.875,9.125,6.9375,9.1875],"tintindex":0,"rotation":0,"texture":"#8"},"up":{"uv":[8.5625,0.3125,8.4375,0.25],"tintindex":0,"rotation":0,"texture":"#8"},"down":{"uv":[8.5625,1.8125,8.4375,1.875],"tintindex":0,"rotation":0,"texture":"#8"}},"rotation":{"origin":[6.0,10.707108,10.0079],"angle":-45.0,"axis":"z"}},{"from":[3.9850001,7.96,5.5179],"to":[12.015,10.04,9.4979],"faces":{"east":{"uv":[14.5625,0.0,15.5,0.5],"tintindex":0,"rotation":0,"texture":"#0"},"south":{"uv":[14.5625,0.0,15.5,0.5],"tintindex":0,"rotation":0,"texture":"#0"},"north":{"uv":[14.5625,0.0,15.5,0.5],"tintindex":0,"rotation":0,"texture":"#0"},"west":{"uv":[14.5625,0.0,15.5,0.5],"tintindex":0,"rotation":0,"texture":"#0"},"up":{"uv":[14.5625,0.0,15.5,0.5],"tintindex":0,"rotation":0,"texture":"#0"},"down":{"uv":[14.5625,0.0,15.5,0.5],"tintindex":0,"rotation":0,"texture":"#0"}}},{"from":[10.495,11.995,9.795793],"to":[12.505,15.005,10.805793],"faces":{"east":{"uv":[6.0625,8.0,6.125,8.1875],"tintindex":0,"rotation":0,"texture":"#8"},"south":{"uv":[6.5,5.125,6.625,5.3125],"tintindex":0,"rotation":0,"texture":"#8"},"north":{"uv":[4.4375,6.5,4.5625,6.6875],"tintindex":0,"rotation":0,"texture":"#8"},"west":{"uv":[6.1875,8.0,6.25,8.1875],"tintindex":0,"rotation":0,"texture":"#8"},"up":{"uv":[2.25,8.5,2.125,8.4375],"tintindex":0,"rotation":0,"texture":"#8"},"down":{"uv":[8.5625,3.3125,8.4375,3.375],"tintindex":0,"rotation":0,"texture":"#8"}},"rotation":{"origin":[11.0,12.5,10.300793],"angle":45.0,"axis":"y"}},{"from":[6.995,10.995,4.3029],"to":[9.005,15.005,5.3129],"faces":{"east":{"uv":[6.625,7.0,6.6875,7.25],"tintindex":0,"rotation":0,"texture":"#8"},"south":{"uv":[5.375,2.6875,5.5,2.9375],"tintindex":0,"rotation":0,"texture":"#8"},"north":{"uv":[1.9375,5.375,2.0625,5.625],"tintindex":0,"rotation":0,"texture":"#8"},"west":{"uv":[6.75,7.0,6.8125,7.25],"tintindex":0,"rotation":0,"texture":"#8"},"up":{"uv":[8.5,3.25,8.375,3.1875],"tintindex":0,"rotation":0,"texture":"#8"},"down":{"uv":[8.5,3.5625,8.375,3.625],"tintindex":0,"rotation":0,"texture":"#8"}}},{"from":[6.0,10.0,9.5079],"to":[10.0,11.0,10.5079],"faces":{"east":{"uv":[5.5625,9.125,5.625,9.1875],"tintindex":0,"rotation":0,"texture":"#8"},"south":{"uv":[7.0625,5.625,7.3125,5.6875],"tintindex":0,"rotation":0,"texture":"#8"},"north":{"uv":[5.5625,7.0625,5.8125,7.125],"tintindex":0,"rotation":0,"texture":"#8"},"west":{"uv":[9.125,5.5625,9.1875,5.625],"tintindex":0,"rotation":0,"texture":"#8"},"up":{"uv":[7.3125,5.8125,7.0625,5.75],"tintindex":0,"rotation":0,"texture":"#8"},"down":{"uv":[6.125,7.0625,5.875,7.125],"tintindex":0,"rotation":0,"texture":"#8"}}},{"from":[4.69375,8.68125,9.3579],"to":[6.69375,9.13125,9.5079],"faces":{"east":{"uv":[14.5625,0.0,15.5,0.5],"tintindex":0,"rotation":0,"texture":"#0"},"south":{"uv":[14.5625,0.0,15.5,0.5],"tintindex":0,"rotation":0,"texture":"#0"},"north":{"uv":[14.5625,0.0,15.5,0.5],"tintindex":0,"rotation":0,"texture":"#0"},"west":{"uv":[14.5625,0.0,15.5,0.5],"tintindex":0,"rotation":0,"texture":"#0"},"up":{"uv":[14.5625,0.0,15.5,0.5],"tintindex":0,"rotation":0,"texture":"#0"},"down":{"uv":[14.5625,0.0,15.5,0.5],"tintindex":0,"rotation":0,"texture":"#0"}}},{"from":[4.69375,7.6812496,9.3579],"to":[5.69375,8.13125,9.5079],"faces":{"east":{"uv":[14.5625,0.0,15.5,0.5],"tintindex":0,"rotation":0,"texture":"#0"},"south":{"uv":[14.5625,0.0,15.5,0.5],"tintindex":0,"rotation":0,"texture":"#0"},"north":{"uv":[14.5625,0.0,15.5,0.5],"tintindex":0,"rotation":0,"texture":"#0"},"west":{"uv":[14.5625,0.0,15.5,0.5],"tintindex":0,"rotation":0,"texture":"#0"},"up":{"uv":[14.5625,0.0,15.5,0.5],"tintindex":0,"rotation":0,"texture":"#0"},"down":{"uv":[14.5625,0.0,15.5,0.5],"tintindex":0,"rotation":0,"texture":"#0"}}},{"from":[4.69375,9.43125,9.3579],"to":[6.69375,9.88125,9.5079],"faces":{"east":{"uv":[14.5625,0.0,15.5,0.5],"tintindex":0,"rotation":0,"texture":"#0"},"south":{"uv":[14.5625,0.0,15.5,0.5],"tintindex":0,"rotation":0,"texture":"#0"},"north":{"uv":[14.5625,0.0,15.5,0.5],"tintindex":0,"rotation":0,"texture":"#0"},"west":{"uv":[14.5625,0.0,15.5,0.5],"tintindex":0,"rotation":0,"texture":"#0"},"up":{"uv":[14.5625,0.0,15.5,0.5],"tintindex":0,"rotation":0,"texture":"#0"},"down":{"uv":[14.5625,0.0,15.5,0.5],"tintindex":0,"rotation":0,"texture":"#0"}}},{"from":[6.503,11.210108,9.9859],"to":[8.497,13.204107,10.979899],"faces":{"east":{"uv":[8.8125,6.5,8.875,6.625],"tintindex":0,"rotation":0,"texture":"#8"},"south":{"uv":[7.5,0.0,7.625,0.125],"tintindex":0,"rotation":0,"texture":"#8"},"north":{"uv":[6.625,7.4375,6.75,7.5625],"tintindex":0,"rotation":0,"texture":"#8"},"west":{"uv":[6.5625,8.8125,6.625,8.9375],"tintindex":0,"rotation":0,"texture":"#8"},"up":{"uv":[8.9375,6.3125,8.8125,6.25],"tintindex":0,"rotation":0,"texture":"#8"},"down":{"uv":[6.8125,8.8125,6.6875,8.875],"tintindex":0,"rotation":0,"texture":"#8"}},"rotation":{"origin":[7.0,11.707108,10.2829],"angle":45.0,"axis":"z"}},{"from":[6.9,11.299999,10.182899],"to":[9.1,13.5,11.3829],"faces":{"east":{"uv":[5.6875,8.8125,5.75,8.9375],"tintindex":0,"rotation":0,"texture":"#8"},"south":{"uv":[7.4375,6.5,7.5625,6.625],"tintindex":0,"rotation":0,"texture":"#8"},"north":{"uv":[6.4375,7.4375,6.5625,7.5625],"tintindex":0,"rotation":0,"texture":"#8"},"west":{"uv":[8.8125,6.0625,8.875,6.1875],"tintindex":0,"rotation":0,"texture":"#8"},"up":{"uv":[8.9375,0.3125,8.8125,0.25],"tintindex":0,"rotation":0,"texture":"#8"},"down":{"uv":[8.9375,3.3125,8.8125,3.375],"tintindex":0,"rotation":0,"texture":"#8"}},"rotation":{"origin":[8.0,12.4,10.7829],"angle":-45.0,"axis":"z"}},{"from":[10.30625,7.6812496,9.3579],"to":[11.30625,8.13125,9.5079],"faces":{"east":{"uv":[14.5625,0.0,15.5,0.5],"tintindex":0,"rotation":0,"texture":"#0"},"south":{"uv":[14.5625,0.0,15.5,0.5],"tintindex":0,"rotation":0,"texture":"#0"},"north":{"uv":[14.5625,0.0,15.5,0.5],"tintindex":0,"rotation":0,"texture":"#0"},"west":{"uv":[14.5625,0.0,15.5,0.5],"tintindex":0,"rotation":0,"texture":"#0"},"up":{"uv":[14.5625,0.0,15.5,0.5],"tintindex":0,"rotation":0,"texture":"#0"},"down":{"uv":[14.5625,0.0,15.5,0.5],"tintindex":0,"rotation":0,"texture":"#0"}}},{"from":[12.096,11.088,4.6039004],"to":[14.112,16.104,10.619901],"faces":{"east":{"uv":[2.125,2.8125,2.5,3.125],"tintindex":0,"rotation":0,"texture":"#8"},"south":{"uv":[2.6875,4.875,2.8125,5.1875],"tintindex":0,"rotation":0,"texture":"#8"},"north":{"uv":[4.875,0.0,5.0,0.3125],"tintindex":0,"rotation":0,"texture":"#8"},"west":{"uv":[1.5625,2.875,1.9375,3.1875],"tintindex":0,"rotation":0,"texture":"#8"},"up":{"uv":[3.6875,5.0625,3.5625,4.6875],"tintindex":0,"rotation":0,"texture":"#8"},"down":{"uv":[0.3125,4.75,0.1875,5.125],"tintindex":0,"rotation":0,"texture":"#8"}}},{"from":[9.30625,8.68125,9.3579],"to":[11.30625,9.13125,9.5079],"faces":{"east":{"uv":[14.5625,0.0,15.5,0.5],"tintindex":0,"rotation":0,"texture":"#0"},"south":{"uv":[14.5625,0.0,15.5,0.5],"tintindex":0,"rotation":0,"texture":"#0"},"north":{"uv":[14.5625,0.0,15.5,0.5],"tintindex":0,"rotation":0,"texture":"#0"},"west":{"uv":[14.5625,0.0,15.5,0.5],"tintindex":0,"rotation":0,"texture":"#0"},"up":{"uv":[14.5625,0.0,15.5,0.5],"tintindex":0,"rotation":0,"texture":"#0"},"down":{"uv":[14.5625,0.0,15.5,0.5],"tintindex":0,"rotation":0,"texture":"#0"}}},{"from":[6.995,9.995,10.0029],"to":[9.005,15.005,11.0129],"faces":{"east":{"uv":[3.875,6.6875,3.9375,7.0],"tintindex":0,"rotation":0,"texture":"#8"},"south":{"uv":[4.75,3.5,4.875,3.8125],"tintindex":0,"rotation":0,"texture":"#8"},"north":{"uv":[1.1875,4.75,1.3125,5.0625],"tintindex":0,"rotation":0,"texture":"#8"},"west":{"uv":[5.0625,6.6875,5.125,7.0],"tintindex":0,"rotation":0,"texture":"#8"},"up":{"uv":[8.5,7.1875,8.375,7.125],"tintindex":0,"rotation":0,"texture":"#8"},"down":{"uv":[8.5,7.375,8.375,7.4375],"tintindex":0,"rotation":0,"texture":"#8"}}},{"from":[9.506,10.213107,9.5139],"to":[11.494,11.201108,10.501901],"faces":{"east":{"uv":[9.125,5.3125,9.1875,5.375],"tintindex":0,"rotation":0,"texture":"#8"},"south":{"uv":[6.5,8.375,6.625,8.4375],"tintindex":0,"rotation":0,"texture":"#8"},"north":{"uv":[8.375,6.375,8.5,6.4375],"tintindex":0,"rotation":0,"texture":"#8"},"west":{"uv":[9.125,5.4375,9.1875,5.5],"tintindex":0,"rotation":0,"texture":"#8"},"up":{"uv":[6.8125,8.4375,6.6875,8.375],"tintindex":0,"rotation":0,"texture":"#8"},"down":{"uv":[7.0,8.375,6.875,8.4375],"tintindex":0,"rotation":0,"texture":"#8"}},"rotation":{"origin":[10.0,10.707108,10.0079],"angle":45.0,"axis":"z"}},{"from":[9.30625,9.43125,5.5079],"to":[11.80625,9.88125,5.6579],"faces":{"east":{"uv":[14.5625,0.0,15.5,0.5],"tintindex":0,"rotation":0,"texture":"#0"},"south":{"uv":[14.5625,0.0,15.5,0.5],"tintindex":0,"rotation":0,"texture":"#0"},"north":{"uv":[14.5625,0.0,15.5,0.5],"tintindex":0,"rotation":0,"texture":"#0"},"west":{"uv":[14.5625,0.0,15.5,0.5],"tintindex":0,"rotation":0,"texture":"#0"},"up":{"uv":[14.5625,0.0,15.5,0.5],"tintindex":0,"rotation":0,"texture":"#0"},"down":{"uv":[14.5625,0.0,15.5,0.5],"tintindex":0,"rotation":0,"texture":"#0"}}},{"from":[7.503,11.210108,4.3108997],"to":[9.497,13.204107,5.3049],"faces":{"east":{"uv":[3.9375,8.375,4.0,8.5],"tintindex":0,"rotation":0,"texture":"#8"},"south":{"uv":[7.0625,1.0625,7.1875,1.1875],"tintindex":0,"rotation":0,"texture":"#8"},"north":{"uv":[7.0625,0.3125,7.1875,0.4375],"tintindex":0,"rotation":0,"texture":"#8"},"west":{"uv":[4.0625,8.375,4.125,8.5],"tintindex":0,"rotation":0,"texture":"#8"},"up":{"uv":[8.5,5.0,8.375,4.9375],"tintindex":0,"rotation":0,"texture":"#8"},"down":{"uv":[8.5,5.0625,8.375,5.125],"tintindex":0,"rotation":0,"texture":"#8"}},"rotation":{"origin":[9.0,11.707108,4.8079],"angle":-45.0,"axis":"z"}},{"from":[9.497514,13.798892,4.8139],"to":[10.905728,14.792893,5.8079],"faces":{"east":{"uv":[9.25,3.6875,9.3125,3.75],"tintindex":0,"rotation":0,"texture":"#8"},"south":{"uv":[9.25,3.8125,9.3125,3.875],"tintindex":0,"rotation":0,"texture":"#8"},"north":{"uv":[9.25,3.5625,9.338763,3.625375],"tintindex":0,"rotation":0,"texture":"#8"},"west":{"uv":[9.25,4.0625,9.3125,4.125],"tintindex":0,"rotation":0,"texture":"#8"},"up":{"uv":[9.3125,4.25,9.25,4.1875],"tintindex":0,"rotation":0,"texture":"#8"},"down":{"uv":[9.3125,4.3125,9.25,4.375],"tintindex":0,"rotation":0,"texture":"#8"}},"rotation":{"origin":[9.991514,14.292892,5.3139],"angle":-45.0,"axis":"z"}},{"from":[8.503,10.210108,10.0109005],"to":[9.497,11.204107,11.0049],"faces":{"east":{"uv":[6.5,9.125,6.5625,9.1875],"tintindex":0,"rotation":0,"texture":"#8"},"south":{"uv":[9.125,6.5,9.1875,6.5625],"tintindex":0,"rotation":0,"texture":"#8"},"north":{"uv":[6.375,9.125,6.4375,9.1875],"tintindex":0,"rotation":0,"texture":"#8"},"west":{"uv":[6.625,9.125,6.6875,9.1875],"tintindex":0,"rotation":0,"texture":"#8"},"up":{"uv":[9.1875,6.6875,9.125,6.625],"tintindex":0,"rotation":0,"texture":"#8"},"down":{"uv":[6.8125,9.125,6.75,9.1875],"tintindex":0,"rotation":0,"texture":"#8"}},"rotation":{"origin":[9.0,10.707108,10.5079],"angle":-45.0,"axis":"z"}},{"from":[6.503,11.210108,4.3108997],"to":[8.497,13.204107,5.3049],"faces":{"east":{"uv":[0.25,8.6875,0.3125,8.8125],"tintindex":0,"rotation":0,"texture":"#8"},"south":{"uv":[4.375,7.3125,4.5,7.4375],"tintindex":0,"rotation":0,"texture":"#8"},"north":{"uv":[4.1875,7.3125,4.3125,7.4375],"tintindex":0,"rotation":0,"texture":"#8"},"west":{"uv":[0.375,8.6875,0.4375,8.8125],"tintindex":0,"rotation":0,"texture":"#8"},"up":{"uv":[8.8125,0.4375,8.6875,0.375],"tintindex":0,"rotation":0,"texture":"#8"},"down":{"uv":[0.625,8.6875,0.5,8.75],"tintindex":0,"rotation":0,"texture":"#8"}},"rotation":{"origin":[7.0,11.707108,5.0079],"angle":45.0,"axis":"z"}},{"from":[3.94375,9.43125,5.5079],"to":[6.69375,9.88125,5.6579],"faces":{"east":{"uv":[14.5625,0.0,15.5,0.5],"tintindex":0,"rotation":0,"texture":"#0"},"south":{"uv":[14.5625,0.0,15.5,0.5],"tintindex":0,"rotation":0,"texture":"#0"},"north":{"uv":[14.5625,0.0,15.5,0.5],"tintindex":0,"rotation":0,"texture":"#0"},"west":{"uv":[14.5625,0.0,15.5,0.5],"tintindex":0,"rotation":0,"texture":"#0"},"up":{"uv":[14.5625,0.0,15.5,0.5],"tintindex":0,"rotation":0,"texture":"#0"},"down":{"uv":[14.5625,0.0,15.5,0.5],"tintindex":0,"rotation":0,"texture":"#0"}}},{"from":[2.8,9.8,5.3079004],"to":[13.2,15.2,9.7079],"faces":{"east":{"uv":[3.25,2.75,3.5,3.0625],"tintindex":0,"rotation":0,"texture":"#8"},"south":{"uv":[2.0625,0.9375,2.6875,1.25],"tintindex":0,"rotation":0,"texture":"#8"},"north":{"uv":[2.0625,0.5625,2.6875,0.875],"tintindex":0,"rotation":0,"texture":"#8"},"west":{"uv":[3.25,3.125,3.5,3.4375],"tintindex":0,"rotation":0,"texture":"#8"},"up":{"uv":[2.6875,1.5625,2.0625,1.3125],"tintindex":0,"rotation":0,"texture":"#8"},"down":{"uv":[2.1875,2.25,1.5625,2.5],"tintindex":0,"rotation":0,"texture":"#8"}}},{"from":[6.0,10.0,4.8079],"to":[10.0,11.0,5.8079],"faces":{"east":{"uv":[9.125,3.5625,9.1875,3.625],"tintindex":0,"rotation":0,"texture":"#8"},"south":{"uv":[2.75,7.0625,3.0,7.125],"tintindex":0,"rotation":0,"texture":"#8"},"north":{"uv":[7.0625,1.75,7.3125,1.8125],"tintindex":0,"rotation":0,"texture":"#8"},"west":{"uv":[9.125,3.6875,9.1875,3.75],"tintindex":0,"rotation":0,"texture":"#8"},"up":{"uv":[7.3125,3.8125,7.0625,3.75],"tintindex":0,"rotation":0,"texture":"#8"},"down":{"uv":[5.25,7.0625,5.0,7.125],"tintindex":0,"rotation":0,"texture":"#8"}}},{"from":[10.997893,9.304999,5.3129],"to":[12.987893,10.294999,9.7029],"faces":{"east":{"uv":[7.25,6.75,7.5,6.8125],"tintindex":0,"rotation":0,"texture":"#8"},"south":{"uv":[8.6875,0.0,8.8125,0.0625],"tintindex":0,"rotation":0,"texture":"#8"},"north":{"uv":[8.625,8.4375,8.75,8.5],"tintindex":0,"rotation":0,"texture":"#8"},"west":{"uv":[2.5625,7.3125,2.8125,7.375],"tintindex":0,"rotation":0,"texture":"#8"},"up":{"uv":[2.0,5.9375,1.875,5.6875],"tintindex":0,"rotation":0,"texture":"#8"},"down":{"uv":[2.5,5.6875,2.375,5.9375],"tintindex":0,"rotation":0,"texture":"#8"}},"rotation":{"origin":[12.492893,9.799999,5.8079],"angle":45.0,"axis":"z"}},{"from":[6.0,14.0,4.8079],"to":[10.0,15.0,5.8079],"faces":{"east":{"uv":[9.25,4.4375,9.3125,4.5],"tintindex":0,"rotation":0,"texture":"#8"},"south":{"uv":[6.25,7.3125,6.5,7.375],"tintindex":0,"rotation":0,"texture":"#8"},"north":{"uv":[4.75,7.3125,5.0,7.375],"tintindex":0,"rotation":0,"texture":"#8"},"west":{"uv":[9.25,4.5625,9.3125,4.625],"tintindex":0,"rotation":0,"texture":"#8"},"up":{"uv":[6.8125,7.375,6.5625,7.3125],"tintindex":0,"rotation":0,"texture":"#8"},"down":{"uv":[7.5625,7.1875,7.3125,7.25],"tintindex":0,"rotation":0,"texture":"#8"}}},{"from":[10.30625,7.8812504,5.5079],"to":[11.30625,8.331249,5.6579],"faces":{"east":{"uv":[14.5625,0.0,15.5,0.5],"tintindex":0,"rotation":0,"texture":"#0"},"south":{"uv":[14.5625,0.0,15.5,0.5],"tintindex":0,"rotation":0,"texture":"#0"},"north":{"uv":[14.5625,0.0,15.5,0.5],"tintindex":0,"rotation":0,"texture":"#0"},"west":{"uv":[14.5625,0.0,15.5,0.5],"tintindex":0,"rotation":0,"texture":"#0"},"up":{"uv":[14.5625,0.0,15.5,0.5],"tintindex":0,"rotation":0,"texture":"#0"},"down":{"uv":[14.5625,0.0,15.5,0.5],"tintindex":0,"rotation":0,"texture":"#0"}}},{"from":[9.30625,9.43125,9.3579],"to":[11.30625,9.88125,9.5079],"faces":{"east":{"uv":[14.5625,0.0,15.5,0.5],"tintindex":0,"rotation":0,"texture":"#0"},"south":{"uv":[14.5625,0.0,15.5,0.5],"tintindex":0,"rotation":0,"texture":"#0"},"north":{"uv":[14.5625,0.0,15.5,0.5],"tintindex":0,"rotation":0,"texture":"#0"},"west":{"uv":[14.5625,0.0,15.5,0.5],"tintindex":0,"rotation":0,"texture":"#0"},"up":{"uv":[14.5625,0.0,15.5,0.5],"tintindex":0,"rotation":0,"texture":"#0"},"down":{"uv":[14.5625,0.0,15.5,0.5],"tintindex":0,"rotation":0,"texture":"#0"}}},{"from":[9.497514,10.207107,4.8139],"to":[10.905728,11.201108,5.8079],"faces":{"east":{"uv":[9.25,2.875,9.3125,2.9375],"tintindex":0,"rotation":0,"texture":"#8"},"south":{"uv":[9.25,3.0,9.3125,3.0625],"tintindex":0,"rotation":0,"texture":"#8"},"north":{"uv":[9.25,2.75,9.338763,2.812875],"tintindex":0,"rotation":0,"texture":"#8"},"west":{"uv":[9.25,3.125,9.3125,3.1875],"tintindex":0,"rotation":0,"texture":"#8"},"up":{"uv":[3.25,9.3125,3.1875,9.25],"tintindex":0,"rotation":0,"texture":"#8"},"down":{"uv":[9.3125,3.25,9.25,3.3125],"tintindex":0,"rotation":0,"texture":"#8"}},"rotation":{"origin":[9.991514,10.707108,5.3139],"angle":45.0,"axis":"z"}},{"from":[5.0942717,13.798892,4.8139],"to":[6.5024853,14.792893,5.8079],"faces":{"east":{"uv":[9.25,4.8125,9.3125,4.875],"tintindex":0,"rotation":0,"texture":"#8"},"south":{"uv":[4.875,9.25,4.9375,9.3125],"tintindex":0,"rotation":0,"texture":"#8"},"north":{"uv":[9.25,4.6875,9.338763,4.750375],"tintindex":0,"rotation":0,"texture":"#8"},"west":{"uv":[9.25,4.9375,9.3125,5.0],"tintindex":0,"rotation":0,"texture":"#8"},"up":{"uv":[5.0625,9.3125,5.0,9.25],"tintindex":0,"rotation":0,"texture":"#8"},"down":{"uv":[9.3125,5.0625,9.25,5.125],"tintindex":0,"rotation":0,"texture":"#8"}},"rotation":{"origin":[6.0084853,14.292892,5.3139],"angle":45.0,"axis":"z"}},{"from":[7.503,11.210108,9.9859],"to":[9.497,13.204107,10.979899],"faces":{"east":{"uv":[8.8125,2.75,8.875,2.875],"tintindex":0,"rotation":0,"texture":"#8"},"south":{"uv":[6.25,7.4375,6.375,7.5625],"tintindex":0,"rotation":0,"texture":"#8"},"north":{"uv":[5.375,7.4375,5.5,7.5625],"tintindex":0,"rotation":0,"texture":"#8"},"west":{"uv":[4.1875,8.8125,4.25,8.9375],"tintindex":0,"rotation":0,"texture":"#8"},"up":{"uv":[8.875,7.1875,8.75,7.125],"tintindex":0,"rotation":0,"texture":"#8"},"down":{"uv":[8.875,7.375,8.75,7.4375],"tintindex":0,"rotation":0,"texture":"#8"}},"rotation":{"origin":[9.0,11.707108,10.4829],"angle":-45.0,"axis":"z"}}],"display":{"gui":{"rotation":[30,225,0]}}}