{"textures":{"0":"modelengine:entity/ethereal_reaver_beam"},"elements":[{"from":[-6.8571434,8.0,-5.714287],"to":[21.714287,8.0,22.857143],"rotation":{"angle":0.0,"axis":"y","origin":[8.0,7.428571,8.0]},"faces":{"east":{"uv":[0.0,0.0,3.125,0.0],"rotation":0,"texture":"#0","tintindex":0},"south":{"uv":[0.0,0.0,3.125,0.0],"rotation":0,"texture":"#0","tintindex":0},"north":{"uv":[0.0,0.0,3.125,0.0],"rotation":0,"texture":"#0","tintindex":0},"west":{"uv":[0.0,0.0,3.125,0.0],"rotation":0,"texture":"#0","tintindex":0},"up":{"uv":[3.125,3.125,0.0,0.0],"rotation":0,"texture":"#0","tintindex":0},"down":{"uv":[3.125,3.125,0.0,6.25],"rotation":0,"texture":"#0","tintindex":0}}}],"display":{"head":{"translation":[0.0,-6.4,0.0],"scale":[4.0,4.0,4.0]}}}