{"textures":{"0":"modelengine:entity/ethereal_reaver_beam"},"elements":[{"from":[6.106452,-1.7142859,3.4285712],"to":[9.893548,26.857143,3.4285712],"rotation":{"angle":45.0,"axis":"y","origin":[8.0,6.857143,8.0]},"faces":{"east":{"uv":[0.0,0.0,0.0,3.125],"rotation":0,"texture":"#0","tintindex":0},"south":{"uv":[9.1875,3.125,8.75,6.25],"rotation":0,"texture":"#0","tintindex":0},"north":{"uv":[8.75,3.125,9.1875,6.25],"rotation":0,"texture":"#0","tintindex":0},"west":{"uv":[0.0,0.0,0.0,3.125],"rotation":0,"texture":"#0","tintindex":0},"up":{"uv":[0.4375,0.0,0.0,0.0],"rotation":0,"texture":"#0","tintindex":0},"down":{"uv":[0.4375,0.0,0.0,0.0],"rotation":0,"texture":"#0","tintindex":0}}},{"from":[6.106452,-1.7142859,3.4285712],"to":[9.893548,26.857143,3.4285712],"rotation":{"angle":0.0,"axis":"y","origin":[8.0,6.857143,8.0]},"faces":{"east":{"uv":[0.0,0.0,0.0,3.125],"rotation":0,"texture":"#0","tintindex":0},"south":{"uv":[9.625,0.0,9.1875,3.125],"rotation":0,"texture":"#0","tintindex":0},"north":{"uv":[9.1875,0.0,9.625,3.125],"rotation":0,"texture":"#0","tintindex":0},"west":{"uv":[0.0,0.0,0.0,3.125],"rotation":0,"texture":"#0","tintindex":0},"up":{"uv":[0.4375,0.0,0.0,0.0],"rotation":0,"texture":"#0","tintindex":0},"down":{"uv":[0.4375,0.0,0.0,0.0],"rotation":0,"texture":"#0","tintindex":0}}},{"from":[6.106452,-1.7142859,12.571428],"to":[9.893548,26.857143,12.571428],"rotation":{"angle":45.0,"axis":"y","origin":[8.0,6.857143,8.0]},"faces":{"east":{"uv":[0.0,0.0,0.0,3.125],"rotation":0,"texture":"#0","tintindex":0},"south":{"uv":[6.5625,9.375,7.0,12.5],"rotation":0,"texture":"#0","tintindex":0},"north":{"uv":[7.0,9.375,6.5625,12.5],"rotation":0,"texture":"#0","tintindex":0},"west":{"uv":[0.0,0.0,0.0,3.125],"rotation":0,"texture":"#0","tintindex":0},"up":{"uv":[0.4375,0.0,0.0,0.0],"rotation":0,"texture":"#0","tintindex":0},"down":{"uv":[0.4375,0.0,0.0,0.0],"rotation":0,"texture":"#0","tintindex":0}}},{"from":[6.106452,-1.7142859,12.571428],"to":[9.893548,26.857143,12.571428],"rotation":{"angle":0.0,"axis":"y","origin":[8.0,6.857143,8.0]},"faces":{"east":{"uv":[0.0,0.0,0.0,3.125],"rotation":0,"texture":"#0","tintindex":0},"south":{"uv":[7.4375,9.375,7.875,12.5],"rotation":0,"texture":"#0","tintindex":0},"north":{"uv":[7.875,9.375,7.4375,12.5],"rotation":0,"texture":"#0","tintindex":0},"west":{"uv":[0.0,0.0,0.0,3.125],"rotation":0,"texture":"#0","tintindex":0},"up":{"uv":[0.4375,0.0,0.0,0.0],"rotation":0,"texture":"#0","tintindex":0},"down":{"uv":[0.4375,0.0,0.0,0.0],"rotation":0,"texture":"#0","tintindex":0}}},{"from":[12.571428,-1.7142859,6.106452],"to":[12.571428,26.857143,9.893548],"rotation":{"angle":45.0,"axis":"y","origin":[8.0,6.857143,8.0]},"faces":{"east":{"uv":[7.875,9.375,8.3125,12.5],"rotation":0,"texture":"#0","tintindex":0},"south":{"uv":[0.0,0.0,0.0,3.125],"rotation":0,"texture":"#0","tintindex":0},"north":{"uv":[0.0,0.0,0.0,3.125],"rotation":0,"texture":"#0","tintindex":0},"west":{"uv":[8.3125,9.375,7.875,12.5],"rotation":0,"texture":"#0","tintindex":0},"up":{"uv":[0.0,0.4375,0.0,0.0],"rotation":0,"texture":"#0","tintindex":0},"down":{"uv":[0.0,0.0,0.0,0.4375],"rotation":0,"texture":"#0","tintindex":0}}},{"from":[12.571428,-1.7142859,6.106452],"to":[12.571428,26.857143,9.893548],"rotation":{"angle":0.0,"axis":"y","origin":[8.0,6.857143,8.0]},"faces":{"east":{"uv":[8.75,9.375,9.1875,12.5],"rotation":0,"texture":"#0","tintindex":0},"south":{"uv":[0.0,0.0,0.0,3.125],"rotation":0,"texture":"#0","tintindex":0},"north":{"uv":[0.0,0.0,0.0,3.125],"rotation":0,"texture":"#0","tintindex":0},"west":{"uv":[9.1875,9.375,8.75,12.5],"rotation":0,"texture":"#0","tintindex":0},"up":{"uv":[0.0,0.4375,0.0,0.0],"rotation":0,"texture":"#0","tintindex":0},"down":{"uv":[0.0,0.0,0.0,0.4375],"rotation":0,"texture":"#0","tintindex":0}}},{"from":[3.4285712,-1.7142859,6.106452],"to":[3.4285712,26.857143,9.893548],"rotation":{"angle":45.0,"axis":"y","origin":[8.0,6.857143,8.0]},"faces":{"east":{"uv":[3.5625,9.625,3.125,12.75],"rotation":0,"texture":"#0","tintindex":0},"south":{"uv":[0.0,0.0,0.0,3.125],"rotation":0,"texture":"#0","tintindex":0},"north":{"uv":[0.0,0.0,0.0,3.125],"rotation":0,"texture":"#0","tintindex":0},"west":{"uv":[3.125,9.625,3.5625,12.75],"rotation":0,"texture":"#0","tintindex":0},"up":{"uv":[0.0,0.4375,0.0,0.0],"rotation":0,"texture":"#0","tintindex":0},"down":{"uv":[0.0,0.0,0.0,0.4375],"rotation":0,"texture":"#0","tintindex":0}}},{"from":[3.4285712,-1.7142859,6.106452],"to":[3.4285712,26.857143,9.893548],"rotation":{"angle":0.0,"axis":"y","origin":[8.0,6.857143,8.0]},"faces":{"east":{"uv":[4.0,9.625,3.5625,12.75],"rotation":0,"texture":"#0","tintindex":0},"south":{"uv":[0.0,0.0,0.0,3.125],"rotation":0,"texture":"#0","tintindex":0},"north":{"uv":[0.0,0.0,0.0,3.125],"rotation":0,"texture":"#0","tintindex":0},"west":{"uv":[3.5625,9.625,4.0,12.75],"rotation":0,"texture":"#0","tintindex":0},"up":{"uv":[0.0,0.4375,0.0,0.0],"rotation":0,"texture":"#0","tintindex":0},"down":{"uv":[0.0,0.0,0.0,0.4375],"rotation":0,"texture":"#0","tintindex":0}}}],"display":{"head":{"translation":[0.0,-6.4,0.0],"scale":[4.0,4.0,4.0]}}}