{"textures":{"0":"modelengine:entity/ethereal_reaver_beam"},"elements":[{"from":[6.343146,-0.5,12.0],"to":[9.656855,24.5,12.0],"faces":{"south":{"uv":[6.5625,9.375,7.0,12.5],"tintindex":0,"rotation":0,"texture":"#0"},"north":{"uv":[7.0,9.375,6.5625,12.5],"tintindex":0,"rotation":0,"texture":"#0"}},"rotation":{"origin":[8.0,7.0,8.0],"angle":45.0,"axis":"y"}},{"from":[12.0,-0.5,6.343146],"to":[12.0,24.5,9.656855],"faces":{"east":{"uv":[7.875,9.375,8.3125,12.5],"tintindex":0,"rotation":0,"texture":"#0"},"west":{"uv":[8.3125,9.375,7.875,12.5],"tintindex":0,"rotation":0,"texture":"#0"}},"rotation":{"origin":[8.0,7.0,8.0],"angle":45.0,"axis":"y"}},{"from":[4.0,-0.5,6.343146],"to":[4.0,24.5,9.656855],"faces":{"east":{"uv":[3.5625,9.625,3.125,12.75],"tintindex":0,"rotation":0,"texture":"#0"},"west":{"uv":[3.125,9.625,3.5625,12.75],"tintindex":0,"rotation":0,"texture":"#0"}},"rotation":{"origin":[8.0,7.0,8.0],"angle":45.0,"axis":"y"}},{"from":[12.0,-0.5,6.343146],"to":[12.0,24.5,9.656855],"faces":{"east":{"uv":[8.75,9.375,9.1875,12.5],"tintindex":0,"rotation":0,"texture":"#0"},"west":{"uv":[9.1875,9.375,8.75,12.5],"tintindex":0,"rotation":0,"texture":"#0"}}},{"from":[4.0,-0.5,6.343146],"to":[4.0,24.5,9.656855],"faces":{"east":{"uv":[4.0,9.625,3.5625,12.75],"tintindex":0,"rotation":0,"texture":"#0"},"west":{"uv":[3.5625,9.625,4.0,12.75],"tintindex":0,"rotation":0,"texture":"#0"}}},{"from":[6.343146,-0.5,4.0],"to":[9.656855,24.5,4.0],"faces":{"south":{"uv":[9.1875,3.125,8.75,6.25],"tintindex":0,"rotation":0,"texture":"#0"},"north":{"uv":[8.75,3.125,9.1875,6.25],"tintindex":0,"rotation":0,"texture":"#0"}},"rotation":{"origin":[8.0,7.0,8.0],"angle":45.0,"axis":"y"}},{"from":[6.343146,-0.5,4.0],"to":[9.656855,24.5,4.0],"faces":{"south":{"uv":[9.625,0.0,9.1875,3.125],"tintindex":0,"rotation":0,"texture":"#0"},"north":{"uv":[9.1875,0.0,9.625,3.125],"tintindex":0,"rotation":0,"texture":"#0"}}},{"from":[6.343146,-0.5,12.0],"to":[9.656855,24.5,12.0],"faces":{"south":{"uv":[7.4375,9.375,7.875,12.5],"tintindex":0,"rotation":0,"texture":"#0"},"north":{"uv":[7.875,9.375,7.4375,12.5],"tintindex":0,"rotation":0,"texture":"#0"}}}],"display":{"gui":{"rotation":[30,225,0]}}}