{"textures":{"0":"modelengine:entity/ethereal_reaver_beam"},"elements":[{"from":[12.0,-0.16666698,7.2043505],"to":[12.0,25.5,8.79565],"faces":{"east":{"uv":[5.4375,0.0,5.75,4.8125],"tintindex":0,"rotation":0,"texture":"#0"},"west":{"uv":[0.625,6.25,0.3125,11.0625],"tintindex":0,"rotation":0,"texture":"#0"}}},{"from":[7.2043505,-0.16666698,4.0],"to":[8.79565,25.5,4.0],"faces":{"south":{"uv":[4.6875,0.0,4.375,4.8125],"tintindex":0,"rotation":0,"texture":"#0"},"north":{"uv":[4.8125,0.0,5.125,4.8125],"tintindex":0,"rotation":0,"texture":"#0"}}},{"from":[4.0,-0.16666698,7.2043505],"to":[4.0,25.5,8.79565],"faces":{"east":{"uv":[2.1875,6.25,1.875,11.0625],"tintindex":0,"rotation":0,"texture":"#0"},"west":{"uv":[1.5,6.25,1.8125,11.0625],"tintindex":0,"rotation":0,"texture":"#0"}},"rotation":{"origin":[8.0,4.833333,8.0],"angle":-22.5,"axis":"y"}},{"from":[4.0,-0.16666698,7.2043505],"to":[4.0,25.5,8.79565],"faces":{"east":{"uv":[6.5625,4.8125,6.25,9.625],"tintindex":0,"rotation":0,"texture":"#0"},"west":{"uv":[5.6875,0.0,6.0,4.8125],"tintindex":0,"rotation":0,"texture":"#0"}},"rotation":{"origin":[8.0,4.833333,8.0],"angle":22.5,"axis":"y"}},{"from":[7.2043505,-0.16666698,4.0],"to":[8.79565,25.5,4.0],"faces":{"south":{"uv":[4.0625,4.8125,3.75,9.625],"tintindex":0,"rotation":0,"texture":"#0"},"north":{"uv":[4.0625,4.8125,4.375,9.625],"tintindex":0,"rotation":0,"texture":"#0"}},"rotation":{"origin":[8.0,4.833333,8.0],"angle":45.0,"axis":"y"}},{"from":[7.2043505,-0.16666698,12.0],"to":[8.79565,25.5,12.0],"faces":{"south":{"uv":[5.25,0.0,5.5625,4.8125],"tintindex":0,"rotation":0,"texture":"#0"},"north":{"uv":[6.25,4.8125,5.9375,9.625],"tintindex":0,"rotation":0,"texture":"#0"}},"rotation":{"origin":[8.0,4.833333,8.0],"angle":45.0,"axis":"y"}},{"from":[7.2043505,-0.16666698,4.0],"to":[8.79565,25.5,4.0],"faces":{"south":{"uv":[4.0625,0.0,3.75,4.8125],"tintindex":0,"rotation":0,"texture":"#0"},"north":{"uv":[4.0625,0.0,4.375,4.8125],"tintindex":0,"rotation":0,"texture":"#0"}},"rotation":{"origin":[8.0,4.833333,8.0],"angle":-22.5,"axis":"y"}},{"from":[12.0,-0.16666698,7.2043505],"to":[12.0,25.5,8.79565],"faces":{"east":{"uv":[5.0,0.0,5.3125,4.8125],"tintindex":0,"rotation":0,"texture":"#0"},"west":{"uv":[0.3125,6.25,0.0,11.0625],"tintindex":0,"rotation":0,"texture":"#0"}},"rotation":{"origin":[8.0,4.833333,8.0],"angle":-22.5,"axis":"y"}},{"from":[7.2043505,-0.16666698,4.0],"to":[8.79565,25.5,4.0],"faces":{"south":{"uv":[3.4375,0.0,3.125,4.8125],"tintindex":0,"rotation":0,"texture":"#0"},"north":{"uv":[1.375,6.25,1.6875,11.0625],"tintindex":0,"rotation":0,"texture":"#0"}},"rotation":{"origin":[8.0,4.833333,8.0],"angle":-45.0,"axis":"y"}},{"from":[4.0,-0.16666698,7.2043505],"to":[4.0,25.5,8.79565],"faces":{"east":{"uv":[2.8125,6.25,2.5,11.0625],"tintindex":0,"rotation":0,"texture":"#0"},"west":{"uv":[2.1875,6.25,2.5,11.0625],"tintindex":0,"rotation":0,"texture":"#0"}}},{"from":[7.2043505,-0.16666698,4.0],"to":[8.79565,25.5,4.0],"faces":{"south":{"uv":[3.4375,4.8125,3.125,9.625],"tintindex":0,"rotation":0,"texture":"#0"},"north":{"uv":[4.875,0.0,5.1875,4.8125],"tintindex":0,"rotation":0,"texture":"#0"}},"rotation":{"origin":[8.0,4.833333,8.0],"angle":22.5,"axis":"y"}},{"from":[7.2043505,-0.16666698,12.0],"to":[8.79565,25.5,12.0],"faces":{"south":{"uv":[5.4375,0.0,5.75,4.8125],"tintindex":0,"rotation":0,"texture":"#0"},"north":{"uv":[5.9375,4.8125,5.625,9.625],"tintindex":0,"rotation":0,"texture":"#0"}},"rotation":{"origin":[8.0,4.833333,8.0],"angle":22.5,"axis":"y"}},{"from":[7.2043505,-0.16666698,12.0],"to":[8.79565,25.5,12.0],"faces":{"south":{"uv":[4.9375,0.0,5.25,4.8125],"tintindex":0,"rotation":0,"texture":"#0"},"north":{"uv":[5.625,4.8125,5.3125,9.625],"tintindex":0,"rotation":0,"texture":"#0"}}},{"from":[7.2043505,-0.16666698,12.0],"to":[8.79565,25.5,12.0],"faces":{"south":{"uv":[5.375,0.0,5.6875,4.8125],"tintindex":0,"rotation":0,"texture":"#0"},"north":{"uv":[5.3125,4.8125,5.0,9.625],"tintindex":0,"rotation":0,"texture":"#0"}},"rotation":{"origin":[8.0,4.833333,8.0],"angle":-22.5,"axis":"y"}},{"from":[12.0,-0.16666698,7.2043505],"to":[12.0,25.5,8.79565],"faces":{"east":{"uv":[1.25,6.25,1.5625,11.0625],"tintindex":0,"rotation":0,"texture":"#0"},"west":{"uv":[1.25,6.25,0.9375,11.0625],"tintindex":0,"rotation":0,"texture":"#0"}},"rotation":{"origin":[8.0,4.833333,8.0],"angle":22.5,"axis":"y"}},{"from":[7.2043505,-0.16666698,12.0],"to":[8.79565,25.5,12.0],"faces":{"south":{"uv":[5.3125,0.0,5.625,4.8125],"tintindex":0,"rotation":0,"texture":"#0"},"north":{"uv":[5.0,4.8125,4.6875,9.625],"tintindex":0,"rotation":0,"texture":"#0"}},"rotation":{"origin":[8.0,4.833333,8.0],"angle":-45.0,"axis":"y"}}],"display":{"gui":{"rotation":[30,225,0]}}}