{"textures":{"0":"modelengine:entity/ethereal_reaver_beam"},"elements":[{"from":[6.6360292,-12.000004,1.1428566],"to":[9.363971,32.0,1.1428566],"rotation":{"angle":-45.0,"axis":"y","origin":[8.0,-3.4285736,8.0]},"faces":{"east":{"uv":[0.0,0.0,0.0,4.8125],"rotation":0,"texture":"#0","tintindex":0},"south":{"uv":[3.4375,0.0,3.125,4.8125],"rotation":0,"texture":"#0","tintindex":0},"north":{"uv":[1.375,6.25,1.6875,11.0625],"rotation":0,"texture":"#0","tintindex":0},"west":{"uv":[0.0,0.0,0.0,4.8125],"rotation":0,"texture":"#0","tintindex":0},"up":{"uv":[0.3125,0.0,0.0,0.0],"rotation":0,"texture":"#0","tintindex":0},"down":{"uv":[0.3125,0.0,0.0,0.0],"rotation":0,"texture":"#0","tintindex":0}}},{"from":[6.6360292,-12.000004,1.1428566],"to":[9.363971,32.0,1.1428566],"rotation":{"angle":-22.5,"axis":"y","origin":[8.0,-3.4285736,8.0]},"faces":{"east":{"uv":[0.0,0.0,0.0,4.8125],"rotation":0,"texture":"#0","tintindex":0},"south":{"uv":[4.0625,0.0,3.75,4.8125],"rotation":0,"texture":"#0","tintindex":0},"north":{"uv":[4.0625,0.0,4.375,4.8125],"rotation":0,"texture":"#0","tintindex":0},"west":{"uv":[0.0,0.0,0.0,4.8125],"rotation":0,"texture":"#0","tintindex":0},"up":{"uv":[0.3125,0.0,0.0,0.0],"rotation":0,"texture":"#0","tintindex":0},"down":{"uv":[0.3125,0.0,0.0,0.0],"rotation":0,"texture":"#0","tintindex":0}}},{"from":[6.6360292,-12.000004,1.1428566],"to":[9.363971,32.0,1.1428566],"rotation":{"angle":0.0,"axis":"y","origin":[8.0,-3.4285736,8.0]},"faces":{"east":{"uv":[0.0,0.0,0.0,4.8125],"rotation":0,"texture":"#0","tintindex":0},"south":{"uv":[4.6875,0.0,4.375,4.8125],"rotation":0,"texture":"#0","tintindex":0},"north":{"uv":[4.8125,0.0,5.125,4.8125],"rotation":0,"texture":"#0","tintindex":0},"west":{"uv":[0.0,0.0,0.0,4.8125],"rotation":0,"texture":"#0","tintindex":0},"up":{"uv":[0.3125,0.0,0.0,0.0],"rotation":0,"texture":"#0","tintindex":0},"down":{"uv":[0.3125,0.0,0.0,0.0],"rotation":0,"texture":"#0","tintindex":0}}},{"from":[6.6360292,-12.000004,1.1428566],"to":[9.363971,32.0,1.1428566],"rotation":{"angle":22.5,"axis":"y","origin":[8.0,-3.4285736,8.0]},"faces":{"east":{"uv":[0.0,0.0,0.0,4.8125],"rotation":0,"texture":"#0","tintindex":0},"south":{"uv":[3.4375,4.8125,3.125,9.625],"rotation":0,"texture":"#0","tintindex":0},"north":{"uv":[4.875,0.0,5.1875,4.8125],"rotation":0,"texture":"#0","tintindex":0},"west":{"uv":[0.0,0.0,0.0,4.8125],"rotation":0,"texture":"#0","tintindex":0},"up":{"uv":[0.3125,0.0,0.0,0.0],"rotation":0,"texture":"#0","tintindex":0},"down":{"uv":[0.3125,0.0,0.0,0.0],"rotation":0,"texture":"#0","tintindex":0}}},{"from":[6.6360292,-12.000004,1.1428566],"to":[9.363971,32.0,1.1428566],"rotation":{"angle":45.0,"axis":"y","origin":[8.0,-3.4285736,8.0]},"faces":{"east":{"uv":[0.0,0.0,0.0,4.8125],"rotation":0,"texture":"#0","tintindex":0},"south":{"uv":[4.0625,4.8125,3.75,9.625],"rotation":0,"texture":"#0","tintindex":0},"north":{"uv":[4.0625,4.8125,4.375,9.625],"rotation":0,"texture":"#0","tintindex":0},"west":{"uv":[0.0,0.0,0.0,4.8125],"rotation":0,"texture":"#0","tintindex":0},"up":{"uv":[0.3125,0.0,0.0,0.0],"rotation":0,"texture":"#0","tintindex":0},"down":{"uv":[0.3125,0.0,0.0,0.0],"rotation":0,"texture":"#0","tintindex":0}}},{"from":[6.6360292,-12.000004,14.857143],"to":[9.363971,32.0,14.857143],"rotation":{"angle":-45.0,"axis":"y","origin":[8.0,-3.4285736,8.0]},"faces":{"east":{"uv":[0.0,0.0,0.0,4.8125],"rotation":0,"texture":"#0","tintindex":0},"south":{"uv":[5.3125,0.0,5.625,4.8125],"rotation":0,"texture":"#0","tintindex":0},"north":{"uv":[5.0,4.8125,4.6875,9.625],"rotation":0,"texture":"#0","tintindex":0},"west":{"uv":[0.0,0.0,0.0,4.8125],"rotation":0,"texture":"#0","tintindex":0},"up":{"uv":[0.3125,0.0,0.0,0.0],"rotation":0,"texture":"#0","tintindex":0},"down":{"uv":[0.3125,0.0,0.0,0.0],"rotation":0,"texture":"#0","tintindex":0}}},{"from":[6.6360292,-12.000004,14.857143],"to":[9.363971,32.0,14.857143],"rotation":{"angle":-22.5,"axis":"y","origin":[8.0,-3.4285736,8.0]},"faces":{"east":{"uv":[0.0,0.0,0.0,4.8125],"rotation":0,"texture":"#0","tintindex":0},"south":{"uv":[5.375,0.0,5.6875,4.8125],"rotation":0,"texture":"#0","tintindex":0},"north":{"uv":[5.3125,4.8125,5.0,9.625],"rotation":0,"texture":"#0","tintindex":0},"west":{"uv":[0.0,0.0,0.0,4.8125],"rotation":0,"texture":"#0","tintindex":0},"up":{"uv":[0.3125,0.0,0.0,0.0],"rotation":0,"texture":"#0","tintindex":0},"down":{"uv":[0.3125,0.0,0.0,0.0],"rotation":0,"texture":"#0","tintindex":0}}},{"from":[6.6360292,-12.000004,14.857143],"to":[9.363971,32.0,14.857143],"rotation":{"angle":0.0,"axis":"y","origin":[8.0,-3.4285736,8.0]},"faces":{"east":{"uv":[0.0,0.0,0.0,4.8125],"rotation":0,"texture":"#0","tintindex":0},"south":{"uv":[4.9375,0.0,5.25,4.8125],"rotation":0,"texture":"#0","tintindex":0},"north":{"uv":[5.625,4.8125,5.3125,9.625],"rotation":0,"texture":"#0","tintindex":0},"west":{"uv":[0.0,0.0,0.0,4.8125],"rotation":0,"texture":"#0","tintindex":0},"up":{"uv":[0.3125,0.0,0.0,0.0],"rotation":0,"texture":"#0","tintindex":0},"down":{"uv":[0.3125,0.0,0.0,0.0],"rotation":0,"texture":"#0","tintindex":0}}},{"from":[6.6360292,-12.000004,14.857143],"to":[9.363971,32.0,14.857143],"rotation":{"angle":22.5,"axis":"y","origin":[8.0,-3.4285736,8.0]},"faces":{"east":{"uv":[0.0,0.0,0.0,4.8125],"rotation":0,"texture":"#0","tintindex":0},"south":{"uv":[5.4375,0.0,5.75,4.8125],"rotation":0,"texture":"#0","tintindex":0},"north":{"uv":[5.9375,4.8125,5.625,9.625],"rotation":0,"texture":"#0","tintindex":0},"west":{"uv":[0.0,0.0,0.0,4.8125],"rotation":0,"texture":"#0","tintindex":0},"up":{"uv":[0.3125,0.0,0.0,0.0],"rotation":0,"texture":"#0","tintindex":0},"down":{"uv":[0.3125,0.0,0.0,0.0],"rotation":0,"texture":"#0","tintindex":0}}},{"from":[6.6360292,-12.000004,14.857143],"to":[9.363971,32.0,14.857143],"rotation":{"angle":45.0,"axis":"y","origin":[8.0,-3.4285736,8.0]},"faces":{"east":{"uv":[0.0,0.0,0.0,4.8125],"rotation":0,"texture":"#0","tintindex":0},"south":{"uv":[5.25,0.0,5.5625,4.8125],"rotation":0,"texture":"#0","tintindex":0},"north":{"uv":[6.25,4.8125,5.9375,9.625],"rotation":0,"texture":"#0","tintindex":0},"west":{"uv":[0.0,0.0,0.0,4.8125],"rotation":0,"texture":"#0","tintindex":0},"up":{"uv":[0.3125,0.0,0.0,0.0],"rotation":0,"texture":"#0","tintindex":0},"down":{"uv":[0.3125,0.0,0.0,0.0],"rotation":0,"texture":"#0","tintindex":0}}},{"from":[14.857143,-12.000004,6.6360292],"to":[14.857143,32.0,9.363971],"rotation":{"angle":-22.5,"axis":"y","origin":[8.0,-3.4285736,8.0]},"faces":{"east":{"uv":[5.0,0.0,5.3125,4.8125],"rotation":0,"texture":"#0","tintindex":0},"south":{"uv":[0.0,0.0,0.0,4.8125],"rotation":0,"texture":"#0","tintindex":0},"north":{"uv":[0.0,0.0,0.0,4.8125],"rotation":0,"texture":"#0","tintindex":0},"west":{"uv":[0.3125,6.25,0.0,11.0625],"rotation":0,"texture":"#0","tintindex":0},"up":{"uv":[0.0,0.3125,0.0,0.0],"rotation":0,"texture":"#0","tintindex":0},"down":{"uv":[0.0,0.0,0.0,0.3125],"rotation":0,"texture":"#0","tintindex":0}}},{"from":[14.857143,-12.000004,6.6360292],"to":[14.857143,32.0,9.363971],"rotation":{"angle":0.0,"axis":"y","origin":[8.0,-3.4285736,8.0]},"faces":{"east":{"uv":[5.4375,0.0,5.75,4.8125],"rotation":0,"texture":"#0","tintindex":0},"south":{"uv":[0.0,0.0,0.0,4.8125],"rotation":0,"texture":"#0","tintindex":0},"north":{"uv":[0.0,0.0,0.0,4.8125],"rotation":0,"texture":"#0","tintindex":0},"west":{"uv":[0.625,6.25,0.3125,11.0625],"rotation":0,"texture":"#0","tintindex":0},"up":{"uv":[0.0,0.3125,0.0,0.0],"rotation":0,"texture":"#0","tintindex":0},"down":{"uv":[0.0,0.0,0.0,0.3125],"rotation":0,"texture":"#0","tintindex":0}}},{"from":[14.857143,-12.000004,6.6360292],"to":[14.857143,32.0,9.363971],"rotation":{"angle":22.5,"axis":"y","origin":[8.0,-3.4285736,8.0]},"faces":{"east":{"uv":[1.25,6.25,1.5625,11.0625],"rotation":0,"texture":"#0","tintindex":0},"south":{"uv":[0.0,0.0,0.0,4.8125],"rotation":0,"texture":"#0","tintindex":0},"north":{"uv":[0.0,0.0,0.0,4.8125],"rotation":0,"texture":"#0","tintindex":0},"west":{"uv":[1.25,6.25,0.9375,11.0625],"rotation":0,"texture":"#0","tintindex":0},"up":{"uv":[0.0,0.3125,0.0,0.0],"rotation":0,"texture":"#0","tintindex":0},"down":{"uv":[0.0,0.0,0.0,0.3125],"rotation":0,"texture":"#0","tintindex":0}}},{"from":[1.1428566,-12.000004,6.6360292],"to":[1.1428566,32.0,9.363971],"rotation":{"angle":-22.5,"axis":"y","origin":[8.0,-3.4285736,8.0]},"faces":{"east":{"uv":[2.1875,6.25,1.875,11.0625],"rotation":0,"texture":"#0","tintindex":0},"south":{"uv":[0.0,0.0,0.0,4.8125],"rotation":0,"texture":"#0","tintindex":0},"north":{"uv":[0.0,0.0,0.0,4.8125],"rotation":0,"texture":"#0","tintindex":0},"west":{"uv":[1.5,6.25,1.8125,11.0625],"rotation":0,"texture":"#0","tintindex":0},"up":{"uv":[0.0,0.3125,0.0,0.0],"rotation":0,"texture":"#0","tintindex":0},"down":{"uv":[0.0,0.0,0.0,0.3125],"rotation":0,"texture":"#0","tintindex":0}}},{"from":[1.1428566,-12.000004,6.6360292],"to":[1.1428566,32.0,9.363971],"rotation":{"angle":0.0,"axis":"y","origin":[8.0,-3.4285736,8.0]},"faces":{"east":{"uv":[2.8125,6.25,2.5,11.0625],"rotation":0,"texture":"#0","tintindex":0},"south":{"uv":[0.0,0.0,0.0,4.8125],"rotation":0,"texture":"#0","tintindex":0},"north":{"uv":[0.0,0.0,0.0,4.8125],"rotation":0,"texture":"#0","tintindex":0},"west":{"uv":[2.1875,6.25,2.5,11.0625],"rotation":0,"texture":"#0","tintindex":0},"up":{"uv":[0.0,0.3125,0.0,0.0],"rotation":0,"texture":"#0","tintindex":0},"down":{"uv":[0.0,0.0,0.0,0.3125],"rotation":0,"texture":"#0","tintindex":0}}},{"from":[1.1428566,-12.000004,6.6360292],"to":[1.1428566,32.0,9.363971],"rotation":{"angle":22.5,"axis":"y","origin":[8.0,-3.4285736,8.0]},"faces":{"east":{"uv":[6.5625,4.8125,6.25,9.625],"rotation":0,"texture":"#0","tintindex":0},"south":{"uv":[0.0,0.0,0.0,4.8125],"rotation":0,"texture":"#0","tintindex":0},"north":{"uv":[0.0,0.0,0.0,4.8125],"rotation":0,"texture":"#0","tintindex":0},"west":{"uv":[5.6875,0.0,6.0,4.8125],"rotation":0,"texture":"#0","tintindex":0},"up":{"uv":[0.0,0.3125,0.0,0.0],"rotation":0,"texture":"#0","tintindex":0},"down":{"uv":[0.0,0.0,0.0,0.3125],"rotation":0,"texture":"#0","tintindex":0}}}],"display":{"head":{"translation":[0.0,17.600008,0.0],"scale":[4.0,4.0,4.0]}}}