{"textures":{"0":"modelengine:entity/ethereal_reaver_beam"},"elements":[{"from":[6.1813726,-2.285715,-1.1428576],"to":[9.818627,5.714286,-1.1428576],"rotation":{"angle":-45.0,"axis":"y","origin":[8.0,-3.4285717,8.0]},"faces":{"east":{"uv":[0.0,0.0,0.0,0.875],"rotation":0,"texture":"#0","tintindex":0},"south":{"uv":[4.375,9.625,4.75,10.5],"rotation":0,"texture":"#0","tintindex":0},"north":{"uv":[4.0,9.625,4.375,10.5],"rotation":0,"texture":"#0","tintindex":0},"west":{"uv":[0.0,0.0,0.0,0.875],"rotation":0,"texture":"#0","tintindex":0},"up":{"uv":[0.375,0.0,0.0,0.0],"rotation":0,"texture":"#0","tintindex":0},"down":{"uv":[0.375,0.0,0.0,0.0],"rotation":0,"texture":"#0","tintindex":0}}},{"from":[6.1813726,-2.285715,-1.1428576],"to":[9.818627,5.714286,-1.1428576],"rotation":{"angle":-22.5,"axis":"y","origin":[8.0,-3.4285717,8.0]},"faces":{"east":{"uv":[0.0,0.0,0.0,0.875],"rotation":0,"texture":"#0","tintindex":0},"south":{"uv":[5.125,9.625,5.5,10.5],"rotation":0,"texture":"#0","tintindex":0},"north":{"uv":[4.75,9.625,5.125,10.5],"rotation":0,"texture":"#0","tintindex":0},"west":{"uv":[0.0,0.0,0.0,0.875],"rotation":0,"texture":"#0","tintindex":0},"up":{"uv":[0.375,0.0,0.0,0.0],"rotation":0,"texture":"#0","tintindex":0},"down":{"uv":[0.375,0.0,0.0,0.0],"rotation":0,"texture":"#0","tintindex":0}}},{"from":[6.1813726,-2.285715,-1.1428576],"to":[9.818627,5.714286,-1.1428576],"rotation":{"angle":0.0,"axis":"y","origin":[8.0,-3.4285717,8.0]},"faces":{"east":{"uv":[0.0,0.0,0.0,0.875],"rotation":0,"texture":"#0","tintindex":0},"south":{"uv":[5.875,9.625,6.25,10.5],"rotation":0,"texture":"#0","tintindex":0},"north":{"uv":[5.5,9.625,5.875,10.5],"rotation":0,"texture":"#0","tintindex":0},"west":{"uv":[0.0,0.0,0.0,0.875],"rotation":0,"texture":"#0","tintindex":0},"up":{"uv":[0.375,0.0,0.0,0.0],"rotation":0,"texture":"#0","tintindex":0},"down":{"uv":[0.375,0.0,0.0,0.0],"rotation":0,"texture":"#0","tintindex":0}}},{"from":[6.1813726,-2.285715,-1.1428576],"to":[9.818627,5.714286,-1.1428576],"rotation":{"angle":22.5,"axis":"y","origin":[8.0,-3.4285717,8.0]},"faces":{"east":{"uv":[0.0,0.0,0.0,0.875],"rotation":0,"texture":"#0","tintindex":0},"south":{"uv":[9.625,7.125,10.0,8.0],"rotation":0,"texture":"#0","tintindex":0},"north":{"uv":[9.625,6.25,10.0,7.125],"rotation":0,"texture":"#0","tintindex":0},"west":{"uv":[0.0,0.0,0.0,0.875],"rotation":0,"texture":"#0","tintindex":0},"up":{"uv":[0.375,0.0,0.0,0.0],"rotation":0,"texture":"#0","tintindex":0},"down":{"uv":[0.375,0.0,0.0,0.0],"rotation":0,"texture":"#0","tintindex":0}}},{"from":[6.1813726,-2.285715,-1.1428576],"to":[9.818627,5.714286,-1.1428576],"rotation":{"angle":45.0,"axis":"y","origin":[8.0,-3.4285717,8.0]},"faces":{"east":{"uv":[0.0,0.0,0.0,0.875],"rotation":0,"texture":"#0","tintindex":0},"south":{"uv":[9.625,8.875,10.0,9.75],"rotation":0,"texture":"#0","tintindex":0},"north":{"uv":[9.625,8.0,10.0,8.875],"rotation":0,"texture":"#0","tintindex":0},"west":{"uv":[0.0,0.0,0.0,0.875],"rotation":0,"texture":"#0","tintindex":0},"up":{"uv":[0.375,0.0,0.0,0.0],"rotation":0,"texture":"#0","tintindex":0},"down":{"uv":[0.375,0.0,0.0,0.0],"rotation":0,"texture":"#0","tintindex":0}}},{"from":[6.1813726,-2.285715,17.142857],"to":[9.818627,5.714286,17.142857],"rotation":{"angle":-45.0,"axis":"y","origin":[8.0,-3.4285717,8.0]},"faces":{"east":{"uv":[0.0,0.0,0.0,0.875],"rotation":0,"texture":"#0","tintindex":0},"south":{"uv":[10.0,6.25,10.375,7.125],"rotation":0,"texture":"#0","tintindex":0},"north":{"uv":[9.625,9.75,10.0,10.625],"rotation":0,"texture":"#0","tintindex":0},"west":{"uv":[0.0,0.0,0.0,0.875],"rotation":0,"texture":"#0","tintindex":0},"up":{"uv":[0.375,0.0,0.0,0.0],"rotation":0,"texture":"#0","tintindex":0},"down":{"uv":[0.375,0.0,0.0,0.0],"rotation":0,"texture":"#0","tintindex":0}}},{"from":[6.1813726,-2.285715,17.142857],"to":[9.818627,5.714286,17.142857],"rotation":{"angle":-22.5,"axis":"y","origin":[8.0,-3.4285717,8.0]},"faces":{"east":{"uv":[0.0,0.0,0.0,0.875],"rotation":0,"texture":"#0","tintindex":0},"south":{"uv":[10.0,8.0,10.375,8.875],"rotation":0,"texture":"#0","tintindex":0},"north":{"uv":[10.0,7.125,10.375,8.0],"rotation":0,"texture":"#0","tintindex":0},"west":{"uv":[0.0,0.0,0.0,0.875],"rotation":0,"texture":"#0","tintindex":0},"up":{"uv":[0.375,0.0,0.0,0.0],"rotation":0,"texture":"#0","tintindex":0},"down":{"uv":[0.375,0.0,0.0,0.0],"rotation":0,"texture":"#0","tintindex":0}}},{"from":[6.1813726,-2.285715,17.142857],"to":[9.818627,5.714286,17.142857],"rotation":{"angle":0.0,"axis":"y","origin":[8.0,-3.4285717,8.0]},"faces":{"east":{"uv":[0.0,0.0,0.0,0.875],"rotation":0,"texture":"#0","tintindex":0},"south":{"uv":[10.0,9.75,10.375,10.625],"rotation":0,"texture":"#0","tintindex":0},"north":{"uv":[10.0,8.875,10.375,9.75],"rotation":0,"texture":"#0","tintindex":0},"west":{"uv":[0.0,0.0,0.0,0.875],"rotation":0,"texture":"#0","tintindex":0},"up":{"uv":[0.375,0.0,0.0,0.0],"rotation":0,"texture":"#0","tintindex":0},"down":{"uv":[0.375,0.0,0.0,0.0],"rotation":0,"texture":"#0","tintindex":0}}},{"from":[6.1813726,-2.285715,17.142857],"to":[9.818627,5.714286,17.142857],"rotation":{"angle":22.5,"axis":"y","origin":[8.0,-3.4285717,8.0]},"faces":{"east":{"uv":[0.0,0.0,0.0,0.875],"rotation":0,"texture":"#0","tintindex":0},"south":{"uv":[10.0625,0.875,10.4375,1.75],"rotation":0,"texture":"#0","tintindex":0},"north":{"uv":[10.0625,0.0,10.4375,0.875],"rotation":0,"texture":"#0","tintindex":0},"west":{"uv":[0.0,0.0,0.0,0.875],"rotation":0,"texture":"#0","tintindex":0},"up":{"uv":[0.375,0.0,0.0,0.0],"rotation":0,"texture":"#0","tintindex":0},"down":{"uv":[0.375,0.0,0.0,0.0],"rotation":0,"texture":"#0","tintindex":0}}},{"from":[6.1813726,-2.285715,17.142857],"to":[9.818627,5.714286,17.142857],"rotation":{"angle":45.0,"axis":"y","origin":[8.0,-3.4285717,8.0]},"faces":{"east":{"uv":[0.0,0.0,0.0,0.875],"rotation":0,"texture":"#0","tintindex":0},"south":{"uv":[10.0625,2.625,10.4375,3.5],"rotation":0,"texture":"#0","tintindex":0},"north":{"uv":[10.0625,1.75,10.4375,2.625],"rotation":0,"texture":"#0","tintindex":0},"west":{"uv":[0.0,0.0,0.0,0.875],"rotation":0,"texture":"#0","tintindex":0},"up":{"uv":[0.375,0.0,0.0,0.0],"rotation":0,"texture":"#0","tintindex":0},"down":{"uv":[0.375,0.0,0.0,0.0],"rotation":0,"texture":"#0","tintindex":0}}},{"from":[17.142857,-2.285715,6.1813726],"to":[17.142857,5.714286,9.818627],"rotation":{"angle":-22.5,"axis":"y","origin":[8.0,-3.4285717,8.0]},"faces":{"east":{"uv":[10.0625,3.5,10.4375,4.375],"rotation":0,"texture":"#0","tintindex":0},"south":{"uv":[0.0,0.0,0.0,0.875],"rotation":0,"texture":"#0","tintindex":0},"north":{"uv":[0.0,0.0,0.0,0.875],"rotation":0,"texture":"#0","tintindex":0},"west":{"uv":[10.0625,4.375,10.4375,5.25],"rotation":0,"texture":"#0","tintindex":0},"up":{"uv":[0.0,0.375,0.0,0.0],"rotation":0,"texture":"#0","tintindex":0},"down":{"uv":[0.0,0.0,0.0,0.375],"rotation":0,"texture":"#0","tintindex":0}}},{"from":[17.142857,-2.285715,6.1813726],"to":[17.142857,5.714286,9.818627],"rotation":{"angle":0.0,"axis":"y","origin":[8.0,-3.4285717,8.0]},"faces":{"east":{"uv":[10.0625,5.25,10.4375,6.125],"rotation":0,"texture":"#0","tintindex":0},"south":{"uv":[0.0,0.0,0.0,0.875],"rotation":0,"texture":"#0","tintindex":0},"north":{"uv":[0.0,0.0,0.0,0.875],"rotation":0,"texture":"#0","tintindex":0},"west":{"uv":[10.375,6.125,10.75,7.0],"rotation":0,"texture":"#0","tintindex":0},"up":{"uv":[0.0,0.375,0.0,0.0],"rotation":0,"texture":"#0","tintindex":0},"down":{"uv":[0.0,0.0,0.0,0.375],"rotation":0,"texture":"#0","tintindex":0}}},{"from":[17.142857,-2.285715,6.1813726],"to":[17.142857,5.714286,9.818627],"rotation":{"angle":22.5,"axis":"y","origin":[8.0,-3.4285717,8.0]},"faces":{"east":{"uv":[10.375,7.0,10.75,7.875],"rotation":0,"texture":"#0","tintindex":0},"south":{"uv":[0.0,0.0,0.0,0.875],"rotation":0,"texture":"#0","tintindex":0},"north":{"uv":[0.0,0.0,0.0,0.875],"rotation":0,"texture":"#0","tintindex":0},"west":{"uv":[10.375,7.875,10.75,8.75],"rotation":0,"texture":"#0","tintindex":0},"up":{"uv":[0.0,0.375,0.0,0.0],"rotation":0,"texture":"#0","tintindex":0},"down":{"uv":[0.0,0.0,0.0,0.375],"rotation":0,"texture":"#0","tintindex":0}}},{"from":[-1.1428576,-2.285715,6.1813726],"to":[-1.1428576,5.714286,9.818627],"rotation":{"angle":-22.5,"axis":"y","origin":[8.0,-3.4285717,8.0]},"faces":{"east":{"uv":[10.375,8.75,10.75,9.625],"rotation":0,"texture":"#0","tintindex":0},"south":{"uv":[0.0,0.0,0.0,0.875],"rotation":0,"texture":"#0","tintindex":0},"north":{"uv":[0.0,0.0,0.0,0.875],"rotation":0,"texture":"#0","tintindex":0},"west":{"uv":[10.375,9.625,10.75,10.5],"rotation":0,"texture":"#0","tintindex":0},"up":{"uv":[0.0,0.375,0.0,0.0],"rotation":0,"texture":"#0","tintindex":0},"down":{"uv":[0.0,0.0,0.0,0.375],"rotation":0,"texture":"#0","tintindex":0}}},{"from":[-1.1428576,-2.285715,6.1813726],"to":[-1.1428576,5.714286,9.818627],"rotation":{"angle":0.0,"axis":"y","origin":[8.0,-3.4285717,8.0]},"faces":{"east":{"uv":[10.4375,0.0,10.8125,0.875],"rotation":0,"texture":"#0","tintindex":0},"south":{"uv":[0.0,0.0,0.0,0.875],"rotation":0,"texture":"#0","tintindex":0},"north":{"uv":[0.0,0.0,0.0,0.875],"rotation":0,"texture":"#0","tintindex":0},"west":{"uv":[10.4375,0.875,10.8125,1.75],"rotation":0,"texture":"#0","tintindex":0},"up":{"uv":[0.0,0.375,0.0,0.0],"rotation":0,"texture":"#0","tintindex":0},"down":{"uv":[0.0,0.0,0.0,0.375],"rotation":0,"texture":"#0","tintindex":0}}},{"from":[-1.1428576,-2.285715,6.1813726],"to":[-1.1428576,5.714286,9.818627],"rotation":{"angle":22.5,"axis":"y","origin":[8.0,-3.4285717,8.0]},"faces":{"east":{"uv":[10.4375,1.75,10.8125,2.625],"rotation":0,"texture":"#0","tintindex":0},"south":{"uv":[0.0,0.0,0.0,0.875],"rotation":0,"texture":"#0","tintindex":0},"north":{"uv":[0.0,0.0,0.0,0.875],"rotation":0,"texture":"#0","tintindex":0},"west":{"uv":[10.4375,2.625,10.8125,3.5],"rotation":0,"texture":"#0","tintindex":0},"up":{"uv":[0.0,0.375,0.0,0.0],"rotation":0,"texture":"#0","tintindex":0},"down":{"uv":[0.0,0.0,0.0,0.375],"rotation":0,"texture":"#0","tintindex":0}}}],"display":{"head":{"translation":[0.0,-6.4,0.0],"scale":[4.0,4.0,4.0]}}}