{"textures":{"0":"modelengine:entity/ethereal_reaver_beam"},"elements":[{"from":[4.817402,-10.0,-8.0],"to":[11.182598,4.0,-8.0],"faces":{"south":{"uv":[9.625,7.125,10.0,8.0],"tintindex":0,"rotation":0,"texture":"#0"},"north":{"uv":[9.625,6.25,10.0,7.125],"tintindex":0,"rotation":0,"texture":"#0"}},"rotation":{"origin":[8.0,-12.0,8.0],"angle":22.5,"axis":"y"}},{"from":[24.0,-10.0,4.817402],"to":[24.0,4.0,11.182598],"faces":{"east":{"uv":[10.375,7.0,10.75,7.875],"tintindex":0,"rotation":0,"texture":"#0"},"west":{"uv":[10.375,7.875,10.75,8.75],"tintindex":0,"rotation":0,"texture":"#0"}},"rotation":{"origin":[8.0,-12.0,8.0],"angle":22.5,"axis":"y"}},{"from":[-8.0,-10.0,4.817402],"to":[-8.0,4.0,11.182598],"faces":{"east":{"uv":[10.4375,0.0,10.8125,0.875],"tintindex":0,"rotation":0,"texture":"#0"},"west":{"uv":[10.4375,0.875,10.8125,1.75],"tintindex":0,"rotation":0,"texture":"#0"}}},{"from":[4.817402,-10.0,-8.0],"to":[11.182598,4.0,-8.0],"faces":{"south":{"uv":[9.625,8.875,10.0,9.75],"tintindex":0,"rotation":0,"texture":"#0"},"north":{"uv":[9.625,8.0,10.0,8.875],"tintindex":0,"rotation":0,"texture":"#0"}},"rotation":{"origin":[8.0,-12.0,8.0],"angle":45.0,"axis":"y"}},{"from":[4.817402,-10.0,24.0],"to":[11.182598,4.0,24.0],"faces":{"south":{"uv":[10.0625,2.625,10.4375,3.5],"tintindex":0,"rotation":0,"texture":"#0"},"north":{"uv":[10.0625,1.75,10.4375,2.625],"tintindex":0,"rotation":0,"texture":"#0"}},"rotation":{"origin":[8.0,-12.0,8.0],"angle":45.0,"axis":"y"}},{"from":[4.817402,-10.0,24.0],"to":[11.182598,4.0,24.0],"faces":{"south":{"uv":[10.0,6.25,10.375,7.125],"tintindex":0,"rotation":0,"texture":"#0"},"north":{"uv":[9.625,9.75,10.0,10.625],"tintindex":0,"rotation":0,"texture":"#0"}},"rotation":{"origin":[8.0,-12.0,8.0],"angle":-45.0,"axis":"y"}},{"from":[4.817402,-10.0,24.0],"to":[11.182598,4.0,24.0],"faces":{"south":{"uv":[10.0,8.0,10.375,8.875],"tintindex":0,"rotation":0,"texture":"#0"},"north":{"uv":[10.0,7.125,10.375,8.0],"tintindex":0,"rotation":0,"texture":"#0"}},"rotation":{"origin":[8.0,-12.0,8.0],"angle":-22.5,"axis":"y"}},{"from":[4.817402,-10.0,24.0],"to":[11.182598,4.0,24.0],"faces":{"south":{"uv":[10.0,9.75,10.375,10.625],"tintindex":0,"rotation":0,"texture":"#0"},"north":{"uv":[10.0,8.875,10.375,9.75],"tintindex":0,"rotation":0,"texture":"#0"}}},{"from":[-8.0,-10.0,4.817402],"to":[-8.0,4.0,11.182598],"faces":{"east":{"uv":[10.4375,1.75,10.8125,2.625],"tintindex":0,"rotation":0,"texture":"#0"},"west":{"uv":[10.4375,2.625,10.8125,3.5],"tintindex":0,"rotation":0,"texture":"#0"}},"rotation":{"origin":[8.0,-12.0,8.0],"angle":22.5,"axis":"y"}},{"from":[24.0,-10.0,4.817402],"to":[24.0,4.0,11.182598],"faces":{"east":{"uv":[10.0625,3.5,10.4375,4.375],"tintindex":0,"rotation":0,"texture":"#0"},"west":{"uv":[10.0625,4.375,10.4375,5.25],"tintindex":0,"rotation":0,"texture":"#0"}},"rotation":{"origin":[8.0,-12.0,8.0],"angle":-22.5,"axis":"y"}},{"from":[4.817402,-10.0,24.0],"to":[11.182598,4.0,24.0],"faces":{"south":{"uv":[10.0625,0.875,10.4375,1.75],"tintindex":0,"rotation":0,"texture":"#0"},"north":{"uv":[10.0625,0.0,10.4375,0.875],"tintindex":0,"rotation":0,"texture":"#0"}},"rotation":{"origin":[8.0,-12.0,8.0],"angle":22.5,"axis":"y"}},{"from":[24.0,-10.0,4.817402],"to":[24.0,4.0,11.182598],"faces":{"east":{"uv":[10.0625,5.25,10.4375,6.125],"tintindex":0,"rotation":0,"texture":"#0"},"west":{"uv":[10.375,6.125,10.75,7.0],"tintindex":0,"rotation":0,"texture":"#0"}}},{"from":[-8.0,-10.0,4.817402],"to":[-8.0,4.0,11.182598],"faces":{"east":{"uv":[10.375,8.75,10.75,9.625],"tintindex":0,"rotation":0,"texture":"#0"},"west":{"uv":[10.375,9.625,10.75,10.5],"tintindex":0,"rotation":0,"texture":"#0"}},"rotation":{"origin":[8.0,-12.0,8.0],"angle":-22.5,"axis":"y"}},{"from":[4.817402,-10.0,-8.0],"to":[11.182598,4.0,-8.0],"faces":{"south":{"uv":[4.375,9.625,4.75,10.5],"tintindex":0,"rotation":0,"texture":"#0"},"north":{"uv":[4.0,9.625,4.375,10.5],"tintindex":0,"rotation":0,"texture":"#0"}},"rotation":{"origin":[8.0,-12.0,8.0],"angle":-45.0,"axis":"y"}},{"from":[4.817402,-10.0,-8.0],"to":[11.182598,4.0,-8.0],"faces":{"south":{"uv":[5.125,9.625,5.5,10.5],"tintindex":0,"rotation":0,"texture":"#0"},"north":{"uv":[4.75,9.625,5.125,10.5],"tintindex":0,"rotation":0,"texture":"#0"}},"rotation":{"origin":[8.0,-12.0,8.0],"angle":-22.5,"axis":"y"}},{"from":[4.817402,-10.0,-8.0],"to":[11.182598,4.0,-8.0],"faces":{"south":{"uv":[5.875,9.625,6.25,10.5],"tintindex":0,"rotation":0,"texture":"#0"},"north":{"uv":[5.5,9.625,5.875,10.5],"tintindex":0,"rotation":0,"texture":"#0"}}}],"display":{"gui":{"rotation":[30,225,0]}}}