{"textures":{"0":"modelengine:entity/cizha_the_scarecrow_head"},"elements":[{"from":[2.651578,8.035,2.424419],"to":[13.276578,16.785,13.349419],"faces":{"east":{"uv":[0.0,6.5625,2.75,8.75],"tintindex":0,"rotation":0,"texture":"#0"},"south":{"uv":[0.0,6.5625,2.6875,8.75],"tintindex":0,"rotation":0,"texture":"#0"},"north":{"uv":[4.4375,0.0,7.125,2.1875],"tintindex":0,"rotation":0,"texture":"#0"},"west":{"uv":[2.75,6.5625,0.0,8.75],"tintindex":0,"rotation":0,"texture":"#0"},"up":{"uv":[8.3125,9.25,5.625,6.5],"tintindex":0,"rotation":0,"texture":"#0"},"down":{"uv":[8.3125,6.5,5.625,9.25],"tintindex":0,"rotation":0,"texture":"#0"}}},{"from":[13.226578,8.035,8.597361],"to":[18.476578,15.035,8.62236],"faces":{"east":{"uv":[11.4375,0.0,11.375,1.75],"tintindex":0,"rotation":0,"texture":"#0"},"south":{"uv":[2.8125,8.75,1.5,10.5],"tintindex":0,"rotation":0,"texture":"#0"},"north":{"uv":[1.5,8.75,2.8125,10.5],"tintindex":0,"rotation":0,"texture":"#0"},"west":{"uv":[11.5,0.0,11.4375,1.75],"tintindex":0,"rotation":0,"texture":"#0"},"up":{"uv":[13.5625,5.75,12.25,5.8125],"tintindex":0,"rotation":0,"texture":"#0"},"down":{"uv":[13.5625,5.875,12.25,5.8125],"tintindex":0,"rotation":0,"texture":"#0"}}},{"from":[-1.9624662,7.285,8.261044],"to":[2.5375338,14.535,8.286043],"faces":{"east":{"uv":[11.0,11.375,10.9375,13.1875],"tintindex":0,"rotation":0,"texture":"#0"},"south":{"uv":[5.0625,11.0,6.1875,12.8125],"tintindex":0,"rotation":0,"texture":"#0"},"north":{"uv":[6.1875,11.0,5.0625,12.8125],"tintindex":0,"rotation":0,"texture":"#0"},"west":{"uv":[10.9375,11.375,10.875,13.1875],"tintindex":0,"rotation":0,"texture":"#0"},"up":{"uv":[12.25,6.8125,13.375,6.75],"tintindex":0,"rotation":0,"texture":"#0"},"down":{"uv":[12.25,6.8125,13.375,6.875],"tintindex":0,"rotation":0,"texture":"#0"}},"rotation":{"origin":[7.962951,16.637083,8.11714],"angle":-22.5,"axis":"y"}},{"from":[-2.5506763,8.035,7.636919],"to":[2.6993246,15.035,7.661919],"faces":{"east":{"uv":[11.5,0.0,11.4375,1.75],"tintindex":0,"rotation":0,"texture":"#0"},"south":{"uv":[1.5,8.75,2.8125,10.5],"tintindex":0,"rotation":0,"texture":"#0"},"north":{"uv":[2.8125,8.75,1.5,10.5],"tintindex":0,"rotation":0,"texture":"#0"},"west":{"uv":[11.4375,0.0,11.375,1.75],"tintindex":0,"rotation":0,"texture":"#0"},"up":{"uv":[12.25,5.8125,13.5625,5.75],"tintindex":0,"rotation":0,"texture":"#0"},"down":{"uv":[12.25,5.8125,13.5625,5.875],"tintindex":0,"rotation":0,"texture":"#0"}}},{"from":[13.226578,8.035,7.636919],"to":[18.476578,15.035,7.661919],"faces":{"east":{"uv":[11.375,0.0,11.4375,1.75],"tintindex":0,"rotation":0,"texture":"#0"},"south":{"uv":[2.8125,8.75,1.5,10.5],"tintindex":0,"rotation":0,"texture":"#0"},"north":{"uv":[1.5,8.75,2.8125,10.5],"tintindex":0,"rotation":0,"texture":"#0"},"west":{"uv":[11.4375,0.0,11.5,1.75],"tintindex":0,"rotation":0,"texture":"#0"},"up":{"uv":[13.5625,5.8125,12.25,5.75],"tintindex":0,"rotation":0,"texture":"#0"},"down":{"uv":[13.5625,5.8125,12.25,5.875],"tintindex":0,"rotation":0,"texture":"#0"}}},{"from":[-1.5797834,8.285,9.184923],"to":[2.9202175,15.535,9.209923],"faces":{"east":{"uv":[11.0,11.375,10.9375,13.1875],"tintindex":0,"rotation":0,"texture":"#0"},"south":{"uv":[5.0625,11.0,6.1875,12.8125],"tintindex":0,"rotation":0,"texture":"#0"},"north":{"uv":[6.1875,11.0,5.0625,12.8125],"tintindex":0,"rotation":0,"texture":"#0"},"west":{"uv":[10.9375,11.375,10.875,13.1875],"tintindex":0,"rotation":0,"texture":"#0"},"up":{"uv":[12.25,6.8125,13.375,6.75],"tintindex":0,"rotation":0,"texture":"#0"},"down":{"uv":[12.25,6.8125,13.375,6.875],"tintindex":0,"rotation":0,"texture":"#0"}},"rotation":{"origin":[7.962951,16.637083,8.11714],"angle":-22.5,"axis":"y"}},{"from":[-2.5506763,8.035,8.597361],"to":[2.6993246,15.035,8.62236],"faces":{"east":{"uv":[11.4375,0.0,11.5,1.75],"tintindex":0,"rotation":0,"texture":"#0"},"south":{"uv":[1.5,8.75,2.8125,10.5],"tintindex":0,"rotation":0,"texture":"#0"},"north":{"uv":[2.8125,8.75,1.5,10.5],"tintindex":0,"rotation":0,"texture":"#0"},"west":{"uv":[11.375,0.0,11.4375,1.75],"tintindex":0,"rotation":0,"texture":"#0"},"up":{"uv":[12.25,5.75,13.5625,5.8125],"tintindex":0,"rotation":0,"texture":"#0"},"down":{"uv":[12.25,5.875,13.5625,5.8125],"tintindex":0,"rotation":0,"texture":"#0"}}},{"from":[13.388369,7.285,7.948236],"to":[17.888367,14.535,7.973236],"faces":{"east":{"uv":[10.9375,11.375,10.875,13.1875],"tintindex":0,"rotation":0,"texture":"#0"},"south":{"uv":[6.1875,11.0,5.0625,12.8125],"tintindex":0,"rotation":0,"texture":"#0"},"north":{"uv":[5.0625,11.0,6.1875,12.8125],"tintindex":0,"rotation":0,"texture":"#0"},"west":{"uv":[11.0,11.375,10.9375,13.1875],"tintindex":0,"rotation":0,"texture":"#0"},"up":{"uv":[13.375,6.75,12.25,6.8125],"tintindex":0,"rotation":0,"texture":"#0"},"down":{"uv":[13.375,6.875,12.25,6.8125],"tintindex":0,"rotation":0,"texture":"#0"}},"rotation":{"origin":[7.962951,16.637083,8.11714],"angle":-22.5,"axis":"y"}},{"from":[-1.5797834,8.285,7.0243564],"to":[2.9202175,15.535,7.0493565],"faces":{"east":{"uv":[10.9375,11.375,11.0,13.1875],"tintindex":0,"rotation":0,"texture":"#0"},"south":{"uv":[5.0625,11.0,6.1875,12.8125],"tintindex":0,"rotation":0,"texture":"#0"},"north":{"uv":[6.1875,11.0,5.0625,12.8125],"tintindex":0,"rotation":0,"texture":"#0"},"west":{"uv":[10.875,11.375,10.9375,13.1875],"tintindex":0,"rotation":0,"texture":"#0"},"up":{"uv":[12.25,6.75,13.375,6.8125],"tintindex":0,"rotation":0,"texture":"#0"},"down":{"uv":[12.25,6.875,13.375,6.8125],"tintindex":0,"rotation":0,"texture":"#0"}},"rotation":{"origin":[7.962951,16.637083,8.11714],"angle":22.5,"axis":"y"}},{"from":[13.388369,7.285,8.261044],"to":[17.888367,14.535,8.286043],"faces":{"east":{"uv":[10.875,11.375,10.9375,13.1875],"tintindex":0,"rotation":0,"texture":"#0"},"south":{"uv":[6.1875,11.0,5.0625,12.8125],"tintindex":0,"rotation":0,"texture":"#0"},"north":{"uv":[5.0625,11.0,6.1875,12.8125],"tintindex":0,"rotation":0,"texture":"#0"},"west":{"uv":[10.9375,11.375,11.0,13.1875],"tintindex":0,"rotation":0,"texture":"#0"},"up":{"uv":[13.375,6.8125,12.25,6.75],"tintindex":0,"rotation":0,"texture":"#0"},"down":{"uv":[13.375,6.8125,12.25,6.875],"tintindex":0,"rotation":0,"texture":"#0"}},"rotation":{"origin":[7.962951,16.637083,8.11714],"angle":22.5,"axis":"y"}},{"from":[7.126578,18.376667,6.924419],"to":[8.826578,22.101665,8.599419],"faces":{"east":{"uv":[7.375,2.1875,7.8125,3.125],"tintindex":0,"rotation":0,"texture":"#0"},"south":{"uv":[7.375,2.1875,7.8125,3.125],"tintindex":0,"rotation":0,"texture":"#0"},"north":{"uv":[7.375,2.1875,7.8125,3.125],"tintindex":0,"rotation":0,"texture":"#0"},"west":{"uv":[7.375,2.1875,7.8125,3.125],"tintindex":0,"rotation":0,"texture":"#0"},"up":{"uv":[7.375,2.1875,7.8125,2.625],"tintindex":0,"rotation":0,"texture":"#0"},"down":{"uv":[7.375,2.1875,7.8125,2.625],"tintindex":0,"rotation":0,"texture":"#0"}}},{"from":[-2.5506763,9.535,8.061919],"to":[2.6993246,16.535,8.086919],"faces":{"east":{"uv":[11.5,0.0,11.4375,1.75],"tintindex":0,"rotation":0,"texture":"#0"},"south":{"uv":[1.5,8.75,2.8125,10.5],"tintindex":0,"rotation":0,"texture":"#0"},"north":{"uv":[2.8125,8.75,1.5,10.5],"tintindex":0,"rotation":0,"texture":"#0"},"west":{"uv":[11.4375,0.0,11.375,1.75],"tintindex":0,"rotation":0,"texture":"#0"},"up":{"uv":[12.25,5.8125,13.5625,5.75],"tintindex":0,"rotation":0,"texture":"#0"},"down":{"uv":[12.25,5.8125,13.5625,5.875],"tintindex":0,"rotation":0,"texture":"#0"}}},{"from":[0.60157776,16.61,0.22441912],"to":[15.3015785,16.66,15.174419],"faces":{"east":{"uv":[12.25,5.375,16.0,5.4375],"tintindex":0,"rotation":0,"texture":"#0"},"south":{"uv":[12.25,5.5625,15.9375,5.625],"tintindex":0,"rotation":0,"texture":"#0"},"north":{"uv":[12.25,5.5,15.9375,5.5625],"tintindex":0,"rotation":0,"texture":"#0"},"west":{"uv":[12.25,5.4375,16.0,5.5],"tintindex":0,"rotation":0,"texture":"#0"},"up":{"uv":[3.3125,3.375,0.0,0.0],"tintindex":0,"rotation":0,"texture":"#0"},"down":{"uv":[3.3125,0.0,0.0,3.375],"tintindex":0,"rotation":0,"texture":"#0"}}},{"from":[13.005685,8.285,7.0243564],"to":[17.505684,15.535,7.0493565],"faces":{"east":{"uv":[10.9375,11.375,10.875,13.1875],"tintindex":0,"rotation":0,"texture":"#0"},"south":{"uv":[6.1875,11.0,5.0625,12.8125],"tintindex":0,"rotation":0,"texture":"#0"},"north":{"uv":[5.0625,11.0,6.1875,12.8125],"tintindex":0,"rotation":0,"texture":"#0"},"west":{"uv":[11.0,11.375,10.9375,13.1875],"tintindex":0,"rotation":0,"texture":"#0"},"up":{"uv":[13.375,6.75,12.25,6.8125],"tintindex":0,"rotation":0,"texture":"#0"},"down":{"uv":[13.375,6.875,12.25,6.8125],"tintindex":0,"rotation":0,"texture":"#0"}},"rotation":{"origin":[7.962951,16.637083,8.11714],"angle":-22.5,"axis":"y"}},{"from":[7.918172,18.376667,4.44839],"to":[7.9431715,26.351665,10.37339],"faces":{"east":{"uv":[9.8125,8.375,8.3125,10.375],"tintindex":0,"rotation":0,"texture":"#0"},"south":{"uv":[10.5,11.375,10.5625,13.375],"tintindex":0,"rotation":0,"texture":"#0"},"north":{"uv":[10.5625,11.375,10.625,13.375],"tintindex":0,"rotation":0,"texture":"#0"},"west":{"uv":[8.3125,8.375,9.8125,10.375],"tintindex":0,"rotation":0,"texture":"#0"},"up":{"uv":[8.3125,3.6875,8.25,2.1875],"tintindex":0,"rotation":180,"texture":"#0"},"down":{"uv":[1.1875,10.75,1.125,12.25],"tintindex":0,"rotation":180,"texture":"#0"}}},{"from":[5.3817015,18.376667,7.824419],"to":[11.331701,26.351665,7.849419],"faces":{"east":{"uv":[5.5,6.5625,5.5625,8.5625],"tintindex":0,"rotation":0,"texture":"#0"},"south":{"uv":[9.8125,4.375,8.3125,6.375],"tintindex":0,"rotation":0,"texture":"#0"},"north":{"uv":[8.3125,4.375,9.8125,6.375],"tintindex":0,"rotation":0,"texture":"#0"},"west":{"uv":[5.5625,6.5625,5.625,8.5625],"tintindex":0,"rotation":0,"texture":"#0"},"up":{"uv":[13.75,5.6875,12.25,5.625],"tintindex":0,"rotation":0,"texture":"#0"},"down":{"uv":[13.75,5.6875,12.25,5.75],"tintindex":0,"rotation":0,"texture":"#0"}}},{"from":[2.3765779,16.634998,2.199419],"to":[13.576578,18.384998,13.39942],"faces":{"east":{"uv":[12.25,4.9375,15.0625,5.375],"tintindex":0,"rotation":0,"texture":"#0"},"south":{"uv":[12.25,4.9375,15.0625,5.375],"tintindex":0,"rotation":0,"texture":"#0"},"north":{"uv":[12.25,4.9375,15.0625,5.375],"tintindex":0,"rotation":0,"texture":"#0"},"west":{"uv":[12.25,4.9375,15.0625,5.375],"tintindex":0,"rotation":0,"texture":"#0"},"up":{"uv":[5.625,6.5625,2.8125,3.75],"tintindex":0,"rotation":0,"texture":"#0"},"down":{"uv":[5.625,3.75,2.8125,6.5625],"tintindex":0,"rotation":0,"texture":"#0"}}},{"from":[-1.9624662,7.285,7.948236],"to":[2.5375338,14.535,7.973236],"faces":{"east":{"uv":[10.9375,11.375,11.0,13.1875],"tintindex":0,"rotation":0,"texture":"#0"},"south":{"uv":[5.0625,11.0,6.1875,12.8125],"tintindex":0,"rotation":0,"texture":"#0"},"north":{"uv":[6.1875,11.0,5.0625,12.8125],"tintindex":0,"rotation":0,"texture":"#0"},"west":{"uv":[10.875,11.375,10.9375,13.1875],"tintindex":0,"rotation":0,"texture":"#0"},"up":{"uv":[12.25,6.75,13.375,6.8125],"tintindex":0,"rotation":0,"texture":"#0"},"down":{"uv":[12.25,6.875,13.375,6.8125],"tintindex":0,"rotation":0,"texture":"#0"}},"rotation":{"origin":[7.962951,16.637083,8.11714],"angle":22.5,"axis":"y"}},{"from":[13.226578,9.535,8.061919],"to":[18.476578,16.535,8.086919],"faces":{"east":{"uv":[11.375,0.0,11.4375,1.75],"tintindex":0,"rotation":0,"texture":"#0"},"south":{"uv":[2.8125,8.75,1.5,10.5],"tintindex":0,"rotation":0,"texture":"#0"},"north":{"uv":[1.5,8.75,2.8125,10.5],"tintindex":0,"rotation":0,"texture":"#0"},"west":{"uv":[11.4375,0.0,11.5,1.75],"tintindex":0,"rotation":0,"texture":"#0"},"up":{"uv":[13.5625,5.8125,12.25,5.75],"tintindex":0,"rotation":0,"texture":"#0"},"down":{"uv":[13.5625,5.8125,12.25,5.875],"tintindex":0,"rotation":0,"texture":"#0"}}},{"from":[13.005685,8.285,9.184923],"to":[17.505684,15.535,9.209923],"faces":{"east":{"uv":[10.875,11.375,10.9375,13.1875],"tintindex":0,"rotation":0,"texture":"#0"},"south":{"uv":[6.1875,11.0,5.0625,12.8125],"tintindex":0,"rotation":0,"texture":"#0"},"north":{"uv":[5.0625,11.0,6.1875,12.8125],"tintindex":0,"rotation":0,"texture":"#0"},"west":{"uv":[10.9375,11.375,11.0,13.1875],"tintindex":0,"rotation":0,"texture":"#0"},"up":{"uv":[13.375,6.8125,12.25,6.75],"tintindex":0,"rotation":0,"texture":"#0"},"down":{"uv":[13.375,6.8125,12.25,6.875],"tintindex":0,"rotation":0,"texture":"#0"}},"rotation":{"origin":[7.962951,16.637083,8.11714],"angle":22.5,"axis":"y"}}],"display":{"gui":{"rotation":[30,225,0]}}}