{"textures":{"0":"modelengine:entity/cizha_the_scarecrow_head"},"elements":[{"from":[-4.862895,0.7133336,9.630921],"to":[1.137106,10.380001,9.664255],"faces":{"east":{"uv":[11.0,11.375,10.9375,13.1875],"tintindex":0,"rotation":0,"texture":"#0"},"south":{"uv":[5.0625,11.0,6.1875,12.8125],"tintindex":0,"rotation":0,"texture":"#0"},"north":{"uv":[6.1875,11.0,5.0625,12.8125],"tintindex":0,"rotation":0,"texture":"#0"},"west":{"uv":[10.9375,11.375,10.875,13.1875],"tintindex":0,"rotation":0,"texture":"#0"},"up":{"uv":[12.25,6.8125,13.375,6.75],"tintindex":0,"rotation":0,"texture":"#0"},"down":{"uv":[12.25,6.8125,13.375,6.875],"tintindex":0,"rotation":0,"texture":"#0"}},"rotation":{"origin":[7.983935,11.857779,8.156186],"angle":-22.5,"axis":"y"}},{"from":[14.830765,0.7133336,6.6481175],"to":[20.830765,10.380001,6.681451],"faces":{"east":{"uv":[10.9375,11.375,10.875,13.1875],"tintindex":0,"rotation":0,"texture":"#0"},"south":{"uv":[6.1875,11.0,5.0625,12.8125],"tintindex":0,"rotation":0,"texture":"#0"},"north":{"uv":[5.0625,11.0,6.1875,12.8125],"tintindex":0,"rotation":0,"texture":"#0"},"west":{"uv":[11.0,11.375,10.9375,13.1875],"tintindex":0,"rotation":0,"texture":"#0"},"up":{"uv":[13.375,6.75,12.25,6.8125],"tintindex":0,"rotation":0,"texture":"#0"},"down":{"uv":[13.375,6.875,12.25,6.8125],"tintindex":0,"rotation":0,"texture":"#0"}},"rotation":{"origin":[7.983935,11.857779,8.156186],"angle":-22.5,"axis":"y"}},{"from":[-6.167568,0.3800001,7.515892],"to":[0.83243227,9.713334,7.5492253],"faces":{"east":{"uv":[11.5,0.0,11.4375,1.75],"tintindex":0,"rotation":0,"texture":"#0"},"south":{"uv":[1.5,8.75,2.8125,10.5],"tintindex":0,"rotation":0,"texture":"#0"},"north":{"uv":[2.8125,8.75,1.5,10.5],"tintindex":0,"rotation":0,"texture":"#0"},"west":{"uv":[11.4375,0.0,11.375,1.75],"tintindex":0,"rotation":0,"texture":"#0"},"up":{"uv":[12.25,5.8125,13.5625,5.75],"tintindex":0,"rotation":0,"texture":"#0"},"down":{"uv":[12.25,5.8125,13.5625,5.875],"tintindex":0,"rotation":0,"texture":"#0"}}},{"from":[15.135437,2.38,8.082559],"to":[22.135437,11.713334,8.115892],"faces":{"east":{"uv":[11.375,0.0,11.4375,1.75],"tintindex":0,"rotation":0,"texture":"#0"},"south":{"uv":[2.8125,8.75,1.5,10.5],"tintindex":0,"rotation":0,"texture":"#0"},"north":{"uv":[1.5,8.75,2.8125,10.5],"tintindex":0,"rotation":0,"texture":"#0"},"west":{"uv":[11.4375,0.0,11.5,1.75],"tintindex":0,"rotation":0,"texture":"#0"},"up":{"uv":[13.5625,5.8125,12.25,5.75],"tintindex":0,"rotation":0,"texture":"#0"},"down":{"uv":[13.5625,5.8125,12.25,5.875],"tintindex":0,"rotation":0,"texture":"#0"}}},{"from":[0.8021035,0.3800001,0.5325589],"to":[15.135437,12.046667,15.199226],"faces":{"east":{"uv":[0.0,6.5625,2.75,8.75],"tintindex":0,"rotation":0,"texture":"#0"},"south":{"uv":[0.0,6.5625,2.6875,8.75],"tintindex":0,"rotation":0,"texture":"#0"},"north":{"uv":[7.375,0.0,10.0625,2.1875],"tintindex":0,"rotation":0,"texture":"#0"},"west":{"uv":[2.75,6.5625,0.0,8.75],"tintindex":0,"rotation":0,"texture":"#0"},"up":{"uv":[8.3125,9.25,5.625,6.5],"tintindex":0,"rotation":0,"texture":"#0"},"down":{"uv":[8.3125,6.5,5.625,9.25],"tintindex":0,"rotation":0,"texture":"#0"}}},{"from":[15.341009,-0.6199999,7.8799567],"to":[21.341007,9.046667,7.91329],"faces":{"east":{"uv":[10.9375,11.375,10.875,13.1875],"tintindex":0,"rotation":0,"texture":"#0"},"south":{"uv":[6.1875,11.0,5.0625,12.8125],"tintindex":0,"rotation":0,"texture":"#0"},"north":{"uv":[5.0625,11.0,6.1875,12.8125],"tintindex":0,"rotation":0,"texture":"#0"},"west":{"uv":[11.0,11.375,10.9375,13.1875],"tintindex":0,"rotation":0,"texture":"#0"},"up":{"uv":[13.375,6.75,12.25,6.8125],"tintindex":0,"rotation":0,"texture":"#0"},"down":{"uv":[13.375,6.875,12.25,6.8125],"tintindex":0,"rotation":0,"texture":"#0"}},"rotation":{"origin":[7.983935,11.857779,8.156186],"angle":-22.5,"axis":"y"}},{"from":[-5.3731403,-0.6199999,8.399082],"to":[0.6268616,9.046667,8.432416],"faces":{"east":{"uv":[11.0,11.375,10.9375,13.1875],"tintindex":0,"rotation":0,"texture":"#0"},"south":{"uv":[5.0625,11.0,6.1875,12.8125],"tintindex":0,"rotation":0,"texture":"#0"},"north":{"uv":[6.1875,11.0,5.0625,12.8125],"tintindex":0,"rotation":0,"texture":"#0"},"west":{"uv":[10.9375,11.375,10.875,13.1875],"tintindex":0,"rotation":0,"texture":"#0"},"up":{"uv":[12.25,6.8125,13.375,6.75],"tintindex":0,"rotation":0,"texture":"#0"},"down":{"uv":[12.25,6.8125,13.375,6.875],"tintindex":0,"rotation":0,"texture":"#0"}},"rotation":{"origin":[7.983935,11.857779,8.156186],"angle":-22.5,"axis":"y"}},{"from":[4.475601,14.168889,7.765892],"to":[12.475601,24.835556,7.7992253],"faces":{"east":{"uv":[5.5,6.5625,5.5625,8.5625],"tintindex":0,"rotation":0,"texture":"#0"},"south":{"uv":[9.8125,4.375,8.3125,6.375],"tintindex":0,"rotation":0,"texture":"#0"},"north":{"uv":[8.3125,4.375,9.8125,6.375],"tintindex":0,"rotation":0,"texture":"#0"},"west":{"uv":[5.5625,6.5625,5.625,8.5625],"tintindex":0,"rotation":0,"texture":"#0"},"up":{"uv":[13.75,5.6875,12.25,5.625],"tintindex":0,"rotation":0,"texture":"#0"},"down":{"uv":[13.75,5.6875,12.25,5.75],"tintindex":0,"rotation":0,"texture":"#0"}}},{"from":[-6.167568,2.38,8.082559],"to":[0.83243227,11.713334,8.115892],"faces":{"east":{"uv":[11.5,0.0,11.4375,1.75],"tintindex":0,"rotation":0,"texture":"#0"},"south":{"uv":[1.5,8.75,2.8125,10.5],"tintindex":0,"rotation":0,"texture":"#0"},"north":{"uv":[2.8125,8.75,1.5,10.5],"tintindex":0,"rotation":0,"texture":"#0"},"west":{"uv":[11.4375,0.0,11.375,1.75],"tintindex":0,"rotation":0,"texture":"#0"},"up":{"uv":[12.25,5.8125,13.5625,5.75],"tintindex":0,"rotation":0,"texture":"#0"},"down":{"uv":[12.25,5.8125,13.5625,5.875],"tintindex":0,"rotation":0,"texture":"#0"}}},{"from":[-6.167568,0.3800001,8.79648],"to":[0.83243227,9.713334,8.829814],"faces":{"east":{"uv":[11.4375,0.0,11.5,1.75],"tintindex":0,"rotation":0,"texture":"#0"},"south":{"uv":[1.5,8.75,2.8125,10.5],"tintindex":0,"rotation":0,"texture":"#0"},"north":{"uv":[2.8125,8.75,1.5,10.5],"tintindex":0,"rotation":0,"texture":"#0"},"west":{"uv":[11.375,0.0,11.4375,1.75],"tintindex":0,"rotation":0,"texture":"#0"},"up":{"uv":[12.25,5.75,13.5625,5.8125],"tintindex":0,"rotation":0,"texture":"#0"},"down":{"uv":[12.25,5.875,13.5625,5.8125],"tintindex":0,"rotation":0,"texture":"#0"}}},{"from":[14.830765,0.7133336,9.630921],"to":[20.830765,10.380001,9.664255],"faces":{"east":{"uv":[10.875,11.375,10.9375,13.1875],"tintindex":0,"rotation":0,"texture":"#0"},"south":{"uv":[6.1875,11.0,5.0625,12.8125],"tintindex":0,"rotation":0,"texture":"#0"},"north":{"uv":[5.0625,11.0,6.1875,12.8125],"tintindex":0,"rotation":0,"texture":"#0"},"west":{"uv":[10.9375,11.375,11.0,13.1875],"tintindex":0,"rotation":0,"texture":"#0"},"up":{"uv":[13.375,6.8125,12.25,6.75],"tintindex":0,"rotation":0,"texture":"#0"},"down":{"uv":[13.375,6.8125,12.25,6.875],"tintindex":0,"rotation":0,"texture":"#0"}},"rotation":{"origin":[7.983935,11.857779,8.156186],"angle":22.5,"axis":"y"}},{"from":[-5.3731403,-0.6199999,7.8799567],"to":[0.6268616,9.046667,7.91329],"faces":{"east":{"uv":[10.9375,11.375,11.0,13.1875],"tintindex":0,"rotation":0,"texture":"#0"},"south":{"uv":[5.0625,11.0,6.1875,12.8125],"tintindex":0,"rotation":0,"texture":"#0"},"north":{"uv":[6.1875,11.0,5.0625,12.8125],"tintindex":0,"rotation":0,"texture":"#0"},"west":{"uv":[10.875,11.375,10.9375,13.1875],"tintindex":0,"rotation":0,"texture":"#0"},"up":{"uv":[12.25,6.75,13.375,6.8125],"tintindex":0,"rotation":0,"texture":"#0"},"down":{"uv":[12.25,6.875,13.375,6.8125],"tintindex":0,"rotation":0,"texture":"#0"}},"rotation":{"origin":[7.983935,11.857779,8.156186],"angle":22.5,"axis":"y"}},{"from":[-1.8978958,11.713334,-2.400775],"to":[17.768772,11.846666,17.599226],"faces":{"east":{"uv":[12.25,5.375,16.0,5.4375],"tintindex":0,"rotation":0,"texture":"#0"},"south":{"uv":[12.25,5.5625,15.9375,5.625],"tintindex":0,"rotation":0,"texture":"#0"},"north":{"uv":[12.25,5.5,15.9375,5.5625],"tintindex":0,"rotation":0,"texture":"#0"},"west":{"uv":[12.25,5.4375,16.0,5.5],"tintindex":0,"rotation":0,"texture":"#0"},"up":{"uv":[3.3125,3.375,0.0,0.0],"tintindex":0,"rotation":0,"texture":"#0"},"down":{"uv":[3.3125,0.0,0.0,3.375],"tintindex":0,"rotation":0,"texture":"#0"}}},{"from":[-4.862895,0.7133336,6.6481175],"to":[1.137106,10.380001,6.681451],"faces":{"east":{"uv":[10.9375,11.375,11.0,13.1875],"tintindex":0,"rotation":0,"texture":"#0"},"south":{"uv":[5.0625,11.0,6.1875,12.8125],"tintindex":0,"rotation":0,"texture":"#0"},"north":{"uv":[6.1875,11.0,5.0625,12.8125],"tintindex":0,"rotation":0,"texture":"#0"},"west":{"uv":[10.875,11.375,10.9375,13.1875],"tintindex":0,"rotation":0,"texture":"#0"},"up":{"uv":[12.25,6.75,13.375,6.8125],"tintindex":0,"rotation":0,"texture":"#0"},"down":{"uv":[12.25,6.875,13.375,6.8125],"tintindex":0,"rotation":0,"texture":"#0"}},"rotation":{"origin":[7.983935,11.857779,8.156186],"angle":22.5,"axis":"y"}},{"from":[0.46877003,11.846666,0.19922543],"to":[15.468771,14.18,15.232559],"faces":{"east":{"uv":[12.25,4.9375,15.0625,5.375],"tintindex":0,"rotation":0,"texture":"#0"},"south":{"uv":[12.25,4.9375,15.0625,5.375],"tintindex":0,"rotation":0,"texture":"#0"},"north":{"uv":[12.25,4.9375,15.0625,5.375],"tintindex":0,"rotation":0,"texture":"#0"},"west":{"uv":[12.25,4.9375,15.0625,5.375],"tintindex":0,"rotation":0,"texture":"#0"},"up":{"uv":[5.625,6.5625,2.8125,3.75],"tintindex":0,"rotation":0,"texture":"#0"},"down":{"uv":[5.625,3.75,2.8125,6.5625],"tintindex":0,"rotation":0,"texture":"#0"}}},{"from":[7.890896,14.168889,3.197853],"to":[7.924229,24.835556,11.197853],"faces":{"east":{"uv":[9.8125,8.375,8.3125,10.375],"tintindex":0,"rotation":0,"texture":"#0"},"south":{"uv":[10.5,11.375,10.5625,13.375],"tintindex":0,"rotation":0,"texture":"#0"},"north":{"uv":[10.5625,11.375,10.625,13.375],"tintindex":0,"rotation":0,"texture":"#0"},"west":{"uv":[8.3125,8.375,9.8125,10.375],"tintindex":0,"rotation":0,"texture":"#0"},"up":{"uv":[8.3125,3.6875,8.25,2.1875],"tintindex":0,"rotation":180,"texture":"#0"},"down":{"uv":[1.1875,10.75,1.125,12.25],"tintindex":0,"rotation":180,"texture":"#0"}}},{"from":[15.341009,-0.6199999,8.399082],"to":[21.341007,9.046667,8.432416],"faces":{"east":{"uv":[10.875,11.375,10.9375,13.1875],"tintindex":0,"rotation":0,"texture":"#0"},"south":{"uv":[6.1875,11.0,5.0625,12.8125],"tintindex":0,"rotation":0,"texture":"#0"},"north":{"uv":[5.0625,11.0,6.1875,12.8125],"tintindex":0,"rotation":0,"texture":"#0"},"west":{"uv":[10.9375,11.375,11.0,13.1875],"tintindex":0,"rotation":0,"texture":"#0"},"up":{"uv":[13.375,6.8125,12.25,6.75],"tintindex":0,"rotation":0,"texture":"#0"},"down":{"uv":[13.375,6.8125,12.25,6.875],"tintindex":0,"rotation":0,"texture":"#0"}},"rotation":{"origin":[7.983935,11.857779,8.156186],"angle":22.5,"axis":"y"}},{"from":[15.135437,0.3800001,7.515892],"to":[22.135437,9.713334,7.5492253],"faces":{"east":{"uv":[11.375,0.0,11.4375,1.75],"tintindex":0,"rotation":0,"texture":"#0"},"south":{"uv":[2.8125,8.75,1.5,10.5],"tintindex":0,"rotation":0,"texture":"#0"},"north":{"uv":[1.5,8.75,2.8125,10.5],"tintindex":0,"rotation":0,"texture":"#0"},"west":{"uv":[11.4375,0.0,11.5,1.75],"tintindex":0,"rotation":0,"texture":"#0"},"up":{"uv":[13.5625,5.8125,12.25,5.75],"tintindex":0,"rotation":0,"texture":"#0"},"down":{"uv":[13.5625,5.8125,12.25,5.875],"tintindex":0,"rotation":0,"texture":"#0"}}},{"from":[15.135437,0.3800001,8.79648],"to":[22.135437,9.713334,8.829814],"faces":{"east":{"uv":[11.4375,0.0,11.375,1.75],"tintindex":0,"rotation":0,"texture":"#0"},"south":{"uv":[2.8125,8.75,1.5,10.5],"tintindex":0,"rotation":0,"texture":"#0"},"north":{"uv":[1.5,8.75,2.8125,10.5],"tintindex":0,"rotation":0,"texture":"#0"},"west":{"uv":[11.5,0.0,11.4375,1.75],"tintindex":0,"rotation":0,"texture":"#0"},"up":{"uv":[13.5625,5.75,12.25,5.8125],"tintindex":0,"rotation":0,"texture":"#0"},"down":{"uv":[13.5625,5.875,12.25,5.8125],"tintindex":0,"rotation":0,"texture":"#0"}}},{"from":[6.802104,14.168889,6.5325584],"to":[9.135437,19.16889,8.865892],"faces":{"east":{"uv":[7.375,2.1875,7.8125,3.125],"tintindex":0,"rotation":0,"texture":"#0"},"south":{"uv":[7.375,2.1875,7.8125,3.125],"tintindex":0,"rotation":0,"texture":"#0"},"north":{"uv":[7.375,2.1875,7.8125,3.125],"tintindex":0,"rotation":0,"texture":"#0"},"west":{"uv":[7.375,2.1875,7.8125,3.125],"tintindex":0,"rotation":0,"texture":"#0"},"up":{"uv":[7.375,2.1875,7.8125,2.625],"tintindex":0,"rotation":0,"texture":"#0"},"down":{"uv":[7.375,2.1875,7.8125,2.625],"tintindex":0,"rotation":0,"texture":"#0"}}}],"display":{"gui":{"rotation":[30,225,0]}}}