{"textures":{"0":"modelengine:entity/gargoyle_stone"},"elements":[{"from":[16.404274,10.344107,9.254397],"to":[16.404274,14.950554,18.467289],"faces":{"east":{"uv":[0.746,6.879,0.004,7.246],"tintindex":0,"rotation":0,"texture":"#0"},"west":{"uv":[0.004,6.879,0.746,7.246],"tintindex":0,"rotation":0,"texture":"#0"}},"rotation":{"origin":[8.0,0.059244156,19.420362],"angle":22.5,"axis":"y"}},{"from":[9.535482,10.2185135,4.524746],"to":[11.838705,14.824959,6.8279686],"faces":{"east":{"uv":[8.754,2.504,8.9375,2.871],"tintindex":0,"rotation":0,"texture":"#0"},"south":{"uv":[8.754,3.004,8.9375,3.371],"tintindex":0,"rotation":0,"texture":"#0"},"north":{"uv":[2.504,8.754,2.6875,9.121],"tintindex":0,"rotation":0,"texture":"#0"},"west":{"uv":[8.754,3.504,8.9375,3.871],"tintindex":0,"rotation":0,"texture":"#0"},"up":{"uv":[8.8125,9.4375,8.629,9.254],"tintindex":0,"rotation":0,"texture":"#0"},"down":{"uv":[0.9375,9.379,0.754,9.5625],"tintindex":0,"rotation":0,"texture":"#0"}},"rotation":{"origin":[8.0,0.059244156,19.420362],"angle":22.5,"axis":"x"}},{"from":[15.636532,10.344107,9.254397],"to":[17.172014,13.41507,15.396326],"faces":{"east":{"uv":[8.129,2.504,8.621,2.746],"tintindex":0,"rotation":0,"texture":"#0"},"south":{"uv":[9.504,1.879,9.621,2.121],"tintindex":0,"rotation":0,"texture":"#0"},"north":{"uv":[9.504,1.504,9.621,1.746],"tintindex":0,"rotation":0,"texture":"#0"},"west":{"uv":[8.129,2.879,8.621,3.121],"tintindex":0,"rotation":0,"texture":"#0"},"up":{"uv":[8.996,9.121,8.879,8.629],"tintindex":0,"rotation":0,"texture":"#0"},"down":{"uv":[9.121,6.129,9.004,6.621],"tintindex":0,"rotation":0,"texture":"#0"}},"rotation":{"origin":[8.0,0.059244156,19.420362],"angle":22.5,"axis":"y"}},{"from":[3.7774243,15.541382,11.56104],"to":[6.8483887,18.612347,17.702969],"faces":{"east":{"uv":[4.504,3.629,4.996,3.871],"tintindex":0,"rotation":0,"texture":"#0"},"south":{"uv":[8.754,5.004,8.996,5.246],"tintindex":0,"rotation":0,"texture":"#0"},"north":{"uv":[8.754,1.254,8.996,1.496],"tintindex":0,"rotation":0,"texture":"#0"},"west":{"uv":[1.254,8.004,1.746,8.246],"tintindex":0,"rotation":0,"texture":"#0"},"up":{"uv":[3.246,8.496,3.004,8.004],"tintindex":0,"rotation":0,"texture":"#0"},"down":{"uv":[7.246,8.004,7.004,8.496],"tintindex":0,"rotation":0,"texture":"#0"}},"rotation":{"origin":[8.0,0.059244156,19.420362],"angle":-22.5,"axis":"x"}},{"from":[9.151611,15.541382,11.56104],"to":[12.222576,18.612347,17.702969],"faces":{"east":{"uv":[1.879,8.129,2.371,8.371],"tintindex":0,"rotation":0,"texture":"#0"},"south":{"uv":[8.879,7.879,9.121,8.121],"tintindex":0,"rotation":0,"texture":"#0"},"north":{"uv":[8.879,5.754,9.121,5.996],"tintindex":0,"rotation":0,"texture":"#0"},"west":{"uv":[8.129,2.129,8.621,2.371],"tintindex":0,"rotation":0,"texture":"#0"},"up":{"uv":[7.621,8.496,7.379,8.004],"tintindex":0,"rotation":0,"texture":"#0"},"down":{"uv":[2.746,8.129,2.504,8.621],"tintindex":0,"rotation":0,"texture":"#0"}},"rotation":{"origin":[8.0,0.059244156,19.420362],"angle":-22.5,"axis":"x"}},{"from":[-1.1720142,10.344107,9.254397],"to":[0.36346817,13.41507,15.396326],"faces":{"east":{"uv":[8.129,0.879,8.621,1.121],"tintindex":0,"rotation":0,"texture":"#0"},"south":{"uv":[5.504,7.879,5.621,8.121],"tintindex":0,"rotation":0,"texture":"#0"},"north":{"uv":[6.754,1.004,6.871,1.246],"tintindex":0,"rotation":0,"texture":"#0"},"west":{"uv":[8.129,1.254,8.621,1.496],"tintindex":0,"rotation":0,"texture":"#0"},"up":{"uv":[6.121,9.246,6.004,8.754],"tintindex":0,"rotation":0,"texture":"#0"},"down":{"uv":[2.371,8.879,2.254,9.371],"tintindex":0,"rotation":0,"texture":"#0"}},"rotation":{"origin":[8.0,0.059244156,19.420362],"angle":-22.5,"axis":"y"}},{"from":[4.161295,10.2185135,4.524746],"to":[6.464518,14.824959,6.8279686],"faces":{"east":{"uv":[0.379,8.754,0.5625,9.121],"tintindex":0,"rotation":0,"texture":"#0"},"south":{"uv":[8.754,0.754,8.9375,1.121],"tintindex":0,"rotation":0,"texture":"#0"},"north":{"uv":[0.004,8.754,0.1875,9.121],"tintindex":0,"rotation":0,"texture":"#0"},"west":{"uv":[8.754,2.004,8.9375,2.371],"tintindex":0,"rotation":0,"texture":"#0"},"up":{"uv":[9.4375,7.0625,9.254,6.879],"tintindex":0,"rotation":0,"texture":"#0"},"down":{"uv":[8.4375,9.254,8.254,9.4375],"tintindex":0,"rotation":0,"texture":"#0"}},"rotation":{"origin":[8.0,0.059244156,19.420362],"angle":22.5,"axis":"x"}},{"from":[3.4127474,9.420324,6.8932524],"to":[12.587253,13.259029,13.035181],"faces":{"east":{"uv":[7.754,3.754,8.246,4.0625],"tintindex":0,"rotation":0,"texture":"#0"},"south":{"uv":[7.004,5.879,7.746,6.1875],"tintindex":0,"rotation":0,"texture":"#0"},"north":{"uv":[6.879,4.129,7.621,4.4375],"tintindex":0,"rotation":0,"texture":"#0"},"west":{"uv":[4.129,7.754,4.621,8.0625],"tintindex":0,"rotation":0,"texture":"#0"},"up":{"uv":[6.121,2.996,5.379,2.504],"tintindex":0,"rotation":0,"texture":"#0"},"down":{"uv":[6.246,0.004,5.504,0.496],"tintindex":0,"rotation":0,"texture":"#0"}},"rotation":{"origin":[8.0,0.059244156,19.420362],"angle":-22.5,"axis":"x"}},{"from":[-0.40427303,10.344107,9.254397],"to":[-0.40427303,14.950554,18.467289],"faces":{"east":{"uv":[0.746,6.879,0.004,7.246],"tintindex":0,"rotation":0,"texture":"#0"},"west":{"uv":[0.004,6.879,0.746,7.246],"tintindex":0,"rotation":0,"texture":"#0"}},"rotation":{"origin":[8.0,0.059244156,19.420362],"angle":-22.5,"axis":"y"}},{"from":[4.545165,18.368172,11.107876],"to":[6.0806475,21.439133,12.643358],"faces":{"east":{"uv":[9.504,4.504,9.621,4.746],"tintindex":0,"rotation":0,"texture":"#0"},"south":{"uv":[9.504,5.379,9.621,5.621],"tintindex":0,"rotation":0,"texture":"#0"},"north":{"uv":[9.504,4.129,9.621,4.371],"tintindex":0,"rotation":0,"texture":"#0"},"west":{"uv":[9.504,5.754,9.621,5.996],"tintindex":0,"rotation":0,"texture":"#0"},"up":{"uv":[9.746,5.246,9.629,5.129],"tintindex":0,"rotation":0,"texture":"#0"},"down":{"uv":[9.746,6.879,9.629,6.996],"tintindex":0,"rotation":0,"texture":"#0"}}},{"from":[3.7774243,3.9138374,-0.34195423],"to":[3.7774243,6.9848003,4.264492],"faces":{"east":{"uv":[8.379,6.754,8.746,6.996],"tintindex":0,"rotation":0,"texture":"#0"},"west":{"uv":[8.746,6.754,8.379,6.996],"tintindex":0,"rotation":0,"texture":"#0"}}},{"from":[12.222576,3.9138374,-0.34195423],"to":[12.222576,6.9848003,4.264492],"faces":{"east":{"uv":[8.379,6.754,8.746,6.996],"tintindex":0,"rotation":0,"texture":"#0"},"west":{"uv":[8.746,6.754,8.379,6.996],"tintindex":0,"rotation":0,"texture":"#0"}}},{"from":[9.919353,18.368172,11.107876],"to":[11.454835,21.439133,12.643358],"faces":{"east":{"uv":[9.504,6.504,9.621,6.746],"tintindex":0,"rotation":0,"texture":"#0"},"south":{"uv":[9.504,7.629,9.621,7.871],"tintindex":0,"rotation":0,"texture":"#0"},"north":{"uv":[9.504,6.129,9.621,6.371],"tintindex":0,"rotation":0,"texture":"#0"},"west":{"uv":[0.004,9.629,0.121,9.871],"tintindex":0,"rotation":0,"texture":"#0"},"up":{"uv":[7.746,9.746,7.629,9.629],"tintindex":0,"rotation":0,"texture":"#0"},"down":{"uv":[8.371,9.629,8.254,9.746],"tintindex":0,"rotation":0,"texture":"#0"}}},{"from":[6.464518,6.9848003,-1.8774357],"to":[9.535482,13.126728,-0.34195423],"faces":{"east":{"uv":[3.379,6.754,3.496,7.246],"tintindex":0,"rotation":0,"texture":"#0"},"south":{"uv":[7.879,7.879,8.121,8.371],"tintindex":0,"rotation":0,"texture":"#0"},"north":{"uv":[3.879,5.004,4.121,5.496],"tintindex":0,"rotation":0,"texture":"#0"},"west":{"uv":[7.504,8.629,7.621,9.121],"tintindex":0,"rotation":0,"texture":"#0"},"up":{"uv":[6.746,2.371,6.504,2.254],"tintindex":0,"rotation":0,"texture":"#0"},"down":{"uv":[7.246,2.879,7.004,2.996],"tintindex":0,"rotation":0,"texture":"#0"}}},{"from":[3.3935537,6.9848003,-0.34195423],"to":[12.606446,14.662212,8.870938],"faces":{"east":{"uv":[4.629,0.004,5.371,0.621],"tintindex":0,"rotation":0,"texture":"#0"},"south":{"uv":[4.629,0.754,5.371,1.371],"tintindex":0,"rotation":0,"texture":"#0"},"north":{"uv":[4.504,2.879,5.246,3.496],"tintindex":0,"rotation":0,"texture":"#0"},"west":{"uv":[4.254,4.879,4.996,5.496],"tintindex":0,"rotation":0,"texture":"#0"},"up":{"uv":[0.746,4.996,0.004,4.254],"tintindex":0,"rotation":0,"texture":"#0"},"down":{"uv":[1.621,4.254,0.879,4.996],"tintindex":0,"rotation":0,"texture":"#0"}}}],"display":{"gui":{"rotation":[30,225,0]}}}