{"textures":{"0":"modelengine:entity/gargoyle_stone"},"elements":[{"from":[0.3225894,8.0,-2.3815584],"to":[15.67741,14.14193,-2.3815584],"faces":{"south":{"uv":[5.371,7.879,4.754,8.121],"tintindex":0,"rotation":0,"texture":"#0"},"north":{"uv":[4.754,7.879,5.371,8.121],"tintindex":0,"rotation":0,"texture":"#0"}}},{"from":[0.3225894,1.8580742,-2.7654295],"to":[15.67741,8.0,7.9829454],"faces":{"east":{"uv":[8.129,5.004,8.5625,5.246],"tintindex":0,"rotation":0,"texture":"#0"},"south":{"uv":[7.754,1.754,8.371,1.996],"tintindex":0,"rotation":0,"texture":"#0"},"north":{"uv":[7.629,7.004,8.246,7.246],"tintindex":0,"rotation":0,"texture":"#0"},"west":{"uv":[8.254,7.879,8.6875,8.121],"tintindex":0,"rotation":0,"texture":"#0"},"up":{"uv":[7.621,1.4375,7.004,1.004],"tintindex":0,"rotation":0,"texture":"#0"},"down":{"uv":[7.621,1.629,7.004,2.0625],"tintindex":0,"rotation":0,"texture":"#0"}}}],"display":{"gui":{"rotation":[30,225,0]}}}