{"textures":{"0":"modelengine:entity/gargoyle_stone"},"elements":[{"from":[14.454163,-11.224909,1.0903306],"to":[19.060608,-2.0120163,5.696777],"faces":{"east":{"uv":[4.129,8.754,4.3125,9.121],"tintindex":0,"rotation":0,"texture":"#0"},"south":{"uv":[4.504,8.754,4.6875,9.121],"tintindex":0,"rotation":0,"texture":"#0"},"north":{"uv":[3.754,8.754,3.9375,9.121],"tintindex":0,"rotation":0,"texture":"#0"},"west":{"uv":[8.754,4.504,8.9375,4.871],"tintindex":0,"rotation":0,"texture":"#0"},"up":{"uv":[1.5625,9.5625,1.379,9.379],"tintindex":0,"rotation":0,"texture":"#0"},"down":{"uv":[1.9375,9.379,1.754,9.5625],"tintindex":0,"rotation":0,"texture":"#0"}},"rotation":{"origin":[37.484814,20.67936,22.341408],"angle":-22.5,"axis":"z"}},{"from":[14.454163,-11.224909,5.696777],"to":[19.060608,-2.0120163,10.303223],"faces":{"east":{"uv":[1.879,8.879,2.0625,9.246],"tintindex":0,"rotation":0,"texture":"#0"},"south":{"uv":[3.254,8.879,3.4375,9.246],"tintindex":0,"rotation":0,"texture":"#0"},"north":{"uv":[1.504,8.879,1.6875,9.246],"tintindex":0,"rotation":0,"texture":"#0"},"west":{"uv":[8.879,6.754,9.0625,7.121],"tintindex":0,"rotation":0,"texture":"#0"},"up":{"uv":[6.4375,9.5625,6.254,9.379],"tintindex":0,"rotation":0,"texture":"#0"},"down":{"uv":[6.8125,9.379,6.629,9.5625],"tintindex":0,"rotation":0,"texture":"#0"}},"rotation":{"origin":[37.484814,20.67936,22.341408],"angle":-22.5,"axis":"z"}},{"from":[-0.31287003,5.285015,1.8580718],"to":[2.758091,14.497906,4.929036],"faces":{"east":{"uv":[3.629,9.254,3.746,9.621],"tintindex":0,"rotation":0,"texture":"#0"},"south":{"uv":[3.879,9.254,3.996,9.621],"tintindex":0,"rotation":0,"texture":"#0"},"north":{"uv":[3.004,9.254,3.121,9.621],"tintindex":0,"rotation":0,"texture":"#0"},"west":{"uv":[4.129,9.254,4.246,9.621],"tintindex":0,"rotation":0,"texture":"#0"},"up":{"uv":[7.496,2.996,7.379,2.879],"tintindex":0,"rotation":0,"texture":"#0"},"down":{"uv":[7.746,7.379,7.629,7.496],"tintindex":0,"rotation":0,"texture":"#0"}},"rotation":{"origin":[37.484814,20.67936,22.341408],"angle":22.5,"axis":"z"}},{"from":[-0.31287003,5.285015,6.464518],"to":[2.758091,14.497906,9.535482],"faces":{"east":{"uv":[9.254,5.379,9.371,5.746],"tintindex":0,"rotation":0,"texture":"#0"},"south":{"uv":[5.629,9.254,5.746,9.621],"tintindex":0,"rotation":0,"texture":"#0"},"north":{"uv":[5.379,9.254,5.496,9.621],"tintindex":0,"rotation":0,"texture":"#0"},"west":{"uv":[9.254,5.879,9.371,6.246],"tintindex":0,"rotation":0,"texture":"#0"},"up":{"uv":[0.371,9.746,0.254,9.629],"tintindex":0,"rotation":0,"texture":"#0"},"down":{"uv":[2.496,9.629,2.379,9.746],"tintindex":0,"rotation":0,"texture":"#0"}},"rotation":{"origin":[37.484814,20.67936,22.341408],"angle":22.5,"axis":"z"}},{"from":[14.454163,-11.224909,10.303223],"to":[19.060608,-2.0120163,14.90967],"faces":{"east":{"uv":[5.254,8.754,5.4375,9.121],"tintindex":0,"rotation":0,"texture":"#0"},"south":{"uv":[5.629,8.754,5.8125,9.121],"tintindex":0,"rotation":0,"texture":"#0"},"north":{"uv":[4.879,8.754,5.0625,9.121],"tintindex":0,"rotation":0,"texture":"#0"},"west":{"uv":[0.754,8.879,0.9375,9.246],"tintindex":0,"rotation":0,"texture":"#0"},"up":{"uv":[3.4375,9.5625,3.254,9.379],"tintindex":0,"rotation":0,"texture":"#0"},"down":{"uv":[6.0625,9.379,5.879,9.5625],"tintindex":0,"rotation":0,"texture":"#0"}},"rotation":{"origin":[37.484814,20.67936,22.341408],"angle":-22.5,"axis":"z"}},{"from":[-0.31287003,5.285015,11.070965],"to":[2.758091,14.497906,14.141928],"faces":{"east":{"uv":[4.629,9.254,4.746,9.621],"tintindex":0,"rotation":0,"texture":"#0"},"south":{"uv":[4.879,9.254,4.996,9.621],"tintindex":0,"rotation":0,"texture":"#0"},"north":{"uv":[4.379,9.254,4.496,9.621],"tintindex":0,"rotation":0,"texture":"#0"},"west":{"uv":[5.129,9.254,5.246,9.621],"tintindex":0,"rotation":0,"texture":"#0"},"up":{"uv":[8.246,6.871,8.129,6.754],"tintindex":0,"rotation":0,"texture":"#0"},"down":{"uv":[9.121,7.629,9.004,7.746],"tintindex":0,"rotation":0,"texture":"#0"}},"rotation":{"origin":[37.484814,20.67936,22.341408],"angle":22.5,"axis":"z"}}],"display":{"gui":{"rotation":[30,225,0]}}}