{"textures":{"0":"modelengine:entity/gargoyle_stone"},"elements":[{"from":[5.6967754,-5.7031727,14.304512],"to":[10.303223,1.9742374,18.91096],"faces":{"east":{"uv":[9.129,3.504,9.3125,3.8125],"tintindex":0,"rotation":0,"texture":"#0"},"south":{"uv":[9.129,4.004,9.3125,4.3125],"tintindex":0,"rotation":0,"texture":"#0"},"north":{"uv":[9.129,3.004,9.3125,3.3125],"tintindex":0,"rotation":0,"texture":"#0"},"west":{"uv":[9.129,4.504,9.3125,4.8125],"tintindex":0,"rotation":0,"texture":"#0"},"up":{"uv":[7.1875,9.5625,7.004,9.379],"tintindex":0,"rotation":0,"texture":"#0"},"down":{"uv":[9.5625,7.254,9.379,7.4375],"tintindex":0,"rotation":0,"texture":"#0"}},"rotation":{"origin":[28.850704,23.937424,29.05136],"angle":22.5,"axis":"x"}},{"from":[6.4645176,5.2788086,-1.0632668],"to":[9.535482,12.956221,2.0076966],"faces":{"east":{"uv":[7.379,9.254,7.496,9.5625],"tintindex":0,"rotation":0,"texture":"#0"},"south":{"uv":[9.254,7.629,9.371,7.9375],"tintindex":0,"rotation":0,"texture":"#0"},"north":{"uv":[9.254,6.379,9.371,6.6875],"tintindex":0,"rotation":0,"texture":"#0"},"west":{"uv":[8.004,9.254,8.121,9.5625],"tintindex":0,"rotation":0,"texture":"#0"},"up":{"uv":[2.746,9.746,2.629,9.629],"tintindex":0,"rotation":0,"texture":"#0"},"down":{"uv":[9.746,4.879,9.629,4.996],"tintindex":0,"rotation":0,"texture":"#0"}},"rotation":{"origin":[28.850704,23.937424,29.05136],"angle":-22.5,"axis":"x"}}],"display":{"gui":{"rotation":[30,225,0]}}}