{"textures":{"0":"modelengine:entity/gargoyle_stone"},"elements":[{"from":[3.36666,-3.333871,17.635645],"to":[12.579553,5.8790216,29.919502],"faces":{"east":{"uv":[4.629,1.504,5.121,1.871],"tintindex":0,"rotation":0,"texture":"#0"},"south":{"uv":[7.879,5.754,8.246,6.121],"tintindex":0,"rotation":0,"texture":"#0"},"north":{"uv":[0.754,7.879,1.121,8.246],"tintindex":0,"rotation":0,"texture":"#0"},"west":{"uv":[7.254,0.004,7.746,0.371],"tintindex":0,"rotation":0,"texture":"#0"},"up":{"uv":[7.996,2.746,7.629,2.254],"tintindex":0,"rotation":0,"texture":"#0"},"down":{"uv":[7.996,6.379,7.629,6.871],"tintindex":0,"rotation":0,"texture":"#0"}},"rotation":{"origin":[17.185999,31.003595,29.861563],"angle":22.5,"axis":"x"}}],"display":{"gui":{"rotation":[30,225,0]}}}