{"textures":{"0":"modelengine:entity/gargoyle_stone"},"elements":[{"from":[-2.5892105,-8.386578,8.499018],"to":[2.0172353,2.3617954,8.499018],"faces":{"south":{"uv":[2.871,5.879,2.504,6.746],"tintindex":0,"rotation":0,"texture":"#0"},"north":{"uv":[2.504,5.879,2.871,6.746],"tintindex":0,"rotation":0,"texture":"#0"}},"rotation":{"origin":[14.471935,-0.13487053,15.618822],"angle":-45.0,"axis":"z"}},{"from":[2.0172353,-8.386578,5.428054],"to":[6.623682,2.3617954,11.569983],"faces":{"east":{"uv":[3.254,5.004,3.746,5.871],"tintindex":0,"rotation":0,"texture":"#0"},"south":{"uv":[5.754,4.129,6.121,4.996],"tintindex":0,"rotation":0,"texture":"#0"},"north":{"uv":[5.754,3.129,6.121,3.996],"tintindex":0,"rotation":0,"texture":"#0"},"west":{"uv":[0.004,5.129,0.496,5.996],"tintindex":0,"rotation":0,"texture":"#0"},"up":{"uv":[2.371,7.996,2.004,7.504],"tintindex":0,"rotation":0,"texture":"#0"},"down":{"uv":[2.871,7.504,2.504,7.996],"tintindex":0,"rotation":0,"texture":"#0"}},"rotation":{"origin":[14.471935,-0.13487053,15.618822],"angle":-45.0,"axis":"z"}}],"display":{"gui":{"rotation":[30,225,0]}}}