{"textures":{"0":"modelengine:entity/gargoyle_stone"},"elements":[{"from":[5.7390757,4.4554963,-2.6186895],"to":[5.7390757,6.7587194,1.2200155],"faces":{"east":{"uv":[9.4375,8.629,9.129,8.8125],"tintindex":0,"rotation":0,"texture":"#0"},"west":{"uv":[9.129,8.629,9.4375,8.8125],"tintindex":0,"rotation":0,"texture":"#0"}},"rotation":{"origin":[12.589157,25.45429,15.197686],"angle":-22.5,"axis":"y"}},{"from":[5.2956176,10.415688,-3.3959808],"to":[10.669806,12.71891,3.513688],"faces":{"east":{"uv":[8.254,8.254,8.8125,8.4375],"tintindex":0,"rotation":0,"texture":"#0"},"south":{"uv":[8.504,0.379,8.9375,0.5625],"tintindex":0,"rotation":0,"texture":"#0"},"north":{"uv":[8.379,7.504,8.8125,7.6875],"tintindex":0,"rotation":0,"texture":"#0"},"west":{"uv":[0.004,8.379,0.5625,8.5625],"tintindex":0,"rotation":0,"texture":"#0"},"up":{"uv":[4.5625,7.5625,4.129,7.004],"tintindex":0,"rotation":0,"texture":"#0"},"down":{"uv":[5.1875,7.004,4.754,7.5625],"tintindex":0,"rotation":0,"texture":"#0"}},"rotation":{"origin":[12.589157,25.45429,15.197686],"angle":-22.5,"axis":"x"}},{"from":[4.624578,4.4554963,1.2266521],"to":[6.927801,6.7587194,6.6008396],"faces":{"east":{"uv":[8.504,4.129,8.9375,4.3125],"tintindex":0,"rotation":0,"texture":"#0"},"south":{"uv":[9.504,0.379,9.6875,0.5625],"tintindex":0,"rotation":0,"texture":"#0"},"north":{"uv":[9.379,9.379,9.5625,9.5625],"tintindex":0,"rotation":0,"texture":"#0"},"west":{"uv":[8.629,0.004,9.0625,0.1875],"tintindex":0,"rotation":0,"texture":"#0"},"up":{"uv":[3.0625,9.0625,2.879,8.629],"tintindex":0,"rotation":0,"texture":"#0"},"down":{"uv":[8.8125,6.129,8.629,6.5625],"tintindex":0,"rotation":0,"texture":"#0"}},"rotation":{"origin":[12.589157,25.45429,15.197686],"angle":-22.5,"axis":"y"}},{"from":[9.889019,4.4554963,-2.2753735],"to":[12.192242,6.7587194,3.0988135],"faces":{"east":{"uv":[8.629,5.379,9.0625,5.5625],"tintindex":0,"rotation":0,"texture":"#0"},"south":{"uv":[9.504,1.129,9.6875,1.3125],"tintindex":0,"rotation":0,"texture":"#0"},"north":{"uv":[9.504,0.754,9.6875,0.9375],"tintindex":0,"rotation":0,"texture":"#0"},"west":{"uv":[6.879,8.629,7.3125,8.8125],"tintindex":0,"rotation":0,"texture":"#0"},"up":{"uv":[8.3125,9.0625,8.129,8.629],"tintindex":0,"rotation":0,"texture":"#0"},"down":{"uv":[8.6875,8.629,8.504,9.0625],"tintindex":0,"rotation":0,"texture":"#0"}},"rotation":{"origin":[12.589157,25.45429,15.197686],"angle":22.5,"axis":"y"}},{"from":[6.8311,4.4554963,-1.5855694],"to":[9.134323,6.7587194,3.788618],"faces":{"east":{"uv":[8.504,1.629,8.9375,1.8125],"tintindex":0,"rotation":0,"texture":"#0"},"south":{"uv":[9.004,9.379,9.1875,9.5625],"tintindex":0,"rotation":0,"texture":"#0"},"north":{"uv":[9.379,8.129,9.5625,8.3125],"tintindex":0,"rotation":0,"texture":"#0"},"west":{"uv":[1.879,8.504,2.3125,8.6875],"tintindex":0,"rotation":0,"texture":"#0"},"up":{"uv":[6.4375,8.8125,6.254,8.379],"tintindex":0,"rotation":0,"texture":"#0"},"down":{"uv":[7.9375,8.504,7.754,8.9375],"tintindex":0,"rotation":0,"texture":"#0"}}},{"from":[10.8840885,4.4554963,-6.108917],"to":[10.8840885,6.7587194,-2.2702122],"faces":{"east":{"uv":[9.4375,8.629,9.129,8.8125],"tintindex":0,"rotation":0,"texture":"#0"},"west":{"uv":[9.129,8.629,9.4375,8.8125],"tintindex":0,"rotation":0,"texture":"#0"}},"rotation":{"origin":[12.589157,25.45429,15.197686],"angle":22.5,"axis":"y"}},{"from":[7.9827113,4.4554963,-5.4242744],"to":[7.9827113,6.7587194,-1.5855694],"faces":{"east":{"uv":[9.4375,8.629,9.129,8.8125],"tintindex":0,"rotation":0,"texture":"#0"},"west":{"uv":[9.129,8.629,9.4375,8.8125],"tintindex":0,"rotation":0,"texture":"#0"}}}],"display":{"gui":{"rotation":[30,225,0]}}}