{"textures":{"0":"modelengine:entity/gargoyle_stone"},"elements":[{"from":[6.976345,-1.786356,16.893723],"to":[9.023655,5.3792267,18.941032],"faces":{"east":{"uv":[0.004,7.379,0.246,8.246],"tintindex":0,"rotation":0,"texture":"#0"},"south":{"uv":[0.379,7.379,0.621,8.246],"tintindex":0,"rotation":0,"texture":"#0"},"north":{"uv":[6.629,7.129,6.871,7.996],"tintindex":0,"rotation":0,"texture":"#0"},"west":{"uv":[3.379,7.379,3.621,8.246],"tintindex":0,"rotation":0,"texture":"#0"},"up":{"uv":[9.371,1.746,9.129,1.504],"tintindex":0,"rotation":0,"texture":"#0"},"down":{"uv":[9.371,1.879,9.129,2.121],"tintindex":0,"rotation":0,"texture":"#0"}}},{"from":[7.027528,13.535944,8.348384],"to":[8.972472,15.583254,17.561277],"faces":{"east":{"uv":[4.129,6.629,5.246,6.871],"tintindex":0,"rotation":0,"texture":"#0"},"south":{"uv":[9.129,0.379,9.371,0.621],"tintindex":0,"rotation":0,"texture":"#0"},"north":{"uv":[9.004,8.254,9.246,8.496],"tintindex":0,"rotation":0,"texture":"#0"},"west":{"uv":[6.629,5.504,7.746,5.746],"tintindex":0,"rotation":0,"texture":"#0"},"up":{"uv":[6.121,7.371,5.879,6.254],"tintindex":0,"rotation":0,"texture":"#0"},"down":{"uv":[5.621,6.629,5.379,7.746],"tintindex":0,"rotation":0,"texture":"#0"}},"rotation":{"origin":[10.04731,1.0838876,10.711407],"angle":22.5,"axis":"x"}},{"from":[6.976345,15.053577,11.491194],"to":[9.023655,17.100887,18.656776],"faces":{"east":{"uv":[7.129,4.629,7.996,4.871],"tintindex":0,"rotation":0,"texture":"#0"},"south":{"uv":[9.129,1.129,9.371,1.371],"tintindex":0,"rotation":0,"texture":"#0"},"north":{"uv":[9.129,0.754,9.371,0.996],"tintindex":0,"rotation":0,"texture":"#0"},"west":{"uv":[7.129,5.004,7.996,5.246],"tintindex":0,"rotation":0,"texture":"#0"},"up":{"uv":[1.121,7.746,0.879,6.879],"tintindex":0,"rotation":0,"texture":"#0"},"down":{"uv":[6.496,6.879,6.254,7.746],"tintindex":0,"rotation":0,"texture":"#0"}},"rotation":{"origin":[10.04731,1.0838876,10.711407],"angle":45.0,"axis":"x"}},{"from":[7.001937,1.9029222,17.911034],"to":[8.998063,11.115816,19.958344],"faces":{"east":{"uv":[1.254,6.754,1.496,7.871],"tintindex":0,"rotation":0,"texture":"#0"},"south":{"uv":[1.629,6.754,1.871,7.871],"tintindex":0,"rotation":0,"texture":"#0"},"north":{"uv":[6.629,5.879,6.871,6.996],"tintindex":0,"rotation":0,"texture":"#0"},"west":{"uv":[3.004,6.754,3.246,7.871],"tintindex":0,"rotation":0,"texture":"#0"},"up":{"uv":[9.371,2.496,9.129,2.254],"tintindex":0,"rotation":0,"texture":"#0"},"down":{"uv":[9.371,2.629,9.129,2.871],"tintindex":0,"rotation":0,"texture":"#0"}},"rotation":{"origin":[10.04731,1.0838876,10.711407],"angle":-22.5,"axis":"x"}},{"from":[8.0,-1.9508829,8.017832],"to":[8.0,14.427593,27.467274],"faces":{"east":{"uv":[2.371,2.129,0.004,4.121],"tintindex":0,"rotation":0,"texture":"#0"},"west":{"uv":[0.004,2.129,2.371,4.121],"tintindex":0,"rotation":0,"texture":"#0"}}},{"from":[8.0,12.268032,8.388391],"to":[8.0,16.362652,14.530319],"faces":{"east":{"uv":[6.121,5.629,5.379,6.121],"tintindex":0,"rotation":0,"texture":"#0"},"west":{"uv":[5.379,5.629,6.121,6.121],"tintindex":0,"rotation":0,"texture":"#0"}}},{"from":[6.976345,6.808923,13.123913],"to":[9.023655,8.856232,23.360462],"faces":{"east":{"uv":[5.754,5.129,6.996,5.371],"tintindex":0,"rotation":0,"texture":"#0"},"south":{"uv":[9.004,7.254,9.246,7.496],"tintindex":0,"rotation":0,"texture":"#0"},"north":{"uv":[7.004,9.004,7.246,9.246],"tintindex":0,"rotation":0,"texture":"#0"},"west":{"uv":[4.504,6.254,5.746,6.496],"tintindex":0,"rotation":0,"texture":"#0"},"up":{"uv":[2.246,7.371,2.004,6.129],"tintindex":0,"rotation":0,"texture":"#0"},"down":{"uv":[6.496,5.504,6.254,6.746],"tintindex":0,"rotation":0,"texture":"#0"}},"rotation":{"origin":[10.04731,1.0838876,10.711407],"angle":-45.0,"axis":"x"}}],"display":{"gui":{"rotation":[30,225,0]}}}