{"textures":{"0":"modelengine:entity/gargoyle_stone"},"elements":[{"from":[7.2910514,-4.946863,5.6984453],"to":[7.2910514,5.801512,11.072633],"faces":{"east":{"uv":[5.8125,1.504,5.379,2.371],"tintindex":0,"rotation":0,"texture":"#0"},"west":{"uv":[5.379,1.504,5.8125,2.371],"tintindex":0,"rotation":0,"texture":"#0"}},"rotation":{"origin":[12.665239,13.376632,14.968735],"angle":45.0,"axis":"x"}},{"from":[4.9878283,-4.946863,11.072633],"to":[11.129757,5.801512,16.44682],"faces":{"east":{"uv":[1.879,5.129,2.3125,5.996],"tintindex":0,"rotation":0,"texture":"#0"},"south":{"uv":[1.254,5.129,1.746,5.996],"tintindex":0,"rotation":0,"texture":"#0"},"north":{"uv":[0.629,5.129,1.121,5.996],"tintindex":0,"rotation":0,"texture":"#0"},"west":{"uv":[5.129,3.629,5.5625,4.496],"tintindex":0,"rotation":0,"texture":"#0"},"up":{"uv":[7.496,6.8125,7.004,6.379],"tintindex":0,"rotation":0,"texture":"#0"},"down":{"uv":[7.496,7.004,7.004,7.4375],"tintindex":0,"rotation":0,"texture":"#0"}},"rotation":{"origin":[12.665239,13.376632,14.968735],"angle":45.0,"axis":"x"}}],"display":{"gui":{"rotation":[30,225,0]}}}