{"textures":{"0":"modelengine:entity/gargoyle_stone"},"elements":[{"from":[1.6387463,-8.6939125,1.3723712],"to":[13.922602,9.731873,16.727192],"faces":{"east":{"uv":[1.754,4.254,2.371,4.996],"tintindex":0,"rotation":0,"texture":"#0"},"south":{"uv":[3.879,5.629,4.371,6.371],"tintindex":0,"rotation":0,"texture":"#0"},"north":{"uv":[5.504,0.629,5.996,1.371],"tintindex":0,"rotation":0,"texture":"#0"},"west":{"uv":[2.504,5.004,3.121,5.746],"tintindex":0,"rotation":0,"texture":"#0"},"up":{"uv":[3.496,6.621,3.004,6.004],"tintindex":0,"rotation":0,"texture":"#0"},"down":{"uv":[0.496,6.129,0.004,6.746],"tintindex":0,"rotation":0,"texture":"#0"}}},{"from":[-1.1936417,-8.6939125,5.9030657],"to":[1.877325,9.731873,12.044994],"faces":{"east":{"uv":[3.754,7.379,3.996,8.121],"tintindex":0,"rotation":0,"texture":"#0"},"south":{"uv":[1.254,8.379,1.371,9.121],"tintindex":0,"rotation":0,"texture":"#0"},"north":{"uv":[6.629,8.129,6.746,8.871],"tintindex":0,"rotation":0,"texture":"#0"},"west":{"uv":[5.754,7.504,5.996,8.246],"tintindex":0,"rotation":0,"texture":"#0"},"up":{"uv":[2.246,9.746,2.129,9.504],"tintindex":0,"rotation":0,"texture":"#0"},"down":{"uv":[9.621,2.254,9.504,2.496],"tintindex":0,"rotation":0,"texture":"#0"}}},{"from":[1.6387463,-14.835842,1.3723712],"to":[13.922602,-8.6939125,16.727192],"faces":{"east":{"uv":[7.754,4.254,8.371,4.496],"tintindex":0,"rotation":0,"texture":"#0"},"south":{"uv":[8.129,4.629,8.621,4.871],"tintindex":0,"rotation":0,"texture":"#0"},"north":{"uv":[8.129,3.254,8.621,3.496],"tintindex":0,"rotation":0,"texture":"#0"},"west":{"uv":[7.879,0.004,8.496,0.246],"tintindex":0,"rotation":0,"texture":"#0"},"up":{"uv":[1.121,6.746,0.629,6.129],"tintindex":0,"rotation":0,"texture":"#0"},"down":{"uv":[6.621,0.629,6.129,1.246],"tintindex":0,"rotation":0,"texture":"#0"}}},{"from":[5.643154,-5.6229477,0.36649513],"to":[8.714119,3.589943,6.5084233],"faces":{"east":{"uv":[3.379,8.379,3.621,8.746],"tintindex":0,"rotation":0,"texture":"#0"},"south":{"uv":[1.129,9.254,1.246,9.621],"tintindex":0,"rotation":0,"texture":"#0"},"north":{"uv":[0.504,9.254,0.621,9.621],"tintindex":0,"rotation":0,"texture":"#0"},"west":{"uv":[8.379,3.629,8.621,3.996],"tintindex":0,"rotation":0,"texture":"#0"},"up":{"uv":[9.621,3.621,9.504,3.379],"tintindex":0,"rotation":0,"texture":"#0"},"down":{"uv":[9.621,3.754,9.504,3.996],"tintindex":0,"rotation":0,"texture":"#0"}},"rotation":{"origin":[31.580647,3.4438667,23.39119],"angle":22.5,"axis":"y"}},{"from":[-5.391262,-5.6229477,13.634518],"to":[-2.3202972,3.589943,19.776447],"faces":{"east":{"uv":[5.379,3.129,5.621,3.496],"tintindex":0,"rotation":0,"texture":"#0"},"south":{"uv":[7.754,9.129,7.871,9.496],"tintindex":0,"rotation":0,"texture":"#0"},"north":{"uv":[3.629,6.004,3.746,6.371],"tintindex":0,"rotation":0,"texture":"#0"},"west":{"uv":[1.504,8.379,1.746,8.746],"tintindex":0,"rotation":0,"texture":"#0"},"up":{"uv":[9.621,2.871,9.504,2.629],"tintindex":0,"rotation":0,"texture":"#0"},"down":{"uv":[9.621,3.004,9.504,3.246],"tintindex":0,"rotation":0,"texture":"#0"}},"rotation":{"origin":[31.580647,3.4438667,23.39119],"angle":-22.5,"axis":"y"}}],"display":{"gui":{"rotation":[30,225,0]}}}