{"textures":{"0":"modelengine:entity/gargoyle_stone"},"elements":[{"from":[13.241909,5.285015,11.070965],"to":[16.31287,14.497906,14.141928],"faces":{"east":{"uv":[5.246,9.254,5.129,9.621],"tintindex":0,"rotation":0,"texture":"#0"},"south":{"uv":[4.996,9.254,4.879,9.621],"tintindex":0,"rotation":0,"texture":"#0"},"north":{"uv":[4.496,9.254,4.379,9.621],"tintindex":0,"rotation":0,"texture":"#0"},"west":{"uv":[4.746,9.254,4.629,9.621],"tintindex":0,"rotation":0,"texture":"#0"},"up":{"uv":[8.129,6.871,8.246,6.754],"tintindex":0,"rotation":0,"texture":"#0"},"down":{"uv":[9.004,7.629,9.121,7.746],"tintindex":0,"rotation":0,"texture":"#0"}},"rotation":{"origin":[-21.484814,20.67936,22.341408],"angle":-22.5,"axis":"z"}},{"from":[13.241909,5.285015,6.464518],"to":[16.31287,14.497906,9.535482],"faces":{"east":{"uv":[9.371,5.879,9.254,6.246],"tintindex":0,"rotation":0,"texture":"#0"},"south":{"uv":[5.746,9.254,5.629,9.621],"tintindex":0,"rotation":0,"texture":"#0"},"north":{"uv":[5.496,9.254,5.379,9.621],"tintindex":0,"rotation":0,"texture":"#0"},"west":{"uv":[9.371,5.379,9.254,5.746],"tintindex":0,"rotation":0,"texture":"#0"},"up":{"uv":[0.254,9.746,0.371,9.629],"tintindex":0,"rotation":0,"texture":"#0"},"down":{"uv":[2.379,9.629,2.496,9.746],"tintindex":0,"rotation":0,"texture":"#0"}},"rotation":{"origin":[-21.484814,20.67936,22.341408],"angle":-22.5,"axis":"z"}},{"from":[13.241909,5.285015,1.8580718],"to":[16.31287,14.497906,4.929036],"faces":{"east":{"uv":[4.246,9.254,4.129,9.621],"tintindex":0,"rotation":0,"texture":"#0"},"south":{"uv":[3.996,9.254,3.879,9.621],"tintindex":0,"rotation":0,"texture":"#0"},"north":{"uv":[3.121,9.254,3.004,9.621],"tintindex":0,"rotation":0,"texture":"#0"},"west":{"uv":[3.746,9.254,3.629,9.621],"tintindex":0,"rotation":0,"texture":"#0"},"up":{"uv":[7.379,2.996,7.496,2.879],"tintindex":0,"rotation":0,"texture":"#0"},"down":{"uv":[7.629,7.379,7.746,7.496],"tintindex":0,"rotation":0,"texture":"#0"}},"rotation":{"origin":[-21.484814,20.67936,22.341408],"angle":-22.5,"axis":"z"}},{"from":[-3.060608,-11.224909,10.303223],"to":[1.5458374,-2.0120163,14.90967],"faces":{"east":{"uv":[0.9375,8.879,0.754,9.246],"tintindex":0,"rotation":0,"texture":"#0"},"south":{"uv":[5.8125,8.754,5.629,9.121],"tintindex":0,"rotation":0,"texture":"#0"},"north":{"uv":[5.0625,8.754,4.879,9.121],"tintindex":0,"rotation":0,"texture":"#0"},"west":{"uv":[5.4375,8.754,5.254,9.121],"tintindex":0,"rotation":0,"texture":"#0"},"up":{"uv":[3.254,9.5625,3.4375,9.379],"tintindex":0,"rotation":0,"texture":"#0"},"down":{"uv":[5.879,9.379,6.0625,9.5625],"tintindex":0,"rotation":0,"texture":"#0"}},"rotation":{"origin":[-21.484814,20.67936,22.341408],"angle":22.5,"axis":"z"}},{"from":[-3.060608,-11.224909,5.696777],"to":[1.5458374,-2.0120163,10.303223],"faces":{"east":{"uv":[9.0625,6.754,8.879,7.121],"tintindex":0,"rotation":0,"texture":"#0"},"south":{"uv":[3.4375,8.879,3.254,9.246],"tintindex":0,"rotation":0,"texture":"#0"},"north":{"uv":[1.6875,8.879,1.504,9.246],"tintindex":0,"rotation":0,"texture":"#0"},"west":{"uv":[2.0625,8.879,1.879,9.246],"tintindex":0,"rotation":0,"texture":"#0"},"up":{"uv":[6.254,9.5625,6.4375,9.379],"tintindex":0,"rotation":0,"texture":"#0"},"down":{"uv":[6.629,9.379,6.8125,9.5625],"tintindex":0,"rotation":0,"texture":"#0"}},"rotation":{"origin":[-21.484814,20.67936,22.341408],"angle":22.5,"axis":"z"}},{"from":[-3.060608,-11.224909,1.0903306],"to":[1.5458374,-2.0120163,5.696777],"faces":{"east":{"uv":[8.9375,4.504,8.754,4.871],"tintindex":0,"rotation":0,"texture":"#0"},"south":{"uv":[4.6875,8.754,4.504,9.121],"tintindex":0,"rotation":0,"texture":"#0"},"north":{"uv":[3.9375,8.754,3.754,9.121],"tintindex":0,"rotation":0,"texture":"#0"},"west":{"uv":[4.3125,8.754,4.129,9.121],"tintindex":0,"rotation":0,"texture":"#0"},"up":{"uv":[1.379,9.5625,1.5625,9.379],"tintindex":0,"rotation":0,"texture":"#0"},"down":{"uv":[1.754,9.379,1.9375,9.5625],"tintindex":0,"rotation":0,"texture":"#0"}},"rotation":{"origin":[-21.484814,20.67936,22.341408],"angle":22.5,"axis":"z"}}],"display":{"gui":{"rotation":[30,225,0]}}}