{"textures":{"0":"modelengine:entity/gargoyle_stone"},"elements":[{"from":[9.376318,-8.386578,5.428054],"to":[13.982765,2.3617954,11.569983],"faces":{"east":{"uv":[0.496,5.129,0.004,5.996],"tintindex":0,"rotation":0,"texture":"#0"},"south":{"uv":[6.121,4.129,5.754,4.996],"tintindex":0,"rotation":0,"texture":"#0"},"north":{"uv":[6.121,3.129,5.754,3.996],"tintindex":0,"rotation":0,"texture":"#0"},"west":{"uv":[3.746,5.004,3.254,5.871],"tintindex":0,"rotation":0,"texture":"#0"},"up":{"uv":[2.004,7.996,2.371,7.504],"tintindex":0,"rotation":0,"texture":"#0"},"down":{"uv":[2.504,7.504,2.871,7.996],"tintindex":0,"rotation":0,"texture":"#0"}},"rotation":{"origin":[1.5280643,-0.13487053,15.618822],"angle":45.0,"axis":"z"}},{"from":[13.982765,-8.386578,8.499018],"to":[18.58921,2.3617954,8.499018],"faces":{"south":{"uv":[2.504,5.879,2.871,6.746],"tintindex":0,"rotation":0,"texture":"#0"},"north":{"uv":[2.871,5.879,2.504,6.746],"tintindex":0,"rotation":0,"texture":"#0"}},"rotation":{"origin":[1.5280643,-0.13487053,15.618822],"angle":45.0,"axis":"z"}}],"display":{"gui":{"rotation":[30,225,0]}}}