{"textures":{"0":"modelengine:entity/gargoyle_stone"},"elements":[{"from":[5.330195,10.415688,-3.3959808],"to":[10.704382,12.71891,3.513688],"faces":{"east":{"uv":[0.5625,8.379,0.004,8.5625],"tintindex":0,"rotation":0,"texture":"#0"},"south":{"uv":[8.9375,0.379,8.504,0.5625],"tintindex":0,"rotation":0,"texture":"#0"},"north":{"uv":[8.8125,7.504,8.379,7.6875],"tintindex":0,"rotation":0,"texture":"#0"},"west":{"uv":[8.8125,8.254,8.254,8.4375],"tintindex":0,"rotation":0,"texture":"#0"},"up":{"uv":[4.129,7.5625,4.5625,7.004],"tintindex":0,"rotation":0,"texture":"#0"},"down":{"uv":[4.754,7.004,5.1875,7.5625],"tintindex":0,"rotation":0,"texture":"#0"}},"rotation":{"origin":[3.4108424,25.45429,15.197686],"angle":-22.5,"axis":"x"}},{"from":[10.260924,4.4554963,-2.6186895],"to":[10.260924,6.7587194,1.2200155],"faces":{"east":{"uv":[9.4375,8.629,9.129,8.8125],"tintindex":0,"rotation":0,"texture":"#0"},"west":{"uv":[9.129,8.629,9.4375,8.8125],"tintindex":0,"rotation":0,"texture":"#0"}},"rotation":{"origin":[3.4108424,25.45429,15.197686],"angle":22.5,"axis":"y"}},{"from":[8.017288,4.4554963,-5.4242744],"to":[8.017288,6.7587194,-1.5855694],"faces":{"east":{"uv":[9.4375,8.629,9.129,8.8125],"tintindex":0,"rotation":0,"texture":"#0"},"west":{"uv":[9.129,8.629,9.4375,8.8125],"tintindex":0,"rotation":0,"texture":"#0"}}},{"from":[5.115912,4.4554963,-6.108917],"to":[5.115912,6.7587194,-2.2702122],"faces":{"east":{"uv":[9.4375,8.629,9.129,8.8125],"tintindex":0,"rotation":0,"texture":"#0"},"west":{"uv":[9.129,8.629,9.4375,8.8125],"tintindex":0,"rotation":0,"texture":"#0"}},"rotation":{"origin":[3.4108424,25.45429,15.197686],"angle":-22.5,"axis":"y"}},{"from":[6.865677,4.4554963,-1.5855694],"to":[9.1689,6.7587194,3.788618],"faces":{"east":{"uv":[2.3125,8.504,1.879,8.6875],"tintindex":0,"rotation":0,"texture":"#0"},"south":{"uv":[9.1875,9.379,9.004,9.5625],"tintindex":0,"rotation":0,"texture":"#0"},"north":{"uv":[9.5625,8.129,9.379,8.3125],"tintindex":0,"rotation":0,"texture":"#0"},"west":{"uv":[8.9375,1.629,8.504,1.8125],"tintindex":0,"rotation":0,"texture":"#0"},"up":{"uv":[6.254,8.8125,6.4375,8.379],"tintindex":0,"rotation":0,"texture":"#0"},"down":{"uv":[7.754,8.504,7.9375,8.9375],"tintindex":0,"rotation":0,"texture":"#0"}}},{"from":[3.8077583,4.4554963,-2.2753735],"to":[6.1109815,6.7587194,3.0988135],"faces":{"east":{"uv":[7.3125,8.629,6.879,8.8125],"tintindex":0,"rotation":0,"texture":"#0"},"south":{"uv":[9.6875,1.129,9.504,1.3125],"tintindex":0,"rotation":0,"texture":"#0"},"north":{"uv":[9.6875,0.754,9.504,0.9375],"tintindex":0,"rotation":0,"texture":"#0"},"west":{"uv":[9.0625,5.379,8.629,5.5625],"tintindex":0,"rotation":0,"texture":"#0"},"up":{"uv":[8.129,9.0625,8.3125,8.629],"tintindex":0,"rotation":0,"texture":"#0"},"down":{"uv":[8.504,8.629,8.6875,9.0625],"tintindex":0,"rotation":0,"texture":"#0"}},"rotation":{"origin":[3.4108424,25.45429,15.197686],"angle":-22.5,"axis":"y"}},{"from":[9.072199,4.4554963,1.2266521],"to":[11.375422,6.7587194,6.6008396],"faces":{"east":{"uv":[9.0625,0.004,8.629,0.1875],"tintindex":0,"rotation":0,"texture":"#0"},"south":{"uv":[9.6875,0.379,9.504,0.5625],"tintindex":0,"rotation":0,"texture":"#0"},"north":{"uv":[9.5625,9.379,9.379,9.5625],"tintindex":0,"rotation":0,"texture":"#0"},"west":{"uv":[8.9375,4.129,8.504,4.3125],"tintindex":0,"rotation":0,"texture":"#0"},"up":{"uv":[2.879,9.0625,3.0625,8.629],"tintindex":0,"rotation":0,"texture":"#0"},"down":{"uv":[8.629,6.129,8.8125,6.5625],"tintindex":0,"rotation":0,"texture":"#0"}},"rotation":{"origin":[3.4108424,25.45429,15.197686],"angle":22.5,"axis":"y"}}],"display":{"gui":{"rotation":[30,225,0]}}}