{"textures":{"0":"modelengine:entity/gargoyle_stone"},"elements":[{"from":[7.285881,-5.6229477,0.36649513],"to":[10.356846,3.589943,6.5084233],"faces":{"east":{"uv":[8.621,3.629,8.379,3.996],"tintindex":0,"rotation":0,"texture":"#0"},"south":{"uv":[1.246,9.254,1.129,9.621],"tintindex":0,"rotation":0,"texture":"#0"},"north":{"uv":[0.621,9.254,0.504,9.621],"tintindex":0,"rotation":0,"texture":"#0"},"west":{"uv":[3.621,8.379,3.379,8.746],"tintindex":0,"rotation":0,"texture":"#0"},"up":{"uv":[9.504,3.621,9.621,3.379],"tintindex":0,"rotation":0,"texture":"#0"},"down":{"uv":[9.504,3.754,9.621,3.996],"tintindex":0,"rotation":0,"texture":"#0"}},"rotation":{"origin":[-15.5806465,3.4438667,23.39119],"angle":-22.5,"axis":"y"}},{"from":[14.122675,-8.6939125,5.9030657],"to":[17.193642,9.731873,12.044994],"faces":{"east":{"uv":[5.996,7.504,5.754,8.246],"tintindex":0,"rotation":0,"texture":"#0"},"south":{"uv":[1.371,8.379,1.254,9.121],"tintindex":0,"rotation":0,"texture":"#0"},"north":{"uv":[6.746,8.129,6.629,8.871],"tintindex":0,"rotation":0,"texture":"#0"},"west":{"uv":[3.996,7.379,3.754,8.121],"tintindex":0,"rotation":0,"texture":"#0"},"up":{"uv":[2.129,9.746,2.246,9.504],"tintindex":0,"rotation":0,"texture":"#0"},"down":{"uv":[9.504,2.254,9.621,2.496],"tintindex":0,"rotation":0,"texture":"#0"}}},{"from":[2.0773983,-8.6939125,1.3723712],"to":[14.361254,9.731873,16.727192],"faces":{"east":{"uv":[3.121,5.004,2.504,5.746],"tintindex":0,"rotation":0,"texture":"#0"},"south":{"uv":[4.371,5.629,3.879,6.371],"tintindex":0,"rotation":0,"texture":"#0"},"north":{"uv":[5.996,0.629,5.504,1.371],"tintindex":0,"rotation":0,"texture":"#0"},"west":{"uv":[2.371,4.254,1.754,4.996],"tintindex":0,"rotation":0,"texture":"#0"},"up":{"uv":[3.004,6.621,3.496,6.004],"tintindex":0,"rotation":0,"texture":"#0"},"down":{"uv":[0.004,6.129,0.496,6.746],"tintindex":0,"rotation":0,"texture":"#0"}}},{"from":[18.320297,-5.6229477,13.634518],"to":[21.391262,3.589943,19.776447],"faces":{"east":{"uv":[1.746,8.379,1.504,8.746],"tintindex":0,"rotation":0,"texture":"#0"},"south":{"uv":[7.871,9.129,7.754,9.496],"tintindex":0,"rotation":0,"texture":"#0"},"north":{"uv":[3.746,6.004,3.629,6.371],"tintindex":0,"rotation":0,"texture":"#0"},"west":{"uv":[5.621,3.129,5.379,3.496],"tintindex":0,"rotation":0,"texture":"#0"},"up":{"uv":[9.504,2.871,9.621,2.629],"tintindex":0,"rotation":0,"texture":"#0"},"down":{"uv":[9.504,3.004,9.621,3.246],"tintindex":0,"rotation":0,"texture":"#0"}},"rotation":{"origin":[-15.5806465,3.4438667,23.39119],"angle":22.5,"axis":"y"}},{"from":[2.0773983,-14.835842,1.3723712],"to":[14.361254,-8.6939125,16.727192],"faces":{"east":{"uv":[8.496,0.004,7.879,0.246],"tintindex":0,"rotation":0,"texture":"#0"},"south":{"uv":[8.621,4.629,8.129,4.871],"tintindex":0,"rotation":0,"texture":"#0"},"north":{"uv":[8.621,3.254,8.129,3.496],"tintindex":0,"rotation":0,"texture":"#0"},"west":{"uv":[8.371,4.254,7.754,4.496],"tintindex":0,"rotation":0,"texture":"#0"},"up":{"uv":[0.629,6.746,1.121,6.129],"tintindex":0,"rotation":0,"texture":"#0"},"down":{"uv":[6.129,0.629,6.621,1.246],"tintindex":0,"rotation":0,"texture":"#0"}}}],"display":{"gui":{"rotation":[30,225,0]}}}