{"textures":{"0":"modelengine:entity/gargoyle_stone"},"elements":[{"from":[4.1915503,-0.37095356,4.1783566],"to":[11.86896,8.841939,11.855767],"faces":{"east":{"uv":[5.0625,8.254,4.754,8.621],"tintindex":0,"rotation":0,"texture":"#0"},"south":{"uv":[4.5625,8.254,4.254,8.621],"tintindex":0,"rotation":0,"texture":"#0"},"north":{"uv":[8.4375,6.254,8.129,6.621],"tintindex":0,"rotation":0,"texture":"#0"},"west":{"uv":[4.0625,8.254,3.754,8.621],"tintindex":0,"rotation":0,"texture":"#0"},"up":{"uv":[5.254,8.5625,5.5625,8.254],"tintindex":0,"rotation":0,"texture":"#0"},"down":{"uv":[0.754,8.379,1.0625,8.6875],"tintindex":0,"rotation":0,"texture":"#0"}}}],"display":{"gui":{"rotation":[30,225,0]}}}