{"textures":{"0":"modelengine:entity/gargoyle_stone"},"elements":[{"from":[6.976345,6.808923,13.123913],"to":[9.023655,8.856232,23.360462],"faces":{"east":{"uv":[5.746,6.254,4.504,6.496],"tintindex":0,"rotation":0,"texture":"#0"},"south":{"uv":[9.246,7.254,9.004,7.496],"tintindex":0,"rotation":0,"texture":"#0"},"north":{"uv":[7.246,9.004,7.004,9.246],"tintindex":0,"rotation":0,"texture":"#0"},"west":{"uv":[6.996,5.129,5.754,5.371],"tintindex":0,"rotation":0,"texture":"#0"},"up":{"uv":[2.004,7.371,2.246,6.129],"tintindex":0,"rotation":0,"texture":"#0"},"down":{"uv":[6.254,5.504,6.496,6.746],"tintindex":0,"rotation":0,"texture":"#0"}},"rotation":{"origin":[5.9526906,1.0838876,10.711407],"angle":-45.0,"axis":"x"}},{"from":[6.976345,15.053577,11.491194],"to":[9.023655,17.100887,18.656776],"faces":{"east":{"uv":[7.996,5.004,7.129,5.246],"tintindex":0,"rotation":0,"texture":"#0"},"south":{"uv":[9.371,1.129,9.129,1.371],"tintindex":0,"rotation":0,"texture":"#0"},"north":{"uv":[9.371,0.754,9.129,0.996],"tintindex":0,"rotation":0,"texture":"#0"},"west":{"uv":[7.996,4.629,7.129,4.871],"tintindex":0,"rotation":0,"texture":"#0"},"up":{"uv":[0.879,7.746,1.121,6.879],"tintindex":0,"rotation":0,"texture":"#0"},"down":{"uv":[6.254,6.879,6.496,7.746],"tintindex":0,"rotation":0,"texture":"#0"}},"rotation":{"origin":[5.9526906,1.0838876,10.711407],"angle":45.0,"axis":"x"}},{"from":[6.976345,-1.786356,16.893723],"to":[9.023655,5.3792267,18.941032],"faces":{"east":{"uv":[3.621,7.379,3.379,8.246],"tintindex":0,"rotation":0,"texture":"#0"},"south":{"uv":[0.621,7.379,0.379,8.246],"tintindex":0,"rotation":0,"texture":"#0"},"north":{"uv":[6.871,7.129,6.629,7.996],"tintindex":0,"rotation":0,"texture":"#0"},"west":{"uv":[0.246,7.379,0.004,8.246],"tintindex":0,"rotation":0,"texture":"#0"},"up":{"uv":[9.129,1.746,9.371,1.504],"tintindex":0,"rotation":0,"texture":"#0"},"down":{"uv":[9.129,1.879,9.371,2.121],"tintindex":0,"rotation":0,"texture":"#0"}}},{"from":[8.0,12.268032,8.388391],"to":[8.0,16.362652,14.530319],"faces":{"east":{"uv":[6.121,5.629,5.379,6.121],"tintindex":0,"rotation":0,"texture":"#0"},"west":{"uv":[5.379,5.629,6.121,6.121],"tintindex":0,"rotation":0,"texture":"#0"}}},{"from":[8.0,-1.9508829,8.017832],"to":[8.0,14.427593,27.467274],"faces":{"east":{"uv":[2.371,2.129,0.004,4.121],"tintindex":0,"rotation":0,"texture":"#0"},"west":{"uv":[0.004,2.129,2.371,4.121],"tintindex":0,"rotation":0,"texture":"#0"}}},{"from":[7.0275283,13.535944,8.348384],"to":[8.972472,15.583254,17.561277],"faces":{"east":{"uv":[7.746,5.504,6.629,5.746],"tintindex":0,"rotation":0,"texture":"#0"},"south":{"uv":[9.371,0.379,9.129,0.621],"tintindex":0,"rotation":0,"texture":"#0"},"north":{"uv":[9.246,8.254,9.004,8.496],"tintindex":0,"rotation":0,"texture":"#0"},"west":{"uv":[5.246,6.629,4.129,6.871],"tintindex":0,"rotation":0,"texture":"#0"},"up":{"uv":[5.879,7.371,6.121,6.254],"tintindex":0,"rotation":0,"texture":"#0"},"down":{"uv":[5.379,6.629,5.621,7.746],"tintindex":0,"rotation":0,"texture":"#0"}},"rotation":{"origin":[5.9526906,1.0838876,10.711407],"angle":22.5,"axis":"x"}},{"from":[7.0019364,1.9029222,17.911034],"to":[8.998063,11.115816,19.958344],"faces":{"east":{"uv":[3.246,6.754,3.004,7.871],"tintindex":0,"rotation":0,"texture":"#0"},"south":{"uv":[1.871,6.754,1.629,7.871],"tintindex":0,"rotation":0,"texture":"#0"},"north":{"uv":[6.871,5.879,6.629,6.996],"tintindex":0,"rotation":0,"texture":"#0"},"west":{"uv":[1.496,6.754,1.254,7.871],"tintindex":0,"rotation":0,"texture":"#0"},"up":{"uv":[9.129,2.496,9.371,2.254],"tintindex":0,"rotation":0,"texture":"#0"},"down":{"uv":[9.129,2.629,9.371,2.871],"tintindex":0,"rotation":0,"texture":"#0"}},"rotation":{"origin":[5.9526906,1.0838876,10.711407],"angle":-22.5,"axis":"x"}}],"display":{"gui":{"rotation":[30,225,0]}}}