{"textures":{"0":"modelengine:entity/gargoyle_stone"},"elements":[{"from":[4.870243,-4.946863,11.072633],"to":[11.012172,5.801512,16.44682],"faces":{"east":{"uv":[5.5625,3.629,5.129,4.496],"tintindex":0,"rotation":0,"texture":"#0"},"south":{"uv":[1.746,5.129,1.254,5.996],"tintindex":0,"rotation":0,"texture":"#0"},"north":{"uv":[1.121,5.129,0.629,5.996],"tintindex":0,"rotation":0,"texture":"#0"},"west":{"uv":[2.3125,5.129,1.879,5.996],"tintindex":0,"rotation":0,"texture":"#0"},"up":{"uv":[7.004,6.8125,7.496,6.379],"tintindex":0,"rotation":0,"texture":"#0"},"down":{"uv":[7.004,7.004,7.496,7.4375],"tintindex":0,"rotation":0,"texture":"#0"}},"rotation":{"origin":[3.3347611,13.376632,14.968735],"angle":45.0,"axis":"x"}},{"from":[8.708948,-4.946863,5.6984453],"to":[8.708948,5.801512,11.072633],"faces":{"east":{"uv":[5.8125,1.504,5.379,2.371],"tintindex":0,"rotation":0,"texture":"#0"},"west":{"uv":[5.379,1.504,5.8125,2.371],"tintindex":0,"rotation":0,"texture":"#0"}},"rotation":{"origin":[3.3347611,13.376632,14.968735],"angle":45.0,"axis":"x"}}],"display":{"gui":{"rotation":[30,225,0]}}}