{"textures":{"0":"modelengine:entity/gargoyle_stone"},"elements":[{"from":[3.3935537,5.7130356,13.276659],"to":[12.606446,14.925928,31.702442],"faces":{"east":{"uv":[6.254,4.629,6.996,4.996],"tintindex":0,"rotation":0,"texture":"#0"},"south":{"uv":[7.879,7.379,8.246,7.746],"tintindex":0,"rotation":0,"texture":"#0"},"north":{"uv":[6.129,7.879,6.496,8.246],"tintindex":0,"rotation":0,"texture":"#0"},"west":{"uv":[6.379,0.004,7.121,0.371],"tintindex":0,"rotation":0,"texture":"#0"},"up":{"uv":[6.871,2.121,6.504,1.379],"tintindex":0,"rotation":0,"texture":"#0"},"down":{"uv":[3.996,6.504,3.629,7.246],"tintindex":0,"rotation":0,"texture":"#0"}},"rotation":{"origin":[8.0,26.61283,3.7153664],"angle":22.5,"axis":"x"}}],"display":{"gui":{"rotation":[30,225,0]}}}