{"textures":{"0":"modelengine:entity/gargoyle_stone"},"elements":[{"from":[6.464518,17.119059,13.3098755],"to":[9.535482,20.190023,22.522768],"faces":{"east":{"uv":[7.629,0.504,8.371,0.746],"tintindex":0,"rotation":0,"texture":"#0"},"south":{"uv":[6.629,9.004,6.871,9.246],"tintindex":0,"rotation":0,"texture":"#0"},"north":{"uv":[6.254,9.004,6.496,9.246],"tintindex":0,"rotation":0,"texture":"#0"},"west":{"uv":[7.004,7.629,7.746,7.871],"tintindex":0,"rotation":0,"texture":"#0"},"up":{"uv":[7.996,1.621,7.754,0.879],"tintindex":0,"rotation":0,"texture":"#0"},"down":{"uv":[7.996,2.879,7.754,3.621],"tintindex":0,"rotation":0,"texture":"#0"}},"rotation":{"origin":[8.0,20.669449,-1.8199387],"angle":45.0,"axis":"x"}}],"display":{"gui":{"rotation":[30,225,0]}}}