{"textures":{"0":"modelengine:entity/gargoyle_stone"},"elements":[{"from":[1.8580718,2.080906,14.682923],"to":[14.141928,14.364761,30.037746],"faces":{"east":{"uv":[1.254,6.129,1.871,6.621],"tintindex":0,"rotation":0,"texture":"#0"},"south":{"uv":[7.004,2.254,7.496,2.746],"tintindex":0,"rotation":0,"texture":"#0"},"north":{"uv":[2.379,6.879,2.871,7.371],"tintindex":0,"rotation":0,"texture":"#0"},"west":{"uv":[6.254,2.504,6.871,2.996],"tintindex":0,"rotation":0,"texture":"#0"},"up":{"uv":[6.746,3.746,6.254,3.129],"tintindex":0,"rotation":0,"texture":"#0"},"down":{"uv":[6.746,3.879,6.254,4.496],"tintindex":0,"rotation":0,"texture":"#0"}},"rotation":{"origin":[8.0,18.851997,11.710769],"angle":45.0,"axis":"x"}}],"display":{"gui":{"rotation":[30,225,0]}}}