{"textures":{"0":"modelengine:entity/gargoyle_stone"},"elements":[{"from":[-1.2128925,4.4938393,-1.1150322],"to":[17.212893,25.99059,17.310753],"faces":{"east":{"uv":[3.629,3.004,4.371,3.871],"tintindex":0,"rotation":0,"texture":"#0"},"south":{"uv":[2.504,4.004,3.246,4.871],"tintindex":0,"rotation":0,"texture":"#0"},"north":{"uv":[3.629,2.004,4.371,2.871],"tintindex":0,"rotation":0,"texture":"#0"},"west":{"uv":[3.379,4.004,4.121,4.871],"tintindex":0,"rotation":0,"texture":"#0"},"up":{"uv":[4.996,4.746,4.254,4.004],"tintindex":0,"rotation":0,"texture":"#0"},"down":{"uv":[5.246,2.004,4.504,2.746],"tintindex":0,"rotation":0,"texture":"#0"}}}],"display":{"gui":{"rotation":[30,225,0]}}}