{"textures":{"0":"modelengine:entity/gargoyle_stone"},"elements":[{"from":[-4.2838564,8.818443,-0.9443493],"to":[20.283855,30.31519,20.5524],"faces":{"east":{"uv":[3.629,0.004,4.496,0.871],"tintindex":0,"rotation":0,"texture":"#0"},"south":{"uv":[2.504,1.004,3.496,1.871],"tintindex":0,"rotation":0,"texture":"#0"},"north":{"uv":[2.504,0.004,3.496,0.871],"tintindex":0,"rotation":0,"texture":"#0"},"west":{"uv":[3.629,1.004,4.496,1.871],"tintindex":0,"rotation":0,"texture":"#0"},"up":{"uv":[3.496,2.871,2.504,2.004],"tintindex":0,"rotation":0,"texture":"#0"},"down":{"uv":[3.496,3.004,2.504,3.871],"tintindex":0,"rotation":0,"texture":"#0"}},"rotation":{"origin":[8.0,4.0260696,18.90619],"angle":-22.5,"axis":"x"}}],"display":{"gui":{"rotation":[30,225,0]}}}