{"textures":{"0":"modelengine:entity/bug"},"elements":[{"from":[12.117568,-2.5288897,5.2328157],"to":[18.784235,5.4711113,5.2661486],"faces":{"east":{"uv":[3.875,10.875,3.9375,12.375],"tintindex":0,"rotation":0,"texture":"#0"},"south":{"uv":[7.75,8.625,6.5,10.125],"tintindex":0,"rotation":0,"texture":"#0"},"north":{"uv":[6.5,8.625,7.75,10.125],"tintindex":0,"rotation":0,"texture":"#0"},"west":{"uv":[4.8125,10.875,4.875,12.375],"tintindex":0,"rotation":0,"texture":"#0"},"up":{"uv":[11.875,8.625,10.625,8.5625],"tintindex":0,"rotation":0,"texture":"#0"},"down":{"uv":[11.875,8.625,10.625,8.6875],"tintindex":0,"rotation":0,"texture":"#0"}}},{"from":[-2.6424646,-2.5288897,5.2328157],"to":[4.0242023,5.4711113,5.2661486],"faces":{"east":{"uv":[4.875,10.875,4.8125,12.375],"tintindex":0,"rotation":0,"texture":"#0"},"south":{"uv":[6.5,8.625,7.75,10.125],"tintindex":0,"rotation":0,"texture":"#0"},"north":{"uv":[7.75,8.625,6.5,10.125],"tintindex":0,"rotation":0,"texture":"#0"},"west":{"uv":[3.9375,10.875,3.875,12.375],"tintindex":0,"rotation":0,"texture":"#0"},"up":{"uv":[10.625,8.625,11.875,8.5625],"tintindex":0,"rotation":0,"texture":"#0"},"down":{"uv":[10.625,8.625,11.875,8.6875],"tintindex":0,"rotation":0,"texture":"#0"}}},{"from":[7.995696,-9.179798,7.1609006],"to":[8.029029,-4.513132,10.160901],"faces":{"east":{"uv":[8.3125,10.25,8.875,11.125],"tintindex":0,"rotation":0,"texture":"#0"},"south":{"uv":[3.9375,9.4375,4.0,10.3125],"tintindex":0,"rotation":0,"texture":"#0"},"north":{"uv":[9.375,6.375,9.4375,7.25],"tintindex":0,"rotation":0,"texture":"#0"},"west":{"uv":[8.875,10.25,8.3125,11.125],"tintindex":0,"rotation":0,"texture":"#0"},"up":{"uv":[4.75,8.5,4.6875,7.9375],"tintindex":0,"rotation":0,"texture":"#0"},"down":{"uv":[4.8125,7.9375,4.75,8.5],"tintindex":0,"rotation":0,"texture":"#0"}},"rotation":{"origin":[8.070886,4.09597,4.7111173],"angle":22.5,"axis":"x"}},{"from":[4.032501,-3.116356,1.085082],"to":[12.032501,6.5503106,9.085082],"faces":{"east":{"uv":[6.4375,5.0,7.9375,6.8125],"tintindex":0,"rotation":0,"texture":"#0"},"south":{"uv":[4.9375,6.8125,6.4375,8.625],"tintindex":0,"rotation":0,"texture":"#0"},"north":{"uv":[4.9375,5.0,6.4375,6.8125],"tintindex":0,"rotation":0,"texture":"#0"},"west":{"uv":[7.9375,5.0,6.4375,6.8125],"tintindex":0,"rotation":0,"texture":"#0"},"up":{"uv":[9.4375,8.8125,7.9375,7.3125],"tintindex":0,"rotation":0,"texture":"#0"},"down":{"uv":[7.9375,7.3125,9.4375,8.8125],"tintindex":0,"rotation":0,"texture":"#0"}}},{"from":[5.0807467,-4.375002,2.1333275],"to":[11.080748,-3.041668,8.1333275],"faces":{"east":{"uv":[10.0625,4.4375,11.1875,4.6875],"tintindex":0,"rotation":0,"texture":"#0"},"south":{"uv":[11.0625,6.125,9.9375,6.375],"tintindex":0,"rotation":0,"texture":"#0"},"north":{"uv":[9.9375,6.125,11.0625,6.375],"tintindex":0,"rotation":0,"texture":"#0"},"west":{"uv":[11.1875,4.4375,10.0625,4.6875],"tintindex":0,"rotation":0,"texture":"#0"},"up":{"uv":[11.1875,2.3125,10.0625,1.1875],"tintindex":0,"rotation":0,"texture":"#0"},"down":{"uv":[11.1875,1.1875,10.0625,2.3125],"tintindex":0,"rotation":0,"texture":"#0"}}},{"from":[6.5060587,-6.2316847,3.5586395],"to":[9.506059,-4.3983517,6.5586395],"faces":{"east":{"uv":[5.9375,10.5625,6.5,10.9375],"tintindex":0,"rotation":0,"texture":"#0"},"south":{"uv":[5.9375,10.5625,5.375,10.9375],"tintindex":0,"rotation":0,"texture":"#0"},"north":{"uv":[5.375,10.5625,5.9375,10.9375],"tintindex":0,"rotation":0,"texture":"#0"},"west":{"uv":[6.5,10.5625,5.9375,10.9375],"tintindex":0,"rotation":0,"texture":"#0"},"up":{"uv":[5.375,10.875,4.8125,10.3125],"tintindex":0,"rotation":0,"texture":"#0"},"down":{"uv":[5.375,10.3125,4.8125,10.875],"tintindex":0,"rotation":0,"texture":"#0"}}}],"display":{"gui":{"rotation":[30,225,0]}}}