{"textures":{"0":"modelengine:entity/bug"},"elements":[{"from":[7.923088,-3.3574715,3.4074717],"to":[14.923087,11.642532,10.407472],"faces":{"east":{"uv":[2.4375,9.75,2.875,10.6875],"tintindex":0,"rotation":0,"texture":"#0"},"south":{"uv":[9.375,6.375,8.9375,7.3125],"tintindex":0,"rotation":0,"texture":"#0"},"north":{"uv":[8.9375,6.375,9.375,7.3125],"tintindex":0,"rotation":0,"texture":"#0"},"west":{"uv":[2.875,9.75,2.4375,10.6875],"tintindex":0,"rotation":0,"texture":"#0"},"up":{"uv":[2.875,11.125,2.4375,10.6875],"tintindex":0,"rotation":0,"texture":"#0"},"down":{"uv":[2.875,10.6875,2.4375,11.125],"tintindex":0,"rotation":0,"texture":"#0"}}}],"display":{"gui":{"rotation":[30,225,0]}}}