{"textures":{"0":"modelengine:entity/bug"},"elements":[{"from":[4.0439496,1.5100155,5.375698],"to":[8.04395,10.081445,9.375698],"rotation":{"angle":0.0,"axis":"y","origin":[6.0439496,5.79573,7.375698]},"faces":{"east":{"uv":[2.4375,9.75,2.875,10.6875],"rotation":0,"texture":"#0","tintindex":0},"south":{"uv":[8.9375,6.375,9.375,7.3125],"rotation":0,"texture":"#0","tintindex":0},"north":{"uv":[9.375,6.375,8.9375,7.3125],"rotation":0,"texture":"#0","tintindex":0},"west":{"uv":[2.875,9.75,2.4375,10.6875],"rotation":0,"texture":"#0","tintindex":0},"up":{"uv":[2.4375,11.125,2.875,10.6875],"rotation":0,"texture":"#0","tintindex":0},"down":{"uv":[2.4375,10.6875,2.875,11.125],"rotation":0,"texture":"#0","tintindex":0}}}],"display":{"head":{"translation":[0.0,-6.4,0.0],"scale":[4.0,4.0,4.0]}}}