{"textures":{"0":"modelengine:entity/bug"},"elements":[{"from":[-8.304768,2.9740639,9.367736],"to":[4.195232,15.474064,9.417736],"faces":{"east":{"uv":[3.875,10.875,3.8125,12.4375],"tintindex":0,"rotation":0,"texture":"#0"},"south":{"uv":[0.0,7.125,1.5625,8.6875],"tintindex":0,"rotation":0,"texture":"#0"},"north":{"uv":[1.5625,7.125,0.0,8.6875],"tintindex":0,"rotation":0,"texture":"#0"},"west":{"uv":[3.8125,10.875,3.75,12.4375],"tintindex":0,"rotation":0,"texture":"#0"},"up":{"uv":[10.625,8.5,12.1875,8.4375],"tintindex":0,"rotation":0,"texture":"#0"},"down":{"uv":[10.625,8.5,12.1875,8.5625],"tintindex":0,"rotation":0,"texture":"#0"}}},{"from":[1.2297678,4.974064,1.8677359],"to":[14.729768,13.474064,11.117736],"faces":{"east":{"uv":[10.0625,2.3125,11.25,3.375],"tintindex":0,"rotation":0,"texture":"#0"},"south":{"uv":[1.25,8.6875,2.9375,9.75],"tintindex":0,"rotation":0,"texture":"#0"},"north":{"uv":[8.375,3.875,10.0625,4.9375],"tintindex":0,"rotation":0,"texture":"#0"},"west":{"uv":[11.25,2.3125,10.0625,3.375],"tintindex":0,"rotation":0,"texture":"#0"},"up":{"uv":[10.0625,3.875,8.375,2.6875],"tintindex":0,"rotation":0,"texture":"#0"},"down":{"uv":[10.0625,3.875,8.375,2.6875],"tintindex":0,"rotation":0,"texture":"#0"}}},{"from":[11.729768,2.9740639,9.367736],"to":[24.229767,15.474064,9.417736],"faces":{"east":{"uv":[3.75,10.875,3.8125,12.4375],"tintindex":0,"rotation":0,"texture":"#0"},"south":{"uv":[1.5625,7.125,0.0,8.6875],"tintindex":0,"rotation":0,"texture":"#0"},"north":{"uv":[0.0,7.125,1.5625,8.6875],"tintindex":0,"rotation":0,"texture":"#0"},"west":{"uv":[3.8125,10.875,3.875,12.4375],"tintindex":0,"rotation":0,"texture":"#0"},"up":{"uv":[12.1875,8.5,10.625,8.4375],"tintindex":0,"rotation":0,"texture":"#0"},"down":{"uv":[12.1875,8.5,10.625,8.5625],"tintindex":0,"rotation":0,"texture":"#0"}}}],"display":{"gui":{"rotation":[30,225,0]}}}