{"textures":{"0":"modelengine:entity/bug"},"elements":[{"from":[-0.13332844,6.218361,-0.62744045],"to":[16.133327,29.023354,15.639215],"faces":{"east":{"uv":[8.75,8.8125,9.75,10.25],"tintindex":0,"rotation":0,"texture":"#0"},"south":{"uv":[8.9375,4.9375,9.9375,6.375],"tintindex":0,"rotation":0,"texture":"#0"},"north":{"uv":[7.75,8.8125,8.75,10.25],"tintindex":0,"rotation":0,"texture":"#0"},"west":{"uv":[9.75,8.8125,8.75,10.25],"tintindex":0,"rotation":0,"texture":"#0"},"up":{"uv":[0.0,11.1875,1.0,10.1875],"tintindex":0,"rotation":0,"texture":"#0"},"down":{"uv":[0.0,11.1875,1.0,10.1875],"tintindex":0,"rotation":0,"texture":"#0"}}}],"display":{"gui":{"rotation":[30,225,0]}}}