{"textures":{"0":"modelengine:entity/bug"},"elements":[{"from":[2.7434697,3.6883836,-1.566638],"to":[13.3148985,14.259813,9.004791],"rotation":{"angle":0.0,"axis":"y","origin":[8.020154,8.60427,1.5453367]},"faces":{"east":{"uv":[9.4375,7.5625,10.625,8.75],"rotation":0,"texture":"#0","tintindex":0},"south":{"uv":[1.25,9.75,2.4375,10.9375],"rotation":0,"texture":"#0","tintindex":0},"north":{"uv":[9.4375,6.375,10.625,7.5625],"rotation":0,"texture":"#0","tintindex":0},"west":{"uv":[10.625,7.5625,9.4375,8.75],"rotation":0,"texture":"#0","tintindex":0},"up":{"uv":[11.125,6.125,9.9375,4.9375],"rotation":0,"texture":"#0","tintindex":0},"down":{"uv":[11.125,4.9375,9.9375,6.125],"rotation":0,"texture":"#0","tintindex":0}}},{"from":[10.278291,11.948727,2.7775922],"to":[10.335434,27.377298,13.349021],"rotation":{"angle":45.0,"axis":"y","origin":[8.020154,8.60427,1.5453367]},"faces":{"east":{"uv":[4.125,8.625,5.3125,10.3125],"rotation":0,"texture":"#0","tintindex":0},"south":{"uv":[3.6875,10.875,3.75,12.5625],"rotation":0,"texture":"#0","tintindex":0},"north":{"uv":[3.625,10.875,3.6875,12.5625],"rotation":0,"texture":"#0","tintindex":0},"west":{"uv":[5.3125,8.625,4.125,10.3125],"rotation":0,"texture":"#0","tintindex":0},"up":{"uv":[4.9375,12.0625,4.875,10.875],"rotation":0,"texture":"#0","tintindex":0},"down":{"uv":[5.0,10.875,4.9375,12.0625],"rotation":0,"texture":"#0","tintindex":0}}},{"from":[6.1334467,11.948727,3.2061634],"to":[6.1905894,27.377298,13.777593],"rotation":{"angle":-45.0,"axis":"y","origin":[8.020154,8.60427,1.5453367]},"faces":{"east":{"uv":[4.125,8.625,5.3125,10.3125],"rotation":0,"texture":"#0","tintindex":0},"south":{"uv":[3.75,10.875,3.6875,12.5625],"rotation":0,"texture":"#0","tintindex":0},"north":{"uv":[3.6875,10.875,3.625,12.5625],"rotation":0,"texture":"#0","tintindex":0},"west":{"uv":[5.3125,8.625,4.125,10.3125],"rotation":0,"texture":"#0","tintindex":0},"up":{"uv":[4.875,12.0625,4.9375,10.875],"rotation":0,"texture":"#0","tintindex":0},"down":{"uv":[4.9375,10.875,5.0,12.0625],"rotation":0,"texture":"#0","tintindex":0}}},{"from":[4.286683,5.317312,-3.0527086],"to":[11.715255,12.745884,-1.0527096],"rotation":{"angle":0.0,"axis":"y","origin":[8.020154,8.60427,1.5453367]},"faces":{"east":{"uv":[9.5,10.25,9.75,11.0625],"rotation":0,"texture":"#0","tintindex":0},"south":{"uv":[4.125,7.125,4.9375,7.9375],"rotation":0,"texture":"#0","tintindex":0},"north":{"uv":[4.125,7.125,4.9375,7.9375],"rotation":0,"texture":"#0","tintindex":0},"west":{"uv":[9.75,10.25,9.5,11.0625],"rotation":0,"texture":"#0","tintindex":0},"up":{"uv":[11.4375,8.4375,10.625,8.1875],"rotation":0,"texture":"#0","tintindex":0},"down":{"uv":[11.4375,8.1875,10.625,8.4375],"rotation":0,"texture":"#0","tintindex":0}}}],"display":{"head":{"translation":[0.0,-6.4,0.0],"scale":[4.0,4.0,4.0]}}}