{"textures":{"0":"modelengine:entity/bug"},"elements":[{"from":[6.366766,11.455139,3.8053932],"to":[6.4167657,24.95514,13.055393],"faces":{"east":{"uv":[4.125,8.625,5.3125,10.3125],"tintindex":0,"rotation":0,"texture":"#0"},"south":{"uv":[3.75,10.875,3.6875,12.5625],"tintindex":0,"rotation":0,"texture":"#0"},"north":{"uv":[3.6875,10.875,3.625,12.5625],"tintindex":0,"rotation":0,"texture":"#0"},"west":{"uv":[5.3125,8.625,4.125,10.3125],"tintindex":0,"rotation":0,"texture":"#0"},"up":{"uv":[4.875,12.0625,4.9375,10.875],"tintindex":0,"rotation":0,"texture":"#0"},"down":{"uv":[4.9375,10.875,5.0,12.0625],"tintindex":0,"rotation":0,"texture":"#0"}},"rotation":{"origin":[8.017635,8.528736,2.35217],"angle":-45.0,"axis":"y"}},{"from":[4.750848,5.652649,-1.6711206],"to":[11.250848,12.152649,0.07887936],"faces":{"east":{"uv":[9.5,10.25,9.75,11.0625],"tintindex":0,"rotation":0,"texture":"#0"},"south":{"uv":[4.125,7.125,4.9375,7.9375],"tintindex":0,"rotation":0,"texture":"#0"},"north":{"uv":[4.125,7.125,4.9375,7.9375],"tintindex":0,"rotation":0,"texture":"#0"},"west":{"uv":[9.75,10.25,9.5,11.0625],"tintindex":0,"rotation":0,"texture":"#0"},"up":{"uv":[11.4375,8.4375,10.625,8.1875],"tintindex":0,"rotation":0,"texture":"#0"},"down":{"uv":[11.4375,8.1875,10.625,8.4375],"tintindex":0,"rotation":0,"texture":"#0"}}},{"from":[3.400536,4.227337,-0.3708086],"to":[12.650536,13.477337,8.879192],"faces":{"east":{"uv":[9.4375,7.5625,10.625,8.75],"tintindex":0,"rotation":0,"texture":"#0"},"south":{"uv":[1.25,9.75,2.4375,10.9375],"tintindex":0,"rotation":0,"texture":"#0"},"north":{"uv":[9.4375,6.375,10.625,7.5625],"tintindex":0,"rotation":0,"texture":"#0"},"west":{"uv":[10.625,7.5625,9.4375,8.75],"tintindex":0,"rotation":0,"texture":"#0"},"up":{"uv":[11.125,6.125,9.9375,4.9375],"tintindex":0,"rotation":0,"texture":"#0"},"down":{"uv":[11.125,4.9375,9.9375,6.125],"tintindex":0,"rotation":0,"texture":"#0"}}},{"from":[9.993504,11.455139,3.4303932],"to":[10.043505,24.95514,12.680393],"faces":{"east":{"uv":[4.125,8.625,5.3125,10.3125],"tintindex":0,"rotation":0,"texture":"#0"},"south":{"uv":[3.6875,10.875,3.75,12.5625],"tintindex":0,"rotation":0,"texture":"#0"},"north":{"uv":[3.625,10.875,3.6875,12.5625],"tintindex":0,"rotation":0,"texture":"#0"},"west":{"uv":[5.3125,8.625,4.125,10.3125],"tintindex":0,"rotation":0,"texture":"#0"},"up":{"uv":[4.9375,12.0625,4.875,10.875],"tintindex":0,"rotation":0,"texture":"#0"},"down":{"uv":[5.0,10.875,4.9375,12.0625],"tintindex":0,"rotation":0,"texture":"#0"}},"rotation":{"origin":[8.017635,8.528736,2.35217],"angle":45.0,"axis":"y"}}],"display":{"gui":{"rotation":[30,225,0]}}}