{"textures":{"0":"modelengine:entity/bug"},"elements":[{"from":[8.003014,-4.6502666,7.672],"to":[8.036346,8.683067,26.005333],"faces":{"east":{"uv":[4.9375,0.0,8.375,2.5],"tintindex":0,"rotation":0,"texture":"#0"},"south":{"uv":[3.4375,10.875,3.5,13.375],"tintindex":0,"rotation":0,"texture":"#0"},"north":{"uv":[3.375,10.875,3.4375,13.375],"tintindex":0,"rotation":0,"texture":"#0"},"west":{"uv":[8.375,0.0,4.9375,2.5],"tintindex":0,"rotation":0,"texture":"#0"},"up":{"uv":[1.25,13.625,1.1875,10.1875],"tintindex":0,"rotation":0,"texture":"#0"},"down":{"uv":[9.5,10.25,9.4375,13.6875],"tintindex":0,"rotation":0,"texture":"#0"}}}],"display":{"gui":{"rotation":[30,225,0]}}}