{"textures":{"0":"modelengine:entity/bug"},"elements":[{"from":[7.9751773,-10.847242,2.923812],"to":[8.03232,10.295616,12.066669],"rotation":{"angle":0.0,"axis":"y","origin":[8.003749,-0.2758131,7.495241]},"faces":{"east":{"uv":[3.125,7.125,4.125,9.4375],"rotation":0,"texture":"#0","tintindex":0},"south":{"uv":[3.625,10.875,3.5625,13.1875],"rotation":0,"texture":"#0","tintindex":0},"north":{"uv":[3.5625,10.875,3.5,13.1875],"rotation":0,"texture":"#0","tintindex":0},"west":{"uv":[4.125,7.125,3.125,9.4375],"rotation":0,"texture":"#0","tintindex":0},"up":{"uv":[5.0,11.875,5.0625,10.875],"rotation":0,"texture":"#0","tintindex":0},"down":{"uv":[5.0625,10.875,5.125,11.875],"rotation":0,"texture":"#0","tintindex":0}}}],"display":{"head":{"translation":[0.0,-6.4,0.0],"scale":[4.0,4.0,4.0]}}}