{"textures":{"0":"modelengine:entity/bug"},"elements":[{"from":[7.9717197,-8.491337,3.5583363],"to":[8.02172,10.008663,11.558336],"faces":{"east":{"uv":[3.125,7.125,4.125,9.4375],"tintindex":0,"rotation":0,"texture":"#0"},"south":{"uv":[3.5625,10.875,3.625,13.1875],"tintindex":0,"rotation":0,"texture":"#0"},"north":{"uv":[3.5,10.875,3.5625,13.1875],"tintindex":0,"rotation":0,"texture":"#0"},"west":{"uv":[4.125,7.125,3.125,9.4375],"tintindex":0,"rotation":0,"texture":"#0"},"up":{"uv":[5.0625,11.875,5.0,10.875],"tintindex":0,"rotation":0,"texture":"#0"},"down":{"uv":[5.125,10.875,5.0625,11.875],"tintindex":0,"rotation":0,"texture":"#0"}}}],"display":{"gui":{"rotation":[30,225,0]}}}