{"textures":{"0":"modelengine:entity/bug"},"elements":[{"from":[7.96768,-10.847242,2.923812],"to":[8.024823,10.295616,12.066669],"rotation":{"angle":0.0,"axis":"y","origin":[7.9962516,-0.2758131,7.495241]},"faces":{"east":{"uv":[3.125,7.125,4.125,9.4375],"rotation":0,"texture":"#0","tintindex":0},"south":{"uv":[3.5625,10.875,3.625,13.1875],"rotation":0,"texture":"#0","tintindex":0},"north":{"uv":[3.5,10.875,3.5625,13.1875],"rotation":0,"texture":"#0","tintindex":0},"west":{"uv":[4.125,7.125,3.125,9.4375],"rotation":0,"texture":"#0","tintindex":0},"up":{"uv":[5.0625,11.875,5.0,10.875],"rotation":0,"texture":"#0","tintindex":0},"down":{"uv":[5.125,10.875,5.0625,11.875],"rotation":0,"texture":"#0","tintindex":0}}}],"display":{"head":{"translation":[0.0,-6.4,0.0],"scale":[4.0,4.0,4.0]}}}