{"textures":{"0":"modelengine:entity/bug"},"elements":[{"from":[7.96946,1.6142006,7.7212],"to":[7.99774,15.754201,27.517199],"faces":{"east":{"uv":[0.0,0.0,4.9375,3.5625],"tintindex":0,"rotation":0,"texture":"#0"},"south":{"uv":[1.1875,10.1875,1.125,13.75],"tintindex":0,"rotation":0,"texture":"#0"},"north":{"uv":[1.125,10.1875,1.0625,13.75],"tintindex":0,"rotation":0,"texture":"#0"},"west":{"uv":[4.9375,0.0,0.0,3.5625],"tintindex":0,"rotation":0,"texture":"#0"},"up":{"uv":[2.875,14.6875,2.9375,9.75],"tintindex":0,"rotation":0,"texture":"#0"},"down":{"uv":[1.0,10.1875,1.0625,15.125],"tintindex":0,"rotation":0,"texture":"#0"}}}],"display":{"gui":{"rotation":[30,225,0]}}}