{"textures":{"0":"modelengine:entity/deep_shine_vfx"},"elements":[{"from":[-10.24,-11.039999,7.04],"to":[25.76,23.439999,7.04],"rotation":{"angle":0.0,"axis":"y","origin":[8.0,-4.2400007,8.0]},"faces":{"east":{"uv":[0.0,0.0,0.0,9.75],"rotation":0,"texture":"#0","tintindex":0},"south":{"uv":[10.125,0.0,0.0,9.75],"rotation":0,"texture":"#0","tintindex":0},"north":{"uv":[0.0,0.0,10.125,9.75],"rotation":0,"texture":"#0","tintindex":0},"west":{"uv":[0.0,0.0,0.0,9.75],"rotation":0,"texture":"#0","tintindex":0},"up":{"uv":[10.125,0.0,0.0,0.0],"rotation":0,"texture":"#0","tintindex":0},"down":{"uv":[10.125,0.0,0.0,0.0],"rotation":0,"texture":"#0","tintindex":0}}},{"from":[10.56,-11.039999,-14.24],"to":[10.56,22.24,22.560001],"rotation":{"angle":0.0,"axis":"y","origin":[8.0,-4.2400007,8.0]},"faces":{"east":{"uv":[0.0,0.0,10.125,9.75],"rotation":0,"texture":"#0","tintindex":0},"south":{"uv":[0.0,0.0,0.0,9.75],"rotation":0,"texture":"#0","tintindex":0},"north":{"uv":[0.0,0.0,0.0,9.75],"rotation":0,"texture":"#0","tintindex":0},"west":{"uv":[10.125,0.0,0.0,9.75],"rotation":0,"texture":"#0","tintindex":0},"up":{"uv":[10.125,0.0,0.0,0.0],"rotation":90,"texture":"#0","tintindex":0},"down":{"uv":[10.125,0.0,0.0,0.0],"rotation":270,"texture":"#0","tintindex":0}}}],"display":{"head":{"translation":[0.0,-6.4,0.0],"scale":[4.0,4.0,4.0]}}}