{"textures":{"0":"modelengine:entity/viking_miniboss"},"elements":[{"from":[7.25,5.083333,-2.291666],"to":[8.75,7.0833335,3.708333],"faces":{"east":{"uv":[6.875,3.0625,6.125,3.3125],"tintindex":0,"rotation":0,"texture":"#0"},"south":{"uv":[7.1875,5.6875,7.0,5.9375],"tintindex":0,"rotation":0,"texture":"#0"},"north":{"uv":[5.875,7.0,5.6875,7.25],"tintindex":0,"rotation":0,"texture":"#0"},"west":{"uv":[6.125,3.0625,6.875,3.3125],"tintindex":0,"rotation":0,"texture":"#0"},"up":{"uv":[1.3125,7.25,1.5,6.5],"tintindex":0,"rotation":0,"texture":"#0"},"down":{"uv":[1.5,6.5,1.6875,7.25],"tintindex":0,"rotation":0,"texture":"#0"}}},{"from":[7.25,1.083333,-2.291666],"to":[8.75,5.083333,8.708333],"faces":{"east":{"uv":[3.75,3.0,2.375,3.5],"tintindex":0,"rotation":0,"texture":"#0"},"south":{"uv":[2.75,6.8125,2.5625,7.3125],"tintindex":0,"rotation":0,"texture":"#0"},"north":{"uv":[2.5625,6.8125,2.375,7.3125],"tintindex":0,"rotation":0,"texture":"#0"},"west":{"uv":[2.375,3.0,3.75,3.5],"tintindex":0,"rotation":0,"texture":"#0"},"up":{"uv":[1.875,6.5,2.0625,5.125],"tintindex":0,"rotation":0,"texture":"#0"},"down":{"uv":[0.5,5.25,0.6875,6.625],"tintindex":0,"rotation":0,"texture":"#0"}}},{"from":[6.75,8.083334,3.708333],"to":[9.25,11.083333,7.708333],"faces":{"east":{"uv":[6.5625,2.0,6.0625,2.375],"tintindex":0,"rotation":0,"texture":"#0"},"south":{"uv":[6.875,4.875,6.5625,5.25],"tintindex":0,"rotation":0,"texture":"#0"},"north":{"uv":[6.875,2.375,6.5625,2.75],"tintindex":0,"rotation":0,"texture":"#0"},"west":{"uv":[6.5625,0.5,6.0625,0.875],"tintindex":0,"rotation":0,"texture":"#0"},"up":{"uv":[3.0,6.8125,3.3125,6.3125],"tintindex":0,"rotation":0,"texture":"#0"},"down":{"uv":[3.3125,6.3125,3.625,6.8125],"tintindex":0,"rotation":0,"texture":"#0"}}},{"from":[6.75,8.083334,21.208332],"to":[9.25,11.083333,25.208332],"faces":{"east":{"uv":[3.0,6.0625,2.5,6.4375],"tintindex":0,"rotation":0,"texture":"#0"},"south":{"uv":[3.9375,6.625,3.625,7.0],"tintindex":0,"rotation":0,"texture":"#0"},"north":{"uv":[6.875,6.5,6.5625,6.875],"tintindex":0,"rotation":0,"texture":"#0"},"west":{"uv":[6.5625,2.375,6.0625,2.75],"tintindex":0,"rotation":0,"texture":"#0"},"up":{"uv":[6.3125,4.3125,6.625,3.8125],"tintindex":0,"rotation":0,"texture":"#0"},"down":{"uv":[1.0,6.375,1.3125,6.875],"tintindex":0,"rotation":0,"texture":"#0"}}},{"from":[7.25,8.583334,7.708333],"to":[8.75,10.583334,21.208332],"faces":{"east":{"uv":[5.8125,1.375,4.125,1.625],"tintindex":0,"rotation":0,"texture":"#0"},"south":{"uv":[7.1875,5.25,7.0,5.5],"tintindex":0,"rotation":0,"texture":"#0"},"north":{"uv":[5.375,7.0,5.1875,7.25],"tintindex":0,"rotation":0,"texture":"#0"},"west":{"uv":[5.8125,1.125,4.125,1.375],"tintindex":0,"rotation":0,"texture":"#0"},"up":{"uv":[1.1875,6.375,1.375,4.6875],"tintindex":0,"rotation":0,"texture":"#0"},"down":{"uv":[4.0625,4.875,4.25,6.5625],"tintindex":0,"rotation":0,"texture":"#0"}}},{"from":[6.25,7.0833335,-2.291666],"to":[9.75,13.083333,3.708333],"faces":{"east":{"uv":[0.75,3.625,0.0,4.375],"tintindex":0,"rotation":0,"texture":"#0"},"south":{"uv":[3.1875,4.875,2.75,5.625],"tintindex":0,"rotation":0,"texture":"#0"},"north":{"uv":[5.3125,0.0,4.875,0.75],"tintindex":0,"rotation":0,"texture":"#0"},"west":{"uv":[0.0,3.625,0.75,4.375],"tintindex":0,"rotation":0,"texture":"#0"},"up":{"uv":[3.1875,5.625,3.625,4.875],"tintindex":0,"rotation":0,"texture":"#0"},"down":{"uv":[3.625,4.875,4.0625,5.625],"tintindex":0,"rotation":0,"texture":"#0"}}}],"display":{"gui":{"rotation":[30,225,0]}}}