{"textures":{"0":"modelengine:entity/voras"},"elements":[{"from":[-2.0,0.6663904,2.857141],"to":[17.428572,15.523534,20.0],"rotation":{"angle":0.0,"axis":"y","origin":[7.714286,8.952105,15.999999]},"faces":{"east":{"uv":[2.12875,3.25375,3.99625,4.87125],"rotation":0,"texture":"#0","tintindex":0},"south":{"uv":[2.12875,1.62875,4.24625,3.24625],"rotation":0,"texture":"#0","tintindex":0},"north":{"uv":[2.12875,0.00375,4.24625,1.62125],"rotation":0,"texture":"#0","tintindex":0},"west":{"uv":[0.00375,3.75375,1.87125,5.37125],"rotation":0,"texture":"#0","tintindex":0},"up":{"uv":[2.12125,1.87125,0.00375,0.00375],"rotation":0,"texture":"#0","tintindex":0},"down":{"uv":[2.12125,1.87875,0.00375,3.74625],"rotation":0,"texture":"#0","tintindex":0}}},{"from":[-0.98984814,0.6663904,19.581581],"to":[-0.98984814,15.523534,22.438723],"rotation":{"angle":45.0,"axis":"y","origin":[-0.98984814,8.094962,21.01015]},"faces":{"east":{"uv":[3.30875,6.69125,3.00375,8.30875],"rotation":0,"texture":"#0","tintindex":0},"south":{"uv":[0.00375,0.00375,0.00375,1.62125],"rotation":0,"texture":"#0","tintindex":0},"north":{"uv":[0.00375,0.00375,0.00375,1.62125],"rotation":0,"texture":"#0","tintindex":0},"west":{"uv":[3.00375,6.69125,3.30875,8.30875],"rotation":0,"texture":"#0","tintindex":0},"up":{"uv":[0.00375,0.30875,0.00375,0.00375],"rotation":0,"texture":"#0","tintindex":0},"down":{"uv":[0.00375,0.00375,0.00375,0.30875],"rotation":0,"texture":"#0","tintindex":0}}},{"from":[-2.0,0.6663904,9.142856],"to":[-2.0,15.523534,11.999998],"rotation":{"angle":-22.5,"axis":"y","origin":[-2.0,8.094962,9.142856]},"faces":{"east":{"uv":[5.81625,7.06625,6.12125,8.68375],"rotation":0,"texture":"#0","tintindex":0},"south":{"uv":[0.00375,0.00375,0.00375,1.62125],"rotation":0,"texture":"#0","tintindex":0},"north":{"uv":[0.00375,0.00375,0.00375,1.62125],"rotation":0,"texture":"#0","tintindex":0},"west":{"uv":[6.12125,7.06625,5.81625,8.68375],"rotation":0,"texture":"#0","tintindex":0},"up":{"uv":[0.00375,0.30875,0.00375,0.00375],"rotation":0,"texture":"#0","tintindex":0},"down":{"uv":[0.00375,0.00375,0.00375,0.30875],"rotation":0,"texture":"#0","tintindex":0}}},{"from":[-0.98984814,-1.7723341,2.857141],"to":[-0.98984814,1.0848093,20.0],"rotation":{"angle":45.0,"axis":"z","origin":[-0.98984814,-0.3437624,11.42857]},"faces":{"east":{"uv":[0.75375,7.00375,2.62125,7.30875],"rotation":0,"texture":"#0","tintindex":0},"south":{"uv":[0.00375,0.00375,0.00375,0.30875],"rotation":0,"texture":"#0","tintindex":0},"north":{"uv":[0.00375,0.00375,0.00375,0.30875],"rotation":0,"texture":"#0","tintindex":0},"west":{"uv":[0.75375,7.00375,2.62125,7.30875],"rotation":0,"texture":"#0","tintindex":0},"up":{"uv":[0.00375,1.87125,0.00375,0.00375],"rotation":0,"texture":"#0","tintindex":0},"down":{"uv":[0.00375,0.00375,0.00375,1.87125],"rotation":0,"texture":"#0","tintindex":0}}},{"from":[17.428572,0.6663904,9.142856],"to":[17.428572,15.523534,11.999998],"rotation":{"angle":22.5,"axis":"y","origin":[17.428572,8.094962,9.142856]},"faces":{"east":{"uv":[5.81625,7.06625,6.12125,8.68375],"rotation":0,"texture":"#0","tintindex":0},"south":{"uv":[0.00375,0.00375,0.00375,1.62125],"rotation":0,"texture":"#0","tintindex":0},"north":{"uv":[0.00375,0.00375,0.00375,1.62125],"rotation":0,"texture":"#0","tintindex":0},"west":{"uv":[6.12125,7.06625,5.81625,8.68375],"rotation":0,"texture":"#0","tintindex":0},"up":{"uv":[0.00375,0.30875,0.00375,0.00375],"rotation":0,"texture":"#0","tintindex":0},"down":{"uv":[0.00375,0.00375,0.00375,0.30875],"rotation":0,"texture":"#0","tintindex":0}}},{"from":[16.418419,0.6663904,19.581581],"to":[16.418419,15.523534,22.438723],"rotation":{"angle":-45.0,"axis":"y","origin":[16.418419,8.094962,21.01015]},"faces":{"east":{"uv":[3.30875,6.69125,3.00375,8.30875],"rotation":0,"texture":"#0","tintindex":0},"south":{"uv":[0.00375,0.00375,0.00375,1.62125],"rotation":0,"texture":"#0","tintindex":0},"north":{"uv":[0.00375,0.00375,0.00375,1.62125],"rotation":0,"texture":"#0","tintindex":0},"west":{"uv":[3.00375,6.69125,3.30875,8.30875],"rotation":0,"texture":"#0","tintindex":0},"up":{"uv":[0.00375,0.30875,0.00375,0.00375],"rotation":0,"texture":"#0","tintindex":0},"down":{"uv":[0.00375,0.00375,0.00375,0.30875],"rotation":0,"texture":"#0","tintindex":0}}},{"from":[16.418419,-1.7723341,2.857141],"to":[16.418419,1.0848093,20.0],"rotation":{"angle":-45.0,"axis":"z","origin":[16.418419,-0.3437624,11.42857]},"faces":{"east":{"uv":[2.62125,7.00375,0.75375,7.30875],"rotation":0,"texture":"#0","tintindex":0},"south":{"uv":[0.00375,0.00375,0.00375,0.30875],"rotation":0,"texture":"#0","tintindex":0},"north":{"uv":[0.00375,0.00375,0.00375,0.30875],"rotation":0,"texture":"#0","tintindex":0},"west":{"uv":[2.62125,7.00375,0.75375,7.30875],"rotation":0,"texture":"#0","tintindex":0},"up":{"uv":[0.00375,1.87125,0.00375,0.00375],"rotation":0,"texture":"#0","tintindex":0},"down":{"uv":[0.00375,0.00375,0.00375,1.87125],"rotation":0,"texture":"#0","tintindex":0}}},{"from":[-0.2857151,16.094963,8.571427],"to":[15.714286,17.809248,24.0],"rotation":{"angle":0.0,"axis":"y","origin":[7.714286,8.952105,15.999999]},"faces":{"east":{"uv":[8.00375,0.50375,9.68375,0.68375],"rotation":0,"texture":"#0","tintindex":0},"south":{"uv":[8.00375,0.31625,9.74625,0.49625],"rotation":0,"texture":"#0","tintindex":0},"north":{"uv":[7.87875,7.12875,9.62125,7.30875],"rotation":0,"texture":"#0","tintindex":0},"west":{"uv":[8.00375,0.69125,9.68375,0.87125],"rotation":0,"texture":"#0","tintindex":0},"up":{"uv":[5.74625,4.93375,4.00375,3.25375],"rotation":0,"texture":"#0","tintindex":0},"down":{"uv":[5.99625,0.00375,4.25375,1.68375],"rotation":0,"texture":"#0","tintindex":0}}},{"from":[1.9999995,16.094963,24.0],"to":[13.428572,17.809248,29.714285],"rotation":{"angle":0.0,"axis":"y","origin":[7.714286,8.952105,15.999999]},"faces":{"east":{"uv":[6.00375,1.50375,6.62125,1.68375],"rotation":0,"texture":"#0","tintindex":0},"south":{"uv":[8.44125,6.12875,9.68375,6.30875],"rotation":0,"texture":"#0","tintindex":0},"north":{"uv":[8.37875,7.62875,9.62125,7.80875],"rotation":0,"texture":"#0","tintindex":0},"west":{"uv":[9.00375,1.12875,9.62125,1.30875],"rotation":0,"texture":"#0","tintindex":0},"up":{"uv":[3.12125,6.68375,1.87875,6.06625],"rotation":0,"texture":"#0","tintindex":0},"down":{"uv":[7.43375,4.87875,6.19125,5.49625],"rotation":0,"texture":"#0","tintindex":0}}},{"from":[13.428572,15.523534,24.0],"to":[15.714286,18.380676,32.0],"rotation":{"angle":0.0,"axis":"y","origin":[7.714286,8.952105,15.999999]},"faces":{"east":{"uv":[8.12875,1.12875,8.99625,1.43375],"rotation":0,"texture":"#0","tintindex":0},"south":{"uv":[2.12875,9.19125,2.37125,9.49625],"rotation":0,"texture":"#0","tintindex":0},"north":{"uv":[1.87875,9.19125,2.12125,9.49625],"rotation":0,"texture":"#0","tintindex":0},"west":{"uv":[8.12875,3.06625,8.99625,3.37125],"rotation":0,"texture":"#0","tintindex":0},"up":{"uv":[2.12125,4.62125,1.87875,3.75375],"rotation":0,"texture":"#0","tintindex":0},"down":{"uv":[3.30875,8.31625,3.06625,9.18375],"rotation":0,"texture":"#0","tintindex":0}}},{"from":[-0.2857151,15.523534,24.0],"to":[1.9999995,18.380676,32.0],"rotation":{"angle":0.0,"axis":"y","origin":[7.714286,8.952105,15.999999]},"faces":{"east":{"uv":[8.12875,3.37875,8.99625,3.68375],"rotation":0,"texture":"#0","tintindex":0},"south":{"uv":[2.37875,9.19125,2.62125,9.49625],"rotation":0,"texture":"#0","tintindex":0},"north":{"uv":[9.19125,2.25375,9.43375,2.55875],"rotation":0,"texture":"#0","tintindex":0},"west":{"uv":[8.19125,7.94125,9.05875,8.24625],"rotation":0,"texture":"#0","tintindex":0},"up":{"uv":[8.80875,6.12125,8.56625,5.25375],"rotation":0,"texture":"#0","tintindex":0},"down":{"uv":[8.93375,1.44125,8.69125,2.30875],"rotation":0,"texture":"#0","tintindex":0}}},{"from":[-2.5714293,15.523534,8.571427],"to":[-0.2857151,18.380676,26.285713],"rotation":{"angle":0.0,"axis":"y","origin":[7.714286,8.952105,15.999999]},"faces":{"east":{"uv":[0.75375,6.69125,2.68375,6.99625],"rotation":0,"texture":"#0","tintindex":0},"south":{"uv":[3.06625,9.19125,3.30875,9.49625],"rotation":0,"texture":"#0","tintindex":0},"north":{"uv":[2.62875,9.19125,2.87125,9.49625],"rotation":0,"texture":"#0","tintindex":0},"west":{"uv":[6.75375,3.69125,8.68375,3.99625],"rotation":0,"texture":"#0","tintindex":0},"up":{"uv":[3.55875,9.05875,3.31625,7.12875],"rotation":0,"texture":"#0","tintindex":0},"down":{"uv":[3.80875,7.12875,3.56625,9.05875],"rotation":0,"texture":"#0","tintindex":0}}},{"from":[15.714286,15.523534,8.571427],"to":[18.0,18.380676,26.285713],"rotation":{"angle":0.0,"axis":"y","origin":[7.714286,8.952105,15.999999]},"faces":{"east":{"uv":[6.75375,4.00375,8.68375,4.30875],"rotation":0,"texture":"#0","tintindex":0},"south":{"uv":[9.19125,3.94125,9.43375,4.24625],"rotation":0,"texture":"#0","tintindex":0},"north":{"uv":[9.19125,3.62875,9.43375,3.93375],"rotation":0,"texture":"#0","tintindex":0},"west":{"uv":[4.31625,6.75375,6.24625,7.05875],"rotation":0,"texture":"#0","tintindex":0},"up":{"uv":[4.05875,9.05875,3.81625,7.12875],"rotation":0,"texture":"#0","tintindex":0},"down":{"uv":[4.30875,7.12875,4.06625,9.05875],"rotation":0,"texture":"#0","tintindex":0}}},{"from":[-0.2857151,18.380676,8.571427],"to":[15.714286,18.380676,17.142857],"rotation":{"angle":0.0,"axis":"y","origin":[7.714286,8.952105,15.999999]},"faces":{"east":{"uv":[6.75375,4.00375,7.6875,4.00375],"rotation":0,"texture":"#0","tintindex":0},"south":{"uv":[9.19125,3.94125,10.93375,3.94125],"rotation":0,"texture":"#0","tintindex":0},"north":{"uv":[9.19125,3.62875,10.93375,3.62875],"rotation":0,"texture":"#0","tintindex":0},"west":{"uv":[4.31625,6.75375,5.25,6.75375],"rotation":0,"texture":"#0","tintindex":0},"up":{"uv":[11.55875,0.9375,9.81625,0.00375],"rotation":0,"texture":"#0","tintindex":0},"down":{"uv":[11.55875,0.00375,9.81625,0.9375],"rotation":0,"texture":"#0","tintindex":0}}},{"from":[1.9999995,15.523534,29.714285],"to":[13.428572,18.380676,32.0],"rotation":{"angle":0.0,"axis":"y","origin":[7.714286,8.952105,15.999999]},"faces":{"east":{"uv":[6.50375,9.19125,6.74625,9.49625],"rotation":0,"texture":"#0","tintindex":0},"south":{"uv":[1.44125,7.75375,2.68375,8.05875],"rotation":0,"texture":"#0","tintindex":0},"north":{"uv":[7.12875,7.62875,8.37125,7.93375],"rotation":0,"texture":"#0","tintindex":0},"west":{"uv":[4.69125,9.25375,4.93375,9.55875],"rotation":0,"texture":"#0","tintindex":0},"up":{"uv":[9.24625,1.12125,8.00375,0.87875],"rotation":0,"texture":"#0","tintindex":0},"down":{"uv":[1.93375,8.06625,0.69125,8.30875],"rotation":0,"texture":"#0","tintindex":0}}},{"from":[-3.1428576,14.952105,3.999998],"to":[18.57143,19.523533,8.571427],"rotation":{"angle":0.0,"axis":"y","origin":[7.714286,8.952105,15.999999]},"faces":{"east":{"uv":[2.56625,8.31625,3.05875,8.80875],"rotation":0,"texture":"#0","tintindex":0},"south":{"uv":[5.69125,2.19125,8.05875,2.68375],"rotation":0,"texture":"#0","tintindex":0},"north":{"uv":[5.69125,1.69125,8.05875,2.18375],"rotation":0,"texture":"#0","tintindex":0},"west":{"uv":[4.31625,8.37875,4.80875,8.87125],"rotation":0,"texture":"#0","tintindex":0},"up":{"uv":[8.05875,3.18375,5.69125,2.69125],"rotation":0,"texture":"#0","tintindex":0},"down":{"uv":[8.12125,3.19125,5.75375,3.68375],"rotation":0,"texture":"#0","tintindex":0}}},{"from":[1.4285712,-1.4285717,13.436094],"to":[14.571428,9.428572,22.578953],"rotation":{"angle":-22.5,"axis":"x","origin":[8.0,4.0,18.007523]},"faces":{"east":{"uv":[5.75375,3.69125,6.74625,4.87125],"rotation":0,"texture":"#0","tintindex":0},"south":{"uv":[1.87875,4.87875,3.30875,6.05875],"rotation":0,"texture":"#0","tintindex":0},"north":{"uv":[4.25375,1.69125,5.68375,2.87125],"rotation":0,"texture":"#0","tintindex":0},"west":{"uv":[3.31625,5.94125,4.30875,7.12125],"rotation":0,"texture":"#0","tintindex":0},"up":{"uv":[4.74625,5.93375,3.31625,4.94125],"rotation":0,"texture":"#0","tintindex":0},"down":{"uv":[6.18375,4.94125,4.75375,5.93375],"rotation":0,"texture":"#0","tintindex":0}}},{"from":[1.4285712,-2.0141172,23.761179],"to":[14.571428,0.84302616,23.761179],"rotation":{"angle":22.5,"axis":"x","origin":[8.0,-0.58554554,23.761179]},"faces":{"east":{"uv":[0.00375,0.00375,0.00375,0.30875],"rotation":0,"texture":"#0","tintindex":0},"south":{"uv":[7.19125,7.31625,8.62125,7.62125],"rotation":0,"texture":"#0","tintindex":0},"north":{"uv":[8.62125,7.31625,7.19125,7.62125],"rotation":0,"texture":"#0","tintindex":0},"west":{"uv":[0.00375,0.00375,0.00375,0.30875],"rotation":0,"texture":"#0","tintindex":0},"up":{"uv":[1.43375,0.00375,0.00375,0.00375],"rotation":0,"texture":"#0","tintindex":0},"down":{"uv":[1.43375,0.00375,0.00375,0.00375],"rotation":0,"texture":"#0","tintindex":0}}},{"from":[1.4285712,-5.2034807,16.87165],"to":[14.571428,-2.3463383,16.87165],"rotation":{"angle":-45.0,"axis":"x","origin":[8.0,-3.774909,16.87165]},"faces":{"east":{"uv":[0.00375,0.00375,0.00375,0.30875],"rotation":0,"texture":"#0","tintindex":0},"south":{"uv":[7.44125,4.94125,8.87125,5.24625],"rotation":0,"texture":"#0","tintindex":0},"north":{"uv":[7.44125,4.94125,8.87125,5.24625],"rotation":0,"texture":"#0","tintindex":0},"west":{"uv":[0.00375,0.00375,0.00375,0.30875],"rotation":0,"texture":"#0","tintindex":0},"up":{"uv":[1.43375,0.00375,0.00375,0.00375],"rotation":0,"texture":"#0","tintindex":0},"down":{"uv":[1.43375,0.00375,0.00375,0.00375],"rotation":0,"texture":"#0","tintindex":0}}}],"display":{"head":{"translation":[0.0,-6.4,4.541336],"scale":[4.0,4.0,4.0]}}}