{"textures":{"0":"modelengine:entity/voras"},"elements":[{"from":[3.908039,7.678919,2.8808694],"to":[13.622326,10.536062,5.1665835],"rotation":{"angle":0.0,"axis":"y","origin":[-2.377675,4.8217764,-5.6905603]},"faces":{"east":{"uv":[9.12125,9.25375,8.87875,9.55875],"rotation":0,"texture":"#0","tintindex":0},"south":{"uv":[9.05875,0.00375,8.00375,0.30875],"rotation":0,"texture":"#0","tintindex":0},"north":{"uv":[8.18375,7.94125,7.12875,8.24625],"rotation":0,"texture":"#0","tintindex":0},"west":{"uv":[9.49625,4.87875,9.25375,5.18375],"rotation":0,"texture":"#0","tintindex":0},"up":{"uv":[7.75375,8.49625,8.80875,8.25375],"rotation":0,"texture":"#0","tintindex":0},"down":{"uv":[0.44125,8.31625,1.49625,8.55875],"rotation":0,"texture":"#0","tintindex":0}}},{"from":[0.47946787,5.964633,4.0237265],"to":[7.336611,12.250348,4.0237265],"rotation":{"angle":-22.5,"axis":"z","origin":[3.908039,9.107491,4.0237265]},"faces":{"east":{"uv":[0.00375,0.00375,0.00375,0.68375],"rotation":0,"texture":"#0","tintindex":0},"south":{"uv":[5.80875,7.06625,5.06625,7.74625],"rotation":0,"texture":"#0","tintindex":0},"north":{"uv":[5.06625,7.06625,5.80875,7.74625],"rotation":0,"texture":"#0","tintindex":0},"west":{"uv":[0.00375,0.00375,0.00375,0.68375],"rotation":0,"texture":"#0","tintindex":0},"up":{"uv":[0.00375,0.00375,0.74625,0.00375],"rotation":0,"texture":"#0","tintindex":0},"down":{"uv":[0.00375,0.00375,0.74625,0.00375],"rotation":0,"texture":"#0","tintindex":0}}},{"from":[13.651041,5.3407,0.59515524],"to":[19.936756,5.3407,6.8808694],"rotation":{"angle":45.0,"axis":"z","origin":[3.9367552,-0.37358665,-7.9762745]},"faces":{"east":{"uv":[0.68375,0.00375,0.00375,0.00375],"rotation":0,"texture":"#0","tintindex":0},"south":{"uv":[0.68375,0.00375,0.00375,0.00375],"rotation":0,"texture":"#0","tintindex":0},"north":{"uv":[0.68375,0.00375,0.00375,0.00375],"rotation":0,"texture":"#0","tintindex":0},"west":{"uv":[0.68375,0.00375,0.00375,0.00375],"rotation":0,"texture":"#0","tintindex":0},"up":{"uv":[1.43375,7.99625,0.75375,7.31625],"rotation":0,"texture":"#0","tintindex":0},"down":{"uv":[0.75375,7.31625,1.43375,7.99625],"rotation":0,"texture":"#0","tintindex":0}}},{"from":[13.622326,7.678919,2.309441],"to":[18.193754,12.250348,5.7380123],"rotation":{"angle":0.0,"axis":"y","origin":[-2.377675,4.8217764,-5.6905603]},"faces":{"east":{"uv":[4.68375,8.87875,4.31625,9.37125],"rotation":0,"texture":"#0","tintindex":0},"south":{"uv":[5.80875,8.37875,5.31625,8.87125],"rotation":0,"texture":"#0","tintindex":0},"north":{"uv":[5.30875,8.37875,4.81625,8.87125],"rotation":0,"texture":"#0","tintindex":0},"west":{"uv":[6.87125,8.69125,6.50375,9.18375],"rotation":0,"texture":"#0","tintindex":0},"up":{"uv":[8.87875,4.87125,9.37125,4.50375],"rotation":0,"texture":"#0","tintindex":0},"down":{"uv":[4.69125,8.87875,5.18375,9.24625],"rotation":0,"texture":"#0","tintindex":0}}},{"from":[11.336611,10.536062,2.8808694],"to":[13.622326,11.678919,5.1665835],"rotation":{"angle":0.0,"axis":"y","origin":[-2.377675,4.8217764,-5.6905603]},"faces":{"east":{"uv":[9.68375,4.00375,9.44125,4.12125],"rotation":0,"texture":"#0","tintindex":0},"south":{"uv":[4.05875,9.44125,3.81625,9.55875],"rotation":0,"texture":"#0","tintindex":0},"north":{"uv":[8.87125,4.50375,8.62875,4.62125],"rotation":0,"texture":"#0","tintindex":0},"west":{"uv":[9.68375,2.87875,9.44125,2.99625],"rotation":0,"texture":"#0","tintindex":0},"up":{"uv":[7.69125,9.62125,7.93375,9.37875],"rotation":0,"texture":"#0","tintindex":0},"down":{"uv":[9.37875,7.81625,9.62125,8.05875],"rotation":0,"texture":"#0","tintindex":0}}}],"display":{"head":{"translation":[0.0,-6.4,0.0],"scale":[4.0,4.0,4.0]}}}