{"textures":{"1":"modelengine:entity/viking_1"},"elements":[{"from":[1.0852213,1.2535524,9.5962715],"to":[14.8452215,15.013552,11.316271],"faces":{"east":{"uv":[3.625,4.75,3.875,6.5],"tintindex":0,"rotation":0,"texture":"#1"},"south":{"uv":[0.0,1.75,1.75,3.5],"tintindex":0,"rotation":0,"texture":"#1"},"north":{"uv":[0.0,0.0,1.75,1.75],"tintindex":0,"rotation":0,"texture":"#1"},"west":{"uv":[3.875,5.75,4.125,7.5],"tintindex":0,"rotation":0,"texture":"#1"},"up":{"uv":[7.5,3.75,5.75,3.5],"tintindex":0,"rotation":0,"texture":"#1"},"down":{"uv":[7.5,3.75,5.75,4.0],"tintindex":0,"rotation":0,"texture":"#1"}}},{"from":[5.3852215,5.983553,11.316271],"to":[10.545221,11.143553,12.176271],"faces":{"east":{"uv":[2.75,3.25,2.875,3.875],"tintindex":0,"rotation":0,"texture":"#1"},"south":{"uv":[4.125,6.125,4.75,6.75],"tintindex":0,"rotation":0,"texture":"#1"},"north":{"uv":[6.125,1.125,6.75,1.75],"tintindex":0,"rotation":0,"texture":"#1"},"west":{"uv":[3.5,5.875,3.625,6.5],"tintindex":0,"rotation":0,"texture":"#1"},"up":{"uv":[0.625,4.625,0.0,4.5],"tintindex":0,"rotation":0,"texture":"#1"},"down":{"uv":[6.375,4.375,5.75,4.5],"tintindex":0,"rotation":0,"texture":"#1"}}}],"display":{"gui":{"rotation":[30,225,0]}}}