{"textures":{"1":"modelengine:entity/viking_1"},"elements":[{"from":[3.6999998,4.99,4.56],"to":[12.3,13.59,10.58],"faces":{"east":{"uv":[1.0,3.5,1.75,4.625],"tintindex":0,"rotation":0,"texture":"#1"},"south":{"uv":[1.75,1.125,2.875,2.25],"tintindex":0,"rotation":0,"texture":"#1"},"north":{"uv":[1.75,0.0,2.875,1.125],"tintindex":0,"rotation":0,"texture":"#1"},"west":{"uv":[3.875,3.5,4.625,4.625],"tintindex":0,"rotation":0,"texture":"#1"},"up":{"uv":[5.125,0.75,4.0,0.0],"tintindex":0,"rotation":0,"texture":"#1"},"down":{"uv":[3.875,4.0,2.75,4.75],"tintindex":0,"rotation":0,"texture":"#1"}}},{"from":[2.8400002,12.177162,2.6171904],"to":[13.16,17.337162,8.637191],"faces":{"east":{"uv":[5.375,0.5,6.125,1.125],"tintindex":0,"rotation":0,"texture":"#1"},"south":{"uv":[1.25,4.625,2.5,5.25],"tintindex":0,"rotation":0,"texture":"#1"},"north":{"uv":[0.0,4.625,1.25,5.25],"tintindex":0,"rotation":0,"texture":"#1"},"west":{"uv":[5.375,1.125,6.125,1.75],"tintindex":0,"rotation":0,"texture":"#1"},"up":{"uv":[5.125,2.75,3.875,2.0],"tintindex":0,"rotation":0,"texture":"#1"},"down":{"uv":[5.125,2.75,3.875,3.5],"tintindex":0,"rotation":0,"texture":"#1"}},"rotation":{"origin":[8.0,17.767162,6.0571904],"angle":-22.5,"axis":"x"}},{"from":[5.42,3.5108042,5.976416],"to":[10.58,6.090804,11.136416],"faces":{"east":{"uv":[6.875,4.375,7.5,4.75],"tintindex":0,"rotation":0,"texture":"#1"},"south":{"uv":[6.875,4.75,7.5,5.125],"tintindex":0,"rotation":0,"texture":"#1"},"north":{"uv":[6.875,4.0,7.5,4.375],"tintindex":0,"rotation":0,"texture":"#1"},"west":{"uv":[6.875,5.125,7.5,5.5],"tintindex":0,"rotation":0,"texture":"#1"},"up":{"uv":[6.5,6.375,5.875,5.75],"tintindex":0,"rotation":0,"texture":"#1"},"down":{"uv":[6.75,0.5,6.125,1.125],"tintindex":0,"rotation":0,"texture":"#1"}},"rotation":{"origin":[8.0,7.8108044,8.986416],"angle":22.5,"axis":"x"}},{"from":[3.6999998,15.617163,1.7571902],"to":[12.3,19.057163,9.49719],"faces":{"east":{"uv":[1.75,4.25,2.75,4.625],"tintindex":0,"rotation":0,"texture":"#1"},"south":{"uv":[4.125,5.75,5.25,6.125],"tintindex":0,"rotation":0,"texture":"#1"},"north":{"uv":[5.75,4.0,6.875,4.375],"tintindex":0,"rotation":0,"texture":"#1"},"west":{"uv":[6.25,0.0,7.25,0.375],"tintindex":0,"rotation":0,"texture":"#1"},"up":{"uv":[2.875,3.25,1.75,2.25],"tintindex":0,"rotation":0,"texture":"#1"},"down":{"uv":[4.0,0.0,2.875,1.0],"tintindex":0,"rotation":0,"texture":"#1"}},"rotation":{"origin":[8.0,17.767162,6.0571904],"angle":-45.0,"axis":"x"}},{"from":[3.6999998,0.6899996,4.56],"to":[12.3,4.99,4.56],"faces":{"south":{"uv":[5.125,3.0,6.25,3.5],"tintindex":0,"rotation":0,"texture":"#1"},"north":{"uv":[5.125,0.0,6.25,0.5],"tintindex":0,"rotation":0,"texture":"#1"}}},{"from":[5.42,17.337162,3.4771905],"to":[10.58,19.917164,8.637191],"faces":{"east":{"uv":[6.875,2.25,7.5,2.625],"tintindex":0,"rotation":0,"texture":"#1"},"south":{"uv":[6.875,2.625,7.5,3.0],"tintindex":0,"rotation":0,"texture":"#1"},"north":{"uv":[6.875,1.875,7.5,2.25],"tintindex":0,"rotation":0,"texture":"#1"},"west":{"uv":[2.875,6.875,3.5,7.25],"tintindex":0,"rotation":0,"texture":"#1"},"up":{"uv":[5.875,6.375,5.25,5.75],"tintindex":0,"rotation":0,"texture":"#1"},"down":{"uv":[3.125,5.875,2.5,6.5],"tintindex":0,"rotation":0,"texture":"#1"}},"rotation":{"origin":[8.0,17.767162,6.0571904],"angle":-22.5,"axis":"x"}}],"display":{"gui":{"rotation":[30,225,0]}}}