{"textures":{"1":"modelengine:entity/viking_1"},"elements":[{"from":[5.85,15.268845,2.6741538],"to":[10.15,16.988846,12.134153],"faces":{"east":{"uv":[6.25,3.125,7.375,3.375],"tintindex":0,"rotation":0,"texture":"#1"},"south":{"uv":[0.75,7.875,1.25,8.125],"tintindex":0,"rotation":0,"texture":"#1"},"north":{"uv":[4.0,0.75,4.5,1.0],"tintindex":0,"rotation":0,"texture":"#1"},"west":{"uv":[6.875,1.625,8.0,1.875],"tintindex":0,"rotation":0,"texture":"#1"},"up":{"uv":[3.625,5.875,3.125,4.75],"tintindex":0,"rotation":0,"texture":"#1"},"down":{"uv":[5.375,0.75,4.875,1.875],"tintindex":0,"rotation":0,"texture":"#1"}}},{"from":[6.71,10.108845,1.8141537],"to":[9.29,11.828846,2.6741538],"faces":{"east":{"uv":[5.125,0.5,5.25,0.75],"tintindex":0,"rotation":0,"texture":"#1"},"south":{"uv":[7.875,2.125,8.25,2.375],"tintindex":0,"rotation":0,"texture":"#1"},"north":{"uv":[7.875,1.875,8.25,2.125],"tintindex":0,"rotation":0,"texture":"#1"},"west":{"uv":[5.25,0.5,5.375,0.75],"tintindex":0,"rotation":0,"texture":"#1"},"up":{"uv":[1.0,4.625,0.625,4.5],"tintindex":0,"rotation":0,"texture":"#1"},"down":{"uv":[5.625,4.5,5.25,4.625],"tintindex":0,"rotation":0,"texture":"#1"}}},{"from":[10.6763935,9.678844,5.3205123],"to":[12.396393,13.118847,7.9005127],"faces":{"east":{"uv":[3.5,7.75,3.875,8.125],"tintindex":0,"rotation":0,"texture":"#1"},"south":{"uv":[4.125,7.875,4.375,8.25],"tintindex":0,"rotation":0,"texture":"#1"},"north":{"uv":[7.875,3.875,8.125,4.25],"tintindex":0,"rotation":0,"texture":"#1"},"west":{"uv":[4.5,7.75,4.875,8.125],"tintindex":0,"rotation":0,"texture":"#1"},"up":{"uv":[8.125,4.625,7.875,4.25],"tintindex":0,"rotation":0,"texture":"#1"},"down":{"uv":[8.125,4.625,7.875,5.0],"tintindex":0,"rotation":0,"texture":"#1"}},"rotation":{"origin":[11.966393,11.398846,6.6105127],"angle":22.5,"axis":"y"}},{"from":[6.2799997,7.528845,10.414154],"to":[9.72,10.108845,12.994154],"faces":{"east":{"uv":[7.5,4.25,7.875,4.625],"tintindex":0,"rotation":0,"texture":"#1"},"south":{"uv":[7.5,4.625,7.875,5.0],"tintindex":0,"rotation":0,"texture":"#1"},"north":{"uv":[7.5,3.875,7.875,4.25],"tintindex":0,"rotation":0,"texture":"#1"},"west":{"uv":[7.5,5.0,7.875,5.375],"tintindex":0,"rotation":0,"texture":"#1"},"up":{"uv":[7.75,7.875,7.375,7.5],"tintindex":0,"rotation":0,"texture":"#1"},"down":{"uv":[8.0,0.0,7.625,0.375],"tintindex":0,"rotation":0,"texture":"#1"}},"rotation":{"origin":[8.0,8.818846,11.704154],"angle":-22.5,"axis":"x"}},{"from":[6.2799997,5.8088455,2.6741538],"to":[9.72,8.388845,5.254154],"faces":{"east":{"uv":[2.75,7.625,3.125,8.0],"tintindex":0,"rotation":0,"texture":"#1"},"south":{"uv":[3.125,7.625,3.5,8.0],"tintindex":0,"rotation":0,"texture":"#1"},"north":{"uv":[1.5,7.625,1.875,8.0],"tintindex":0,"rotation":0,"texture":"#1"},"west":{"uv":[5.0,7.625,5.375,8.0],"tintindex":0,"rotation":0,"texture":"#1"},"up":{"uv":[5.75,8.0,5.375,7.625],"tintindex":0,"rotation":0,"texture":"#1"},"down":{"uv":[8.0,5.375,7.625,5.75],"tintindex":0,"rotation":0,"texture":"#1"}},"rotation":{"origin":[8.0,7.0988445,2.6741538],"angle":-22.5,"axis":"x"}},{"from":[5.85,11.828846,10.414154],"to":[10.15,15.268845,12.134153],"faces":{"east":{"uv":[2.875,6.5,3.125,6.875],"tintindex":0,"rotation":0,"texture":"#1"},"south":{"uv":[6.875,7.25,7.375,7.625],"tintindex":0,"rotation":0,"texture":"#1"},"north":{"uv":[7.25,6.625,7.75,7.0],"tintindex":0,"rotation":0,"texture":"#1"},"west":{"uv":[6.25,7.375,6.5,7.75],"tintindex":0,"rotation":0,"texture":"#1"},"up":{"uv":[8.375,1.375,7.875,1.125],"tintindex":0,"rotation":0,"texture":"#1"},"down":{"uv":[8.375,1.375,7.875,1.625],"tintindex":0,"rotation":0,"texture":"#1"}}},{"from":[4.13,7.528845,2.6741538],"to":[11.87,15.268845,10.414154],"faces":{"east":{"uv":[2.875,2.0,3.875,3.0],"tintindex":0,"rotation":0,"texture":"#1"},"south":{"uv":[2.875,3.0,3.875,4.0],"tintindex":0,"rotation":0,"texture":"#1"},"north":{"uv":[2.875,1.0,3.875,2.0],"tintindex":0,"rotation":0,"texture":"#1"},"west":{"uv":[1.75,3.25,2.75,4.25],"tintindex":0,"rotation":0,"texture":"#1"},"up":{"uv":[1.0,4.5,0.0,3.5],"tintindex":0,"rotation":0,"texture":"#1"},"down":{"uv":[4.875,1.0,3.875,2.0],"tintindex":0,"rotation":0,"texture":"#1"}}},{"from":[3.6036067,9.678844,5.3205123],"to":[5.3236065,13.118847,7.9005127],"faces":{"east":{"uv":[7.625,0.375,8.0,0.75],"tintindex":0,"rotation":0,"texture":"#1"},"south":{"uv":[7.875,2.375,8.125,2.75],"tintindex":0,"rotation":0,"texture":"#1"},"north":{"uv":[1.25,7.875,1.5,8.25],"tintindex":0,"rotation":0,"texture":"#1"},"west":{"uv":[7.625,0.75,8.0,1.125],"tintindex":0,"rotation":0,"texture":"#1"},"up":{"uv":[8.125,3.875,7.875,3.5],"tintindex":0,"rotation":0,"texture":"#1"},"down":{"uv":[4.125,7.875,3.875,8.25],"tintindex":0,"rotation":0,"texture":"#1"}},"rotation":{"origin":[4.0336065,11.398846,6.6105127],"angle":-22.5,"axis":"y"}},{"from":[6.71,9.248844,10.414154],"to":[9.29,11.828846,12.134153],"faces":{"east":{"uv":[3.875,7.5,4.125,7.875],"tintindex":0,"rotation":0,"texture":"#1"},"south":{"uv":[7.5,3.5,7.875,3.875],"tintindex":0,"rotation":0,"texture":"#1"},"north":{"uv":[7.5,2.375,7.875,2.75],"tintindex":0,"rotation":0,"texture":"#1"},"west":{"uv":[6.25,7.75,6.5,8.125],"tintindex":0,"rotation":0,"texture":"#1"},"up":{"uv":[4.875,1.0,4.5,0.75],"tintindex":0,"rotation":0,"texture":"#1"},"down":{"uv":[2.25,7.875,1.875,8.125],"tintindex":0,"rotation":0,"texture":"#1"}}}],"display":{"gui":{"rotation":[30,225,0]}}}