{"textures":{"0":"modelengine:entity/viking_axe"},"elements":[{"from":[7.5,6.875001,0.125],"to":[8.5,8.875,20.125],"faces":{"east":{"uv":[0.0,0.0,10.0,1.0],"tintindex":0,"rotation":0,"texture":"#0"},"south":{"uv":[5.5,7.0,6.0,8.0],"tintindex":0,"rotation":0,"texture":"#0"},"north":{"uv":[5.0,7.0,5.5,8.0],"tintindex":0,"rotation":0,"texture":"#0"},"west":{"uv":[0.0,1.0,10.0,2.0],"tintindex":0,"rotation":0,"texture":"#0"},"up":{"uv":[0.5,12.0,0.0,2.0],"tintindex":0,"rotation":0,"texture":"#0"},"down":{"uv":[1.0,2.0,0.5,12.0],"tintindex":0,"rotation":0,"texture":"#0"}}},{"from":[7.5,2.375001,1.125],"to":[8.5,6.375001,5.125],"faces":{"east":{"uv":[1.0,2.0,3.0,4.0],"tintindex":0,"rotation":0,"texture":"#0"},"south":{"uv":[1.5,7.0,2.0,9.0],"tintindex":0,"rotation":0,"texture":"#0"},"north":{"uv":[1.0,7.0,1.5,9.0],"tintindex":0,"rotation":0,"texture":"#0"},"west":{"uv":[3.0,2.0,1.0,4.0],"tintindex":0,"rotation":0,"texture":"#0"},"up":{"uv":[2.5,9.0,2.0,7.0],"tintindex":0,"rotation":0,"texture":"#0"},"down":{"uv":[7.5,2.0,7.0,4.0],"tintindex":0,"rotation":0,"texture":"#0"}}},{"from":[7.0,6.375001,1.125],"to":[9.0,9.375,5.125],"faces":{"east":{"uv":[5.0,2.0,7.0,3.5],"tintindex":0,"rotation":0,"texture":"#0"},"south":{"uv":[6.0,3.5,7.0,5.0],"tintindex":0,"rotation":0,"texture":"#0"},"north":{"uv":[5.0,5.5,6.0,7.0],"tintindex":0,"rotation":0,"texture":"#0"},"west":{"uv":[7.0,2.0,5.0,3.5],"tintindex":0,"rotation":0,"texture":"#0"},"up":{"uv":[4.0,7.5,3.0,5.5],"tintindex":0,"rotation":0,"texture":"#0"},"down":{"uv":[5.0,5.5,4.0,7.5],"tintindex":0,"rotation":0,"texture":"#0"}}},{"from":[7.5,2.375001,5.125],"to":[8.5,5.375001,10.125],"faces":{"east":{"uv":[1.0,4.0,3.5,5.5],"tintindex":0,"rotation":0,"texture":"#0"},"south":{"uv":[7.0,4.0,7.5,5.5],"tintindex":0,"rotation":0,"texture":"#0"},"north":{"uv":[2.5,7.0,3.0,8.5],"tintindex":0,"rotation":0,"texture":"#0"},"west":{"uv":[3.5,4.0,6.0,5.5],"tintindex":0,"rotation":0,"texture":"#0"},"up":{"uv":[6.5,7.5,6.0,5.0],"tintindex":0,"rotation":0,"texture":"#0"},"down":{"uv":[7.0,5.0,6.5,7.5],"tintindex":0,"rotation":0,"texture":"#0"}}}],"display":{"gui":{"rotation":[30,225,0]}}}