{"textures":{"1":"modelengine:entity/viking_1"},"elements":[{"from":[7.0,7.0,7.0],"to":[9.0,9.0,9.0],"faces":{"east":{"uv":[11.25,1.3125,11.5,1.5625],"tintindex":0,"rotation":0,"texture":"#1"},"south":{"uv":[11.25,1.3125,11.5,1.5625],"tintindex":0,"rotation":0,"texture":"#1"},"north":{"uv":[11.25,1.3125,11.5,1.5625],"tintindex":0,"rotation":0,"texture":"#1"},"west":{"uv":[11.25,1.3125,11.5,1.5625],"tintindex":0,"rotation":0,"texture":"#1"},"up":{"uv":[11.25,1.3125,11.5,1.5625],"tintindex":0,"rotation":0,"texture":"#1"},"down":{"uv":[11.25,1.3125,11.5,1.5625],"tintindex":0,"rotation":0,"texture":"#1"}}}],"display":{"gui":{"rotation":[30,225,0]}}}