{"textures":{"1":"modelengine:entity/viking_1"},"elements":[{"from":[5.0600004,0.5099964,5.4062715],"to":[9.36,9.969996,10.566271],"faces":{"east":{"uv":[4.625,3.5,5.25,4.625],"tintindex":0,"rotation":0,"texture":"#1"},"south":{"uv":[5.125,4.625,5.625,5.75],"tintindex":0,"rotation":0,"texture":"#1"},"north":{"uv":[5.125,1.875,5.625,3.0],"tintindex":0,"rotation":0,"texture":"#1"},"west":{"uv":[3.875,4.625,4.5,5.75],"tintindex":0,"rotation":0,"texture":"#1"},"up":{"uv":[6.875,3.125,6.375,2.5],"tintindex":0,"rotation":0,"texture":"#1"},"down":{"uv":[6.875,4.375,6.375,5.0],"tintindex":0,"rotation":0,"texture":"#1"}}}],"display":{"gui":{"rotation":[30,225,0]}}}