{"textures":{"1":"modelengine:entity/viking_1"},"elements":[{"from":[3.7317119,4.4508533,4.726271],"to":[8.031712,9.610853,10.746271],"faces":{"east":{"uv":[5.625,1.75,6.375,2.375],"tintindex":0,"rotation":0,"texture":"#1"},"south":{"uv":[5.125,6.375,5.625,7.0],"tintindex":0,"rotation":0,"texture":"#1"},"north":{"uv":[6.375,5.0,6.875,5.625],"tintindex":0,"rotation":0,"texture":"#1"},"west":{"uv":[5.625,2.375,6.375,3.0],"tintindex":0,"rotation":0,"texture":"#1"},"up":{"uv":[1.5,7.0,1.0,6.25],"tintindex":0,"rotation":0,"texture":"#1"},"down":{"uv":[2.0,6.25,1.5,7.0],"tintindex":0,"rotation":0,"texture":"#1"}}},{"from":[4.5917115,1.0108547,5.1562715],"to":[8.031712,4.4508533,10.316271],"faces":{"east":{"uv":[6.625,6.875,7.25,7.25],"tintindex":0,"rotation":0,"texture":"#1"},"south":{"uv":[2.25,7.75,2.625,8.125],"tintindex":0,"rotation":0,"texture":"#1"},"north":{"uv":[0.375,7.75,0.75,8.125],"tintindex":0,"rotation":0,"texture":"#1"},"west":{"uv":[0.875,7.0,1.5,7.375],"tintindex":0,"rotation":0,"texture":"#1"},"up":{"uv":[3.875,7.125,3.5,6.5],"tintindex":0,"rotation":0,"texture":"#1"},"down":{"uv":[1.875,7.0,1.5,7.625],"tintindex":0,"rotation":0,"texture":"#1"}}}],"display":{"gui":{"rotation":[30,225,0]}}}