{"textures":{"1":"modelengine:entity/viking_1"},"elements":[{"from":[6.2799997,0.26283312,7.1762714],"to":[9.72,2.8428335,8.036271],"faces":{"east":{"uv":[0.875,6.375,1.0,6.75],"tintindex":0,"rotation":0,"texture":"#1"},"south":{"uv":[6.875,7.625,7.25,8.0],"tintindex":0,"rotation":0,"texture":"#1"},"north":{"uv":[7.625,5.75,8.0,6.125],"tintindex":0,"rotation":0,"texture":"#1"},"west":{"uv":[4.625,6.75,4.75,7.125],"tintindex":0,"rotation":0,"texture":"#1"},"up":{"uv":[6.625,0.5,6.25,0.375],"tintindex":0,"rotation":0,"texture":"#1"},"down":{"uv":[6.625,3.375,6.25,3.5],"tintindex":0,"rotation":0,"texture":"#1"}}},{"from":[6.2799997,0.26283312,8.036271],"to":[9.72,8.002833,12.336271],"faces":{"east":{"uv":[1.0,5.25,1.5,6.25],"tintindex":0,"rotation":0,"texture":"#1"},"south":{"uv":[4.75,6.125,5.125,7.125],"tintindex":0,"rotation":0,"texture":"#1"},"north":{"uv":[3.125,5.875,3.5,6.875],"tintindex":0,"rotation":0,"texture":"#1"},"west":{"uv":[1.5,5.25,2.0,6.25],"tintindex":0,"rotation":0,"texture":"#1"},"up":{"uv":[0.375,7.875,0.0,7.375],"tintindex":0,"rotation":0,"texture":"#1"},"down":{"uv":[1.125,7.375,0.75,7.875],"tintindex":0,"rotation":0,"texture":"#1"}}}],"display":{"gui":{"rotation":[30,225,0]}}}