{"textures":{"1":"modelengine:entity/viking_1"},"elements":[{"from":[7.14,0.22999763,3.2562714],"to":[10.58,3.6699972,8.416271],"faces":{"east":{"uv":[7.0,5.5,7.625,5.875],"tintindex":0,"rotation":0,"texture":"#1"},"south":{"uv":[7.75,3.125,8.125,3.5],"tintindex":0,"rotation":0,"texture":"#1"},"north":{"uv":[7.75,2.75,8.125,3.125],"tintindex":0,"rotation":0,"texture":"#1"},"west":{"uv":[5.875,7.0,6.5,7.375],"tintindex":0,"rotation":0,"texture":"#1"},"up":{"uv":[0.75,7.75,0.375,7.125],"tintindex":0,"rotation":0,"texture":"#1"},"down":{"uv":[2.75,7.125,2.375,7.75],"tintindex":0,"rotation":0,"texture":"#1"}},"rotation":{"origin":[8.86,1.9499979,5.8362713],"angle":22.5,"axis":"z"}},{"from":[6.6127114,2.8808546,3.6862717],"to":[9.192711,8.040855,7.9862714],"faces":{"east":{"uv":[5.625,6.375,6.125,7.0],"tintindex":0,"rotation":0,"texture":"#1"},"south":{"uv":[5.5,7.0,5.875,7.625],"tintindex":0,"rotation":0,"texture":"#1"},"north":{"uv":[5.125,7.0,5.5,7.625],"tintindex":0,"rotation":0,"texture":"#1"},"west":{"uv":[6.125,6.375,6.625,7.0],"tintindex":0,"rotation":0,"texture":"#1"},"up":{"uv":[1.5,7.875,1.125,7.375],"tintindex":0,"rotation":0,"texture":"#1"},"down":{"uv":[7.75,3.0,7.375,3.5],"tintindex":0,"rotation":0,"texture":"#1"}}}],"display":{"gui":{"rotation":[30,225,0]}}}