{"textures":{"1":"modelengine:entity/viking_1"},"elements":[{"from":[6.2799997,0.26283312,8.036271],"to":[9.72,8.002833,12.336271],"faces":{"east":{"uv":[2.0,5.25,2.5,6.25],"tintindex":0,"rotation":0,"texture":"#1"},"south":{"uv":[0.0,6.375,0.375,7.375],"tintindex":0,"rotation":0,"texture":"#1"},"north":{"uv":[2.0,6.25,2.375,7.25],"tintindex":0,"rotation":0,"texture":"#1"},"west":{"uv":[5.25,3.5,5.75,4.5],"tintindex":0,"rotation":0,"texture":"#1"},"up":{"uv":[4.5,7.875,4.125,7.375],"tintindex":0,"rotation":0,"texture":"#1"},"down":{"uv":[6.25,7.375,5.875,7.875],"tintindex":0,"rotation":0,"texture":"#1"}}},{"from":[6.2799997,0.26283312,7.1762714],"to":[9.72,2.8428335,8.036271],"faces":{"east":{"uv":[5.0,7.125,5.125,7.5],"tintindex":0,"rotation":0,"texture":"#1"},"south":{"uv":[7.75,6.5,8.125,6.875],"tintindex":0,"rotation":0,"texture":"#1"},"north":{"uv":[7.75,6.125,8.125,6.5],"tintindex":0,"rotation":0,"texture":"#1"},"west":{"uv":[2.25,7.25,2.375,7.625],"tintindex":0,"rotation":0,"texture":"#1"},"up":{"uv":[7.0,3.5,6.625,3.375],"tintindex":0,"rotation":0,"texture":"#1"},"down":{"uv":[7.25,3.0,6.875,3.125],"tintindex":0,"rotation":0,"texture":"#1"}}}],"display":{"gui":{"rotation":[30,225,0]}}}