{"textures":{"1":"modelengine:entity/viking_1"},"elements":[{"from":[7.968288,4.4508533,4.726271],"to":[12.268288,9.610853,10.746271],"faces":{"east":{"uv":[5.625,4.5,6.375,5.125],"tintindex":0,"rotation":0,"texture":"#1"},"south":{"uv":[6.75,0.375,7.25,1.0],"tintindex":0,"rotation":0,"texture":"#1"},"north":{"uv":[6.625,6.25,7.125,6.875],"tintindex":0,"rotation":0,"texture":"#1"},"west":{"uv":[5.625,5.125,6.375,5.75],"tintindex":0,"rotation":0,"texture":"#1"},"up":{"uv":[0.875,7.125,0.375,6.375],"tintindex":0,"rotation":0,"texture":"#1"},"down":{"uv":[6.875,1.75,6.375,2.5],"tintindex":0,"rotation":0,"texture":"#1"}}},{"from":[7.968288,1.0108547,5.1562715],"to":[11.408289,4.4508533,10.316271],"faces":{"east":{"uv":[7.0,5.875,7.625,6.25],"tintindex":0,"rotation":0,"texture":"#1"},"south":{"uv":[7.75,7.25,8.125,7.625],"tintindex":0,"rotation":0,"texture":"#1"},"north":{"uv":[7.75,6.875,8.125,7.25],"tintindex":0,"rotation":0,"texture":"#1"},"west":{"uv":[7.125,6.25,7.75,6.625],"tintindex":0,"rotation":0,"texture":"#1"},"up":{"uv":[3.875,7.75,3.5,7.125],"tintindex":0,"rotation":0,"texture":"#1"},"down":{"uv":[5.0,7.125,4.625,7.75],"tintindex":0,"rotation":0,"texture":"#1"}}}],"display":{"gui":{"rotation":[30,225,0]}}}