{"textures":{"1":"modelengine:entity/viking_1"},"elements":[{"from":[5.42,0.22999763,3.2562714],"to":[8.860001,3.6699972,8.416271],"faces":{"east":{"uv":[7.25,1.25,7.875,1.625],"tintindex":0,"rotation":0,"texture":"#1"},"south":{"uv":[0.0,7.875,0.375,8.25],"tintindex":0,"rotation":0,"texture":"#1"},"north":{"uv":[7.75,7.625,8.125,8.0],"tintindex":0,"rotation":0,"texture":"#1"},"west":{"uv":[2.75,7.25,3.375,7.625],"tintindex":0,"rotation":0,"texture":"#1"},"up":{"uv":[2.25,7.875,1.875,7.25],"tintindex":0,"rotation":0,"texture":"#1"},"down":{"uv":[6.875,7.25,6.5,7.875],"tintindex":0,"rotation":0,"texture":"#1"}},"rotation":{"origin":[7.1400003,1.9499979,5.8362713],"angle":-22.5,"axis":"z"}},{"from":[6.8072886,2.8808546,3.6862717],"to":[9.387289,8.040855,7.9862714],"faces":{"east":{"uv":[6.75,1.0,7.25,1.625],"tintindex":0,"rotation":0,"texture":"#1"},"south":{"uv":[7.25,0.625,7.625,1.25],"tintindex":0,"rotation":0,"texture":"#1"},"north":{"uv":[7.25,0.0,7.625,0.625],"tintindex":0,"rotation":0,"texture":"#1"},"west":{"uv":[4.125,6.75,4.625,7.375],"tintindex":0,"rotation":0,"texture":"#1"},"up":{"uv":[7.75,7.5,7.375,7.0],"tintindex":0,"rotation":0,"texture":"#1"},"down":{"uv":[7.875,1.875,7.5,2.375],"tintindex":0,"rotation":0,"texture":"#1"}}}],"display":{"gui":{"rotation":[30,225,0]}}}