{"textures":{"1":"modelengine:entity/viking_1"},"elements":[{"from":[6.64,0.5099964,5.4062715],"to":[10.94,9.969996,10.566271],"faces":{"east":{"uv":[4.5,4.625,5.125,5.75],"tintindex":0,"rotation":0,"texture":"#1"},"south":{"uv":[0.5,5.25,1.0,6.375],"tintindex":0,"rotation":0,"texture":"#1"},"north":{"uv":[0.0,5.25,0.5,6.375],"tintindex":0,"rotation":0,"texture":"#1"},"west":{"uv":[2.5,4.75,3.125,5.875],"tintindex":0,"rotation":0,"texture":"#1"},"up":{"uv":[2.875,7.125,2.375,6.5],"tintindex":0,"rotation":0,"texture":"#1"},"down":{"uv":[7.0,5.625,6.5,6.25],"tintindex":0,"rotation":0,"texture":"#1"}}}],"display":{"gui":{"rotation":[30,225,0]}}}